"ID",Product Code,Product Name,Sub Category ID,HSN Code,Part / Group,Description,Purchase Price,Retail Sale Price,Discount %,CGST %,SGST %,CESS %,Wholesale Price,Purchase Unit,Sales Unit,Sales Alter Unit,Conversion Value,Minimum Stock,MRP,Godown,Rack,Opening Qty,Batch,Mfg Date,Exp Date,Size,Colour,Barcode,Default Sale Qty,IMEI-1,IMEI-2
1492,P-1492, BC -99 T SHIRT 1150,7,,,,150.00,315.00,20.00,0.00,0.00,0.00,160.00,NOS,NOS,NOS,1,0.000,450.00,,,0.000,,,,,,4051,1,,
191,P-0191, R.R. GABA,20,gbb,,,465.00,640.00,20.00,0.00,0.00,0.00,399.00,NOS,NOS,NOS,1,0.000,800.00,Boy's counter,,3.000,,,,,,1415,1,,
191,P-0191, R.R. GABA,20,gbb,,,465.00,640.00,20.00,0.00,0.00,0.00,399.00,NOS,NOS,NOS,1,0.000,800.00,Boy's counter,,1.000,,,,,,1416,1,,
191,P-0191, R.R. GABA,20,gbb,,,465.00,640.00,20.00,0.00,0.00,0.00,399.00,NOS,NOS,NOS,1,0.000,800.00,Boy's counter,,1.000,,,,,,1417,1,,
1389,P-1389,3509,13,,,,335.00,588.00,20.00,0.00,0.00,0.00,399.00,NOS,NOS,NOS,1,0.000,1005.00,,,0.000,,,,,,3845,1,,
1388,P-1388,3511,13,,,,335.00,588.00,20.00,0.00,0.00,0.00,339.00,NOS,NOS,NOS,1,0.000,1005.00,,,0.000,,,,,,3844,1,,
1390,P-1390,4538,13,,,,385.00,675.00,20.00,0.00,0.00,0.00,399.00,NOS,NOS,NOS,1,0.000,1155.00,,,0.000,,,,,,3846,1,,
1391,P-1391,4541,13,,,,385.00,675.00,20.00,0.00,0.00,0.00,399.00,NOS,NOS,NOS,1,0.000,1155.00,,,0.000,,,,,,3847,1,,
1392,P-1392,6525,5,,,,485.00,850.00,20.00,0.00,0.00,0.00,499.00,NOS,NOS,NOS,1,0.000,1455.00,,,0.000,,,,,,3848,1,,
1393,P-1393,6527,13,,,,485.00,850.00,20.00,0.00,0.00,0.00,499.00,NOS,NOS,NOS,1,0.000,1455.00,,,0.000,,,,,,3849,1,,
3276,P-3276,A first 1279,33,,,,279.00,488.00,20.00,0.00,0.00,0.00,299.00,NOS,NOS,NOS,1,0.000,837.00,,,0.000,,,,,,5943,1,,
3163,P-3163,A first 1351,60,,,,351.00,600.00,20.00,0.00,0.00,0.00,399.00,NOS,NOS,NOS,1,0.000,1053.00,,,0.000,,,,,,5824,1,,
3161,P-3161,A first 1370,60,,,,370.00,650.00,20.00,0.00,0.00,0.00,399.00,NOS,NOS,NOS,1,0.000,1110.00,,,0.000,,,,,,5822,1,,
3162,P-3162,A first 1374,60,,,,374.00,650.00,20.00,0.00,0.00,0.00,399.00,NOS,NOS,NOS,1,0.000,1122.00,,,0.000,,,,,,5823,1,,
900,P-0900,A first 1376,20,,,,405.00,520.00,20.00,0.00,0.00,0.00,450.00,NOS,NOS,NOS,1,0.000,650.00,,,0.000,,,,,,3349,1,,
901,P-0901,A first 1401,20,,,,401.00,520.00,20.00,0.00,0.00,0.00,450.00,NOS,NOS,NOS,1,0.000,650.00,,,0.000,,,,,,3350,1,,
155,P-0155,A first 14050 1350,20,gbb,,,350.00,480.00,0.00,0.00,0.00,0.00,399.00,NOS,NOS,NOS,1,0.000,600.00,Boy's counter,,1.000,,,,,,1296,1,,
902,P-0902,A first 1419,20,,,,419.00,580.00,20.00,0.00,0.00,0.00,450.00,NOS,NOS,NOS,1,0.000,725.00,,,0.000,,,,,,3351,1,,
879,P-0879,A first 1454,33,,,,454.00,630.00,20.00,0.00,0.00,0.00,500.00,NOS,NOS,NOS,1,0.000,788.00,,,0.000,,,,,,3328,1,,
969,P-0969,A- First 1460,20,,,,460.00,630.00,0.00,0.00,0.00,0.00,499.00,NOS,NOS,NOS,1,0.000,788.00,,,0.000,,,,,,3419,1,,
2128,P-2128,A first 1490,33,,,,490.00,838.00,20.00,0.00,0.00,0.00,499.00,NOS,NOS,NOS,1,0.000,1470.00,,,0.000,,,,,,4713,1,,
156,P-0156,A first 5002 1392,20,gbb,,,392.00,540.00,20.00,0.00,0.00,0.00,399.00,NOS,NOS,NOS,1,0.000,675.00,Boy's counter,,1.000,,,,,,1297,1,,
157,P-0157,A first 5003 1450,20,gbb,,,450.00,620.00,0.00,0.00,0.00,0.00,499.00,NOS,NOS,NOS,1,0.000,775.00,Boy's counter,,1.000,,,,,,1298,1,,
3360,P-3360,A star 1165,60,,,,165.00,288.00,20.00,0.00,0.00,0.00,199.00,NOS,NOS,NOS,1,0.000,495.00,,,0.000,,,,,,6040,1,,
2418,P-2418,A.N.S 1240,20,,,,240.00,425.00,20.00,0.00,0.00,0.00,299.00,NOS,NOS,NOS,1,0.000,720.00,,,0.000,,,,,,5004,1,,
199,P-0199,AARKY'S Collection 36190 1934,45,gbb,,,935.00,1280.00,0.00,0.00,0.00,0.00,799.00,NOS,NOS,NOS,1,0.000,1600.00,,,1.000,,,,,,1482,1,,
3266,P-3266,Act love 1302,16,,,,302.00,525.00,20.00,0.00,0.00,0.00,399.00,NOS,NOS,NOS,1,0.000,909.00,,,0.000,,,,,,5933,1,,
1401,P-1401,Actique 1236,7,,,,236.00,425.00,20.00,0.00,0.00,0.00,299.00,NOS,NOS,NOS,1,0.000,708.00,,,0.000,,,,,,3857,1,,
2272,P-2272,Actique 1241,20,,,,241.00,415.00,20.00,0.00,0.00,0.00,275.00,NOS,NOS,NOS,1,0.000,723.00,,,0.000,,,,,,4857,1,,
2377,P-2377,Actique 1270,7,,,,270.00,475.00,20.00,0.00,0.00,0.00,299.00,NOS,NOS,NOS,1,0.000,810.00,,,0.000,,,,,,4964,1,,
2361,P-2361,Actique 1302,7,,,,302.00,525.00,20.00,0.00,0.00,0.00,398.00,NOS,NOS,NOS,1,0.000,906.00,,,0.000,,,,,,4948,1,,
2349,P-2349,Actique 1386,7,,,,386.00,675.00,20.00,0.00,0.00,0.00,399.00,NOS,NOS,NOS,1,0.000,1158.00,,,0.000,,,,,,4936,1,,
1983,P-1983,Actique 1431,16,,,,431.00,750.00,20.00,0.00,0.00,0.00,499.00,NOS,NOS,NOS,1,0.000,1293.00,,,0.000,,,,,,4549,1,,
1986,P-1986,Actique 1454,16,,,,454.00,775.00,20.00,0.00,0.00,0.00,499.00,NOS,NOS,NOS,1,0.000,1362.00,,,0.000,,,,,,4552,1,,
1484,P-1484,ACTIQUE T SHIRT 1316,7,,,,316.00,575.00,20.00,0.00,0.00,0.00,320.00,NOS,NOS,NOS,1,0.000,948.00,,,0.000,,,,,,4043,1,,
1496,P-1496,ACTIQUE Trouser 1360,4,,,,360.00,650.00,20.00,0.00,0.00,0.00,399.00,NOS,NOS,NOS,1,0.000,1080.00,,,0.000,,,,,,4055,1,,
2391,P-2391,ADAM'S 1248,4,,,,248.00,425.00,20.00,0.00,0.00,0.00,299.00,NOS,NOS,NOS,1,0.000,744.00,,,0.000,,,,,,4978,1,,
1037,P-1037,adams 1275,4,,,,275.00,380.00,20.00,0.00,0.00,0.00,299.00,NOS,NOS,NOS,1,0.000,475.00,,,0.000,,,,,,3487,1,,
2392,P-2392,ADAM'S 1297,4,,,,297.00,525.00,20.00,0.00,0.00,0.00,299.00,NOS,NOS,NOS,1,0.000,891.00,,,0.000,,,,,,4979,1,,
2374,P-2374,Adams 1358,7,,,,358.00,625.00,20.00,0.00,0.00,0.00,399.00,NOS,NOS,NOS,1,0.000,1074.00,,,0.000,,,,,,4961,1,,
1038,P-1038,Adams 1396,4,,,,396.00,550.00,20.00,0.00,0.00,0.00,399.00,NOS,NOS,NOS,1,0.000,688.00,,,0.000,,,,,,3488,1,,
267,P-0267,Addy fine brif,57,,,,80.90,120.00,0.00,2.50,2.50,0.00,115.00,NOS,NOS,NOS,1,0.000,150.00,,,0.000,,,,75,,Addyfinebrif75,1,,
267,P-0267,Addy fine brif,57,,,,80.90,120.00,0.00,2.50,2.50,0.00,115.00,NOS,NOS,NOS,1,0.000,150.00,,,0.000,,,,80,,Addyfinebrif80,1,,
267,P-0267,Addy fine brif,57,,,,80.90,120.00,0.00,2.50,2.50,0.00,115.00,NOS,NOS,NOS,1,0.000,150.00,,,6.000,,,,85,,Addyfinebrif85,1,,
267,P-0267,Addy fine brif,57,,,,80.90,120.00,0.00,2.50,2.50,0.00,115.00,NOS,NOS,NOS,1,0.000,150.00,,,0.000,,,,90,,Addyfinebrif90,1,,
267,P-0267,Addy fine brif,57,,,,80.90,120.00,0.00,2.50,2.50,0.00,115.00,NOS,NOS,NOS,1,0.000,150.00,,,0.000,,,,95,,Addyfinebrif95,1,,
267,P-0267,Addy fine brif,57,,,,80.90,120.00,0.00,2.50,2.50,0.00,115.00,NOS,NOS,NOS,1,0.000,150.00,,,0.000,,,,100,,Addyfinebrif100,1,,
266,P-0266,Addy mini trunk,57,,,,93.90,120.00,0.00,2.50,2.50,0.00,110.00,NOS,NOS,NOS,1,0.000,150.00,,,0.000,,,,75,,1795,1,,
266,P-0266,Addy mini trunk,57,,,,93.90,120.00,0.00,2.50,2.50,0.00,110.00,NOS,NOS,NOS,1,0.000,150.00,,,0.000,,,,80,,1796,1,,
266,P-0266,Addy mini trunk,57,,,,93.90,120.00,0.00,2.50,2.50,0.00,110.00,NOS,NOS,NOS,1,0.000,150.00,,,7.000,,,,85,,1797,1,,
266,P-0266,Addy mini trunk,57,,,,93.90,120.00,0.00,2.50,2.50,0.00,110.00,NOS,NOS,NOS,1,0.000,150.00,,,9.000,,,,90,,1798,1,,
266,P-0266,Addy mini trunk,57,,,,93.90,120.00,0.00,2.50,2.50,0.00,110.00,NOS,NOS,NOS,1,0.000,150.00,,,0.000,,,,95,,1799,1,,
266,P-0266,Addy mini trunk,57,,,,93.90,120.00,0.00,2.50,2.50,0.00,110.00,NOS,NOS,NOS,1,0.000,150.00,,,0.000,,,,100,,1800,1,,
747,P-0747,adidas jacket 1550,10,,,,550.00,800.00,20.00,0.00,0.00,0.00,599.00,NOS,NOS,NOS,1,0.000,999.00,,,0.000,,,,,,3152,1,,
653,P-0653,Adidas Socks,93,,,,68.00,180.00,0.00,0.00,0.00,0.00,25.00,NOS,NOS,NOS,1,0.000,225.00,,,0.000,,,,,,4650267461128,1,,
753,P-0753,AJ jeans 1390,5,,,,390.00,500.00,20.00,0.00,0.00,0.00,399.00,NOS,NOS,NOS,1,0.000,625.00,,,0.000,,,,,,3158,1,,
1471,P-1471,Aliza 211759S 1725,133,,,,725.00,1250.00,20.00,0.00,0.00,0.00,799.00,NOS,NOS,NOS,1,0.000,2175.00,,,0.000,,,,,,4033,1,,
2176,P-2176,Alliance 1093,7,,,,93.00,188.00,20.00,0.00,0.00,0.00,100.00,NOS,NOS,NOS,1,0.000,279.00,,,0.000,,,,,,4761,1,,
2177,P-2177,Alliance 1098,7,,,,98.00,188.00,20.00,0.00,0.00,0.00,100.00,NOS,NOS,NOS,1,0.000,294.00,,,0.000,,,,,,4762,1,,
2414,P-2414,Alliance 1100,7,,,,100.00,175.00,20.00,0.00,0.00,0.00,129.00,NOS,NOS,NOS,1,0.000,300.00,,,0.000,,,,,,5001,1,,
2178,P-2178,Alliance 1103,7,,,,103.00,188.00,20.00,0.00,0.00,0.00,100.00,NOS,NOS,NOS,1,0.000,309.00,,,0.000,,,,,,4763,1,,
3182,P-3182,Alliance 1104,7,,,,104.00,188.00,20.00,0.00,0.00,0.00,129.00,NOS,NOS,NOS,1,0.000,312.00,,,0.000,,,,,,5843,1,,
1020,P-1020,Alliance 1105,16,,,,105.00,188.00,20.00,0.00,0.00,0.00,109.00,NOS,NOS,NOS,1,0.000,315.00,,,0.000,,,,,,3470,1,,
2179,P-2179,Alliance 1108,7,,,,108.00,225.00,20.00,0.00,0.00,0.00,120.00,NOS,NOS,NOS,1,0.000,324.00,,,0.000,,,,,,4764,1,,
2647,P-2647,Alliance 1110,7,,,,110.00,188.00,20.00,0.00,0.00,0.00,159.00,NOS,NOS,NOS,1,0.000,330.00,,,0.000,,,,,,5234,1,,
3186,P-3186,Alliance 1112,7,,,,112.00,225.00,20.00,0.00,0.00,0.00,149.00,NOS,NOS,NOS,1,0.000,336.00,,,0.000,,,,,,5848,1,,
2180,P-2180,Alliance 1113,7,,,,113.00,225.00,20.00,0.00,0.00,0.00,120.00,NOS,NOS,NOS,1,0.000,339.00,,,0.000,,,,,,4765,1,,
3523,P-3523,Alliance 1116,7,,,,116.00,200.00,20.00,0.00,0.00,0.00,159.00,NOS,NOS,NOS,1,0.000,348.00,,,0.000,,,,,,6206,1,,
3184,P-3184,Alliance 1118,7,,,,118.00,225.00,20.00,0.00,0.00,0.00,149.00,NOS,NOS,NOS,1,0.000,354.00,,,0.000,,,,,,5846,1,,
1024,P-1024,Alliance 1120,16,,,,120.00,180.00,20.00,0.00,0.00,0.00,149.00,NOS,NOS,NOS,1,0.000,225.00,,,0.000,,,,,,3474,1,,
3185,P-3185,Alliance 1124,7,,,,124.00,225.00,20.00,0.00,0.00,0.00,149.00,NOS,NOS,NOS,1,0.000,372.00,,,0.000,,,,,,5847,1,,
3183,P-3183,Alliance 1130,7,,,,130.00,250.00,20.00,0.00,0.00,0.00,149.00,NOS,NOS,NOS,1,0.000,390.00,,,0.000,,,,,,5844,1,,
2653,P-2653,Alliance 1140,7,,,,140.00,250.00,20.00,0.00,0.00,0.00,199.00,NOS,NOS,NOS,1,0.000,420.00,,,0.000,,,,,,5242,1,,
2408,P-2408,Alliance 1160,4,,,,160.00,275.00,20.00,0.00,0.00,0.00,199.00,NOS,NOS,NOS,1,0.000,480.00,,,0.000,,,,,,4995,1,,
2413,P-2413,Alliance 1180,7,,,,180.00,350.00,20.00,0.00,0.00,0.00,199.00,NOS,NOS,NOS,1,0.000,540.00,,,0.000,,,,,,41000,1,,
3187,P-3187,Alliance 1193,7,,,,193.00,350.00,20.00,0.00,0.00,0.00,199.00,NOS,NOS,NOS,1,0.000,579.00,,,0.000,,,,,,5849,1,,
2654,P-2654,Alliance 1195,7,,,,195.00,350.00,20.00,0.00,0.00,0.00,199.00,NOS,NOS,NOS,1,0.000,585.00,,,0.000,,,,,,5243,1,,
3190,P-3190,Alliance 1198,7,,,,198.00,350.00,20.00,0.00,0.00,0.00,299.00,NOS,NOS,NOS,1,0.000,594.00,,,0.000,,,,,,5852,1,,
2347,P-2347,Alliance 1200,7,,,,200.00,350.00,20.00,0.00,0.00,0.00,259.00,NOS,NOS,NOS,1,0.000,600.00,,,0.000,,,,,,4934,1,,
3188,P-3188,Alliance 1204,7,,,,204.00,350.00,20.00,0.00,0.00,0.00,259.00,NOS,NOS,NOS,1,0.000,612.00,,,0.000,,,,,,5850,1,,
3189,P-3189,Alliance 1209,7,,,,209.00,375.00,20.00,0.00,0.00,0.00,259.00,NOS,NOS,NOS,1,0.000,627.00,,,0.000,,,,,,5851,1,,
3567,P-3567,Alliance 1210,4,,,,210.00,375.00,20.00,0.00,0.00,0.00,299.00,NOS,NOS,NOS,1,0.000,630.00,,,0.000,,,,,,6251,1,,
2646,P-2646,Alliance 1215,7,,,,215.00,375.00,20.00,0.00,0.00,0.00,299.00,NOS,NOS,NOS,1,0.000,645.00,,,0.000,,,,,,5233,1,,
600,P-0600,Alliance 1230,68,,,,230.00,320.00,20.00,0.00,0.00,0.00,299.00,NOS,NOS,NOS,1,0.000,400.00,,,0.000,,,,,,2669,1,,
2268,P-2268,Alliance 1235,20,,,,235.00,400.00,20.00,0.00,0.00,0.00,275.00,NOS,NOS,NOS,1,0.000,705.00,,,0.000,,,,,,4853,1,,
3593,P-3593,Alliance 1237,7,,,,237.00,425.00,20.00,0.00,0.00,0.00,269.00,NOS,NOS,NOS,1,0.000,711.00,,,0.000,,,,,,6277,1,,
601,P-0601,Alliance 1240,68,,,,240.00,340.00,20.00,0.00,0.00,0.00,299.00,NOS,NOS,NOS,1,0.000,425.00,,,0.000,,,,,,2670,1,,
598,P-0598,Alliance 1250,68,,,,250.00,340.00,20.00,0.00,0.00,0.00,299.00,NOS,NOS,NOS,1,0.000,425.00,,,0.000,,,,,,2667,1,,
599,P-0599,Alliance 1260,68,,,,260.00,360.00,20.00,0.00,0.00,0.00,299.00,NOS,NOS,NOS,1,0.000,450.00,,,0.000,,,,,,2668,1,,
67,P-0067,Alliance GB1165,7,,,,165.00,260.00,20.00,0.00,0.00,0.00,200.00,NOS,NOS,NOS,1,1.000,325.00,MENS COUNTER,,9.000,,,,,,1151,1,,
27,P-0027,Alliance lwr p5 1230,4,,GB,,230.00,340.00,20.00,0.00,0.00,0.00,250.00,NOS,NOS,NOS,1,1.000,425.00,MEN'S COUNTER,CC2-1,0.000,,,,,,1063,1,,
28,P-0028,Alliance lwr p5 1230,4,,GB,,230.00,340.00,0.00,0.00,0.00,0.00,250.00,NOS,NOS,NOS,1,1.000,425.00,MEN'S COUNTER,CC2-1,0.000,,,,,,1064,1,,
3219,P-3219,Alliance plues 1132,16,,,,132.00,250.00,20.00,0.00,0.00,0.00,199.00,NOS,NOS,NOS,1,0.000,396.00,,,0.000,,,,,,5880,1,,
3261,P-3261,Alliance Plus 1143,18,,,,143.00,250.00,20.00,0.00,0.00,0.00,179.00,NOS,NOS,NOS,1,0.000,426.00,,,0.000,,,,,,5928,1,,
2631,P-2631,Alxnder 1415,7,,,,415.00,725.00,20.00,0.00,0.00,0.00,499.00,NOS,NOS,NOS,1,0.000,1245.00,,,0.000,,,,,,5219,1,,
1898,P-1898,Aman 1258,87,,,,258.00,440.00,20.00,0.00,0.00,0.00,299.00,NOS,NOS,NOS,1,0.000,774.00,,,0.000,,,,,,4457,1,,
1897,P-1897,Aman 1315,87,,,,315.00,550.00,20.00,0.00,0.00,0.00,399.00,NOS,NOS,NOS,1,0.000,945.00,,,0.000,,,,,,4456,1,,
2963,P-2963,Amelky jeans 1280,24,,,,280.00,375.00,20.00,0.00,0.00,0.00,2289.00,NOS,NOS,NOS,1,0.000,600.00,,,0.000,,,,,,5581,1,,
2080,P-2080,Amelky jeans 1350,22,,,,350.00,600.00,20.00,0.00,0.00,0.00,399.00,NOS,NOS,NOS,1,0.000,1050.00,,,0.000,,,,,,4602,1,,
2324,P-2324,Amelky jeans 1360,29,,,,360.00,625.00,20.00,0.00,0.00,0.00,400.00,NOS,NOS,NOS,1,0.000,1080.00,,,0.000,,,,,,4920,1,,
2325,P-2325,Amelky jeans 1390,29,,,,390.00,688.00,20.00,0.00,0.00,0.00,400.00,NOS,NOS,NOS,1,0.000,1170.00,,,0.000,,,,,,4919,1,,
2962,P-2962,Amelky jeans 1400,24,,,,400.00,725.00,200.00,0.00,0.00,0.00,499.00,NOS,NOS,NOS,1,0.000,1200.00,,,0.000,,,,,,5584,1,,
3044,P-3044,amelky jeans 1430,22,,,,430.00,750.00,20.00,0.00,0.00,0.00,499.00,NOS,NOS,NOS,1,0.000,1290.00,,,0.000,,,,,,5698,1,,
3043,P-3043,Amelky jeans 1435,22,,,,435.00,750.00,20.00,0.00,0.00,0.00,499.00,NOS,NOS,NOS,1,0.000,1305.00,,,0.000,,,,,,5699,1,,
3045,P-3045,amelky jeans 1475,22,,,,475.00,950.00,20.00,0.00,0.00,0.00,499.00,NOS,NOS,NOS,1,0.000,1425.00,,,0.000,,,,,,5697,1,,
3480,P-3480,amelky jeans 1539.46,22,,,,539.00,925.00,20.00,0.00,0.00,0.00,599.00,NOS,NOS,NOS,1,0.000,1618.38,,,0.000,,,,,,6161,1,,
3248,P-3248,American classes 1250,7,,,,250.00,425.00,20.00,0.00,0.00,0.00,299.00,NOS,NOS,NOS,1,0.000,750.00,,,0.000,,,,,,5914,1,,
3249,P-3249,American classes1220,7,,,,220.00,400.00,20.00,0.00,0.00,0.00,299.00,NOS,NOS,NOS,1,0.000,660.00,,,0.000,,,,,,5915,1,,
1069,P-1069,Angad 1137,20,,,,137.00,200.00,20.00,0.00,0.00,0.00,149.00,NOS,NOS,NOS,1,0.000,250.00,,,0.000,,,,,,3519,1,,
126,P-0126,ANGAD AG 2740/2100 1102,20,,,,102.00,160.00,20.00,0.00,0.00,0.00,100.00,NOS,NOS,NOS,1,0.000,200.00,Boy's counter,,3.000,,,,,,1267,1,,
109,P-0109,ANGAD kids wear AGT 0853/2300 1095,20,,,,95.00,200.00,20.00,0.00,0.00,0.00,150.00,NOS,NOS,NOS,1,0.000,250.00,Boy's counter,,2.000,,,,,,1250,1,,
218,P-0218,Angad( tshirt),52,gbb,,,76.00,150.00,20.00,0.00,0.00,0.00,99.00,NOS,NOS,NOS,1,0.000,188.00,,,32.000,,,,,,1618,1,,
1353,P-1353,Angery baby dry sheet 1190,122,,,,190.00,280.00,0.00,0.00,0.00,0.00,199.00,NOS,NOS,NOS,1,0.000,350.00,,,0.000,,,,,,3804,1,,
3302,P-3302,Angry Babies 1535,60,,,,535.00,925.00,20.00,0.00,0.00,0.00,599.00,NOS,NOS,NOS,1,0.000,1605.00,,,0.000,,,,,,5970,1,,
3293,P-3293,Angry baby 1420,63,,,,420.00,725.00,20.00,0.00,0.00,0.00,499.00,NOS,NOS,NOS,1,0.000,1260.00,,,0.000,,,,,,5960,1,,
2163,P-2163,Angry baby 1426,60,,,,426.00,725.00,20.00,0.00,0.00,0.00,499.00,NOS,NOS,NOS,1,0.000,1278.00,,,0.000,,,,,,4748,1,,
3345,P-3345,Angry baby 1468,33,,,,468.00,800.00,20.00,0.00,0.00,0.00,499.00,NOS,NOS,NOS,1,0.000,1404.00,,,0.000,,,,,,6024,1,,
3347,P-3347,Angry baby 1477,60,,,,477.00,825.00,20.00,0.00,0.00,0.00,499.00,NOS,NOS,NOS,1,0.000,1431.00,,,0.000,,,,,,6026,1,,
3582,P-3582,Angry Baby 1489,60,,,,489.00,850.00,20.00,0.00,0.00,0.00,499.00,NOS,NOS,NOS,1,0.000,1467.00,,,0.000,,,,,,6267,1,,
3346,P-3346,Angry baby 1526,33,,,,526.00,900.00,20.00,0.00,0.00,0.00,599.00,NOS,NOS,NOS,1,0.000,1578.00,,,0.000,,,,,,6025,1,,
3581,P-3581,Angry Baby 1542,60,,,,542.00,925.00,20.00,0.00,0.00,0.00,599.00,NOS,NOS,NOS,1,0.000,1626.00,,,0.000,,,,,,6265,1,,
3583,P-3583,Angry Baby 1574,60,,,,574.00,1000.00,20.00,0.00,0.00,0.00,599.00,NOS,NOS,NOS,1,0.000,1722.00,,,0.000,,,,,,6266,1,,
384,P-0384,Angry Baby 7140,63,,,,624.00,848.00,20.00,0.00,0.00,0.00,699.00,NOS,NOS,NOS,1,0.000,1060.00,,,0.000,,,,24-28,,2257,1,,
384,P-0384,Angry Baby 7140,63,,,,624.00,848.00,20.00,0.00,0.00,0.00,699.00,NOS,NOS,NOS,1,0.000,1060.00,,,0.000,,,,30-34,,2258,1,,
385,P-0385,Angry Baby 7238,63,,,,482.00,660.00,20.00,0.00,0.00,0.00,499.00,NOS,NOS,NOS,1,0.000,825.00,,,0.000,,,,30-34,,2259,1,,
385,P-0385,Angry Baby 7238,63,,,,482.00,660.00,20.00,0.00,0.00,0.00,499.00,NOS,NOS,NOS,1,0.000,825.00,,,0.000,,,,24-28,,2260,1,,
47,P-0047,ans 1150,7,,,,150.00,280.00,20.00,0.00,0.00,0.00,200.00,NOS,NOS,NOS,1,0.000,350.00,MEN'S COUNTER,,7.000,,,,,,1084,1,,
1049,P-1049,Ans 1196,20,,,,196.00,350.00,20.00,0.00,0.00,0.00,199.00,NOS,NOS,NOS,1,0.000,350.00,,,0.000,,,,,,3499,1,,
1643,P-1643,Ans 1206,56,,,,206.00,375.00,20.00,0.00,0.00,0.00,239.00,NOS,NOS,NOS,1,0.000,618.00,,,0.000,,,,,,4198,1,,
1652,P-1652,Ans 1210,56,,,,210.00,388.00,20.00,0.00,0.00,0.00,299.00,NOS,NOS,NOS,1,0.000,630.00,,,0.000,,,,,,4208,1,,
1696,P-1696,Ans 1220,19,,,,220.00,400.00,20.00,0.00,0.00,0.00,279.00,NOS,NOS,NOS,1,0.000,660.00,,,0.000,,,,,,4252,1,,
3404,P-3404,Ans 1230,20,,,,230.00,400.00,20.00,0.00,0.00,0.00,299.00,NOS,NOS,NOS,1,0.000,690.00,,,0.000,,,,,,6085,1,,
1677,P-1677,Ans 1236,19,,,,236.00,425.00,20.00,0.00,0.00,0.00,239.00,NOS,NOS,NOS,1,0.000,708.00,,,0.000,,,,,,4233,1,,
1635,P-1635,Ans 1240,19,,,,240.00,425.00,20.00,0.00,0.00,0.00,299.00,NOS,NOS,NOS,1,0.000,720.00,,,0.000,,,,,,4190,1,,
1074,P-1074,Ans 1246,20,,,,246.00,340.00,20.00,0.00,0.00,0.00,299.00,NOS,NOS,NOS,1,0.000,425.00,,,0.000,,,,,,3524,1,,
1697,P-1697,Ans 1250,19,,,,250.00,350.00,20.00,0.00,0.00,0.00,279.00,NOS,NOS,NOS,1,0.000,750.00,,,0.000,,,,,,4253,1,,
1628,P-1628,Ans 1260,19,,,,260.00,468.00,20.00,0.00,0.00,0.00,300.00,NOS,NOS,NOS,1,0.000,780.00,,,0.000,,,,,,4200,1,,
1079,P-1079,Ans 1265,20,,,,265.00,360.00,20.00,0.00,0.00,0.00,299.00,NOS,NOS,NOS,1,0.000,450.00,,,0.000,,,,,,3529,1,,
1080,P-1080,Ans 1295,20,,,,295.00,420.00,20.00,0.00,0.00,0.00,299.00,NOS,NOS,NOS,1,0.000,525.00,,,0.000,,,,,,3530,1,,
3366,P-3366,Ans 1329,20,,,,329.00,600.00,20.00,0.00,0.00,0.00,399.00,NOS,NOS,NOS,1,0.000,987.00,,,0.000,,,,,,6046,1,,
2850,P-2850,Ans 1330,16,,,,330.00,575.00,20.00,0.00,0.00,0.00,399.00,NOS,NOS,NOS,1,0.000,990.00,,,0.000,,,,,,5471,1,,
3392,P-3392,Ans 1366,20,,,,366.00,625.00,20.00,0.00,0.00,0.00,399.00,NOS,NOS,NOS,1,0.000,1098.00,,,0.000,,,,,,6072,1,,
3394,P-3394,Ans 1400,20,,,,400.00,688.00,20.00,0.00,0.00,0.00,499.00,NOS,NOS,NOS,1,0.000,1200.00,,,0.000,,,,,,6074,1,,
3395,P-3395,Ans 1404,20,,,,404.00,688.00,20.00,0.00,0.00,0.00,499.00,NOS,NOS,NOS,1,0.000,1212.00,,,0.000,,,,,,6076,1,,
2474,P-2474,Ans 1422,52,,,,422.00,725.00,20.00,0.00,0.00,0.00,499.00,NOS,NOS,NOS,1,0.000,1266.00,,,0.000,,,,,,5060,1,,
3549,P-3549,Ans 1448,33,,,,448.00,775.00,20.00,0.00,0.00,0.00,499.00,NOS,NOS,OTH,1,0.000,1344.00,,,0.000,,,,,,6233,1,,
1698,P-1698,Ans Luthra 1175,19,,,,175.00,315.00,20.00,0.00,0.00,0.00,279.00,NOS,NOS,NOS,1,0.000,525.00,,,0.000,,,,,,4254,1,,
79,P-0079,ans p209 1240,19,,,,240.00,320.00,0.00,0.00,0.00,0.00,250.00,NOS,NOS,NOS,1,0.000,400.00,Boy's counter,,3.000,,,,20,,1222,1,,
80,P-0080,ans p930 1220,19,,,,220.00,300.00,0.00,0.00,0.00,0.00,250.00,NOS,NOS,NOS,1,0.000,375.00,,,2.000,,,,20,,1223,1,,
66,P-0066,Ans Tshirt 1101,7,,,,85.00,140.00,20.00,0.00,0.00,0.00,200.00,NOS,NOS,NOS,1,1.000,175.00,MEN'S COUNTER,,7.000,,,,L,,1149,1,,
66,P-0066,Ans Tshirt 1101,7,,,,85.00,140.00,20.00,0.00,0.00,0.00,200.00,NOS,NOS,NOS,1,1.000,175.00,MEN'S COUNTER,,29.000,,,,XXL,,1150,1,,
2295,P-2295,Armani shirt half 1230,2,,,,230.00,400.00,20.00,0.00,0.00,0.00,259.00,NOS,NOS,NOS,1,0.000,690.00,,,0.000,,,,,,4880,1,,
1228,P-1228,Astronaut 1238,20,,,,238.00,340.00,20.00,0.00,0.00,0.00,299.00,NOS,NOS,NOS,1,0.000,425.00,,,0.000,,,,,,3678,1,,
1229,P-1229,Astronaut 1260,20,,,,260.00,360.00,20.00,0.00,0.00,0.00,299.00,NOS,NOS,NOS,1,0.000,450.00,,,0.000,,,,,,3679,1,,
957,P-0957,Astronaut 1293,20,,,,293.00,400.00,20.00,0.00,0.00,0.00,299.00,NOS,NOS,NOS,1,0.000,500.00,,,0.000,,,,,,3407,1,,
3295,P-3295,Astronaut 1334,63,,,,334.00,575.00,20.00,0.00,0.00,0.00,399.00,NOS,NOS,NOS,1,0.000,1025.00,,,0.000,,,,,,5962,1,,
2008,P-2008,Astronaut 1363,12,,,,363.00,625.00,20.00,0.00,0.00,0.00,399.00,NOS,NOS,NOS,1,0.000,1089.00,,,0.000,,,,,,4591,1,,
3294,P-3294,Astronaut 1440,63,,,,440.00,750.00,20.00,0.00,0.00,0.00,499.00,NOS,NOS,NOS,1,0.000,1320.00,,,0.000,,,,,,5961,1,,
2019,P-2019,Astronout 1340,87,,,,340.00,588.00,20.00,0.00,0.00,0.00,399.00,NOS,NOS,NOS,1,0.000,1020.00,,,0.000,,,,,,4603,1,,
2373,P-2373,AUS 1145,7,,,,145.00,250.00,20.00,0.00,0.00,0.00,159.00,NOS,NOS,NOS,1,0.000,435.00,,,0.000,,,,,,4960,1,,
2437,P-2437,B - Max  1183,20,,,,183.00,325.00,20.00,0.00,0.00,0.00,199.00,NOS,NOS,NOS,1,0.000,549.00,,,0.000,,,,,,5023,1,,
3416,P-3416,B - max 1183,16,,,,183.00,325.00,20.00,0.00,0.00,0.00,199.00,NOS,NOS,NOS,1,0.000,549.00,,,0.000,,,,,,6097,1,,
3417,P-3417,B - max 1185,16,,,,185.00,325.00,20.00,0.00,0.00,0.00,199.00,NOS,NOS,NOS,1,0.000,555.00,,,0.000,,,,,,6098,1,,
2480,P-2480,B - Max 1193,16,,,,193.00,350.00,20.00,0.00,0.00,0.00,199.00,NOS,NOS,NOS,1,0.000,579.00,,,0.000,,,,,,5066,1,,
3418,P-3418,B - max 1194,16,,,,194.00,350.00,20.00,0.00,0.00,0.00,199.00,NOS,NOS,NOS,1,0.000,582.00,,,0.000,,,,,,6099,1,,
3414,P-3414,B - max 1196,16,,,,196.00,350.00,20.00,0.00,0.00,0.00,199.00,NOS,NOS,NOS,1,0.000,588.00,,,0.000,,,,,,6095,1,,
2833,P-2833,B - max 1201,16,,,,201.00,350.00,20.00,0.00,0.00,0.00,299.00,NOS,NOS,NOS,1,0.000,603.00,,,0.000,,,,,,5453,1,,
2421,P-2421,B - Max 1203,20,,,,203.00,350.00,20.00,0.00,0.00,0.00,299.00,NOS,NOS,NOS,1,0.000,609.00,,,0.000,,,,,,5007,1,,
3415,P-3415,B - max 1207,16,,,,207.00,375.00,20.00,0.00,0.00,0.00,299.00,NOS,NOS,NOS,1,0.000,621.00,,,0.000,,,,,,6096,1,,
735,P-0735,B- club 1712,23,,,,712.00,1080.00,20.00,0.00,0.00,0.00,799.00,NOS,NOS,NOS,1,0.000,1350.00,,,3.000,,,,,,3129,1,,
731,P-0731,B club 1861,23,,,,861.00,1180.00,20.00,0.00,0.00,0.00,899.00,NOS,NOS,NOS,1,0.000,1475.00,,,3.000,,,,,,3125,1,,
3382,P-3382,B M 1170,20,,,,170.00,300.00,20.00,0.00,0.00,0.00,199.00,NOS,NOS,NOS,1,0.000,510.00,,,0.000,,,,,,6062,1,,
3379,P-3379,B M 1180,20,,,,180.00,325.00,20.00,0.00,0.00,0.00,189.00,NOS,NOS,NOS,1,0.000,540.00,,,0.000,,,,,,6059,1,,
2442,P-2442,B Positive 1121,20,,,,121.00,225.00,20.00,0.00,0.00,0.00,179.00,NOS,NOS,NOS,1,0.000,363.00,,,0.000,,,,,,5028,1,,
2441,P-2441,B Positive 1132,20,,,,132.00,225.00,20.00,0.00,0.00,0.00,149.00,NOS,NOS,NOS,1,0.000,396.00,,,0.000,,,,,,5027,1,,
2289,P-2289,B Positive 1152,20,,,,152.00,275.00,20.00,0.00,0.00,0.00,149.00,NOS,NOS,NOS,1,0.000,456.00,,,0.000,,,,,,4874,1,,
2273,P-2273,B Positive 1163,20,,,,163.00,288.00,20.00,0.00,0.00,0.00,175.00,NOS,NOS,NOS,1,0.000,489.00,,,0.000,,,,,,4858,1,,
2444,P-2444,B Positive 1165,20,,,,165.00,288.00,20.00,0.00,0.00,0.00,179.00,NOS,NOS,NOS,1,0.000,495.00,,,0.000,,,,,,5030,1,,
2443,P-2443,B Positive 1176,20,,,,176.00,300.00,20.00,0.00,0.00,0.00,179.00,NOS,NOS,NOS,1,0.000,528.00,,,0.000,,,,,,5029,1,,
2445,P-2445,B Positive 1182,20,,,,182.00,325.00,20.00,0.00,0.00,0.00,199.00,NOS,NOS,NOS,1,0.000,546.00,,,0.000,,,,,,5031,1,,
2280,P-2280,B Positive 1196,20,,,,196.00,350.00,20.00,0.00,0.00,0.00,199.00,NOS,NOS,NOS,1,0.000,588.00,,,0.000,,,,,,4865,1,,
2288,P-2288,B Positive 1209,20,,,,209.00,375.00,20.00,0.00,0.00,0.00,249.00,NOS,NOS,NOS,1,0.000,627.00,,,0.000,,,,,,4873,1,,
1980,P-1980,B- Positive 1429,87,,,,429.00,750.00,20.00,0.00,0.00,0.00,499.00,NOS,NOS,NOS,1,0.000,1287.00,,,0.000,,,,,,4546,1,,
2285,P-2285,B Posivite 1196,20,,,,196.00,325.00,20.00,0.00,0.00,0.00,199.00,NOS,NOS,NOS,1,0.000,588.00,,,0.000,,,,,,4870,1,,
2420,P-2420,B.M. 1455,20,,,,455.00,775.00,20.00,0.00,0.00,0.00,499.00,NOS,NOS,NOS,1,0.000,1365.00,,,0.000,,,,,,5006,1,,
2478,P-2478,B.M. 1520,20,,,,520.00,900.00,20.00,0.00,0.00,0.00,599.00,NOS,NOS,NOS,1,0.000,1560.00,,,0.000,,,,,,5064,1,,
2477,P-2477,B.M. 1570,20,,,,570.00,1000.00,20.00,0.00,0.00,0.00,599.00,NOS,NOS,NOS,1,0.000,1710.00,,,0.000,,,,,,5063,1,,
1680,P-1680,B-52 1450,56,,,,450.00,800.00,20.00,0.00,0.00,0.00,499.00,NOS,NOS,NOS,1,0.000,1350.00,,,0.000,,,,,,4236,1,,
1886,P-1886,B-52 1600,87,,,,600.00,1000.00,20.00,0.00,0.00,0.00,699.00,NOS,NOS,NOS,1,0.000,1800.00,,,0.000,,,,,,4442,1,,
1887,P-1887,B-52 1730,87,,,,730.00,1250.00,20.00,0.00,0.00,0.00,799.00,NOS,NOS,NOS,1,0.000,2190.00,,,0.000,,,,,,4445,1,,
1894,P-1894,B-52 1760,87,,,,760.00,1300.00,20.00,0.00,0.00,0.00,799.00,NOS,NOS,NOS,1,0.000,2280.00,,,0.000,,,,,,4453,1,,
1893,P-1893,B-52 1860,87,,,,860.00,1475.00,20.00,0.00,0.00,0.00,899.00,NOS,NOS,NOS,1,0.000,2580.00,,,0.000,,,,,,4451,1,,
3410,P-3410,Baba 1630,33,,,,630.00,1075.00,20.00,0.00,0.00,0.00,699.00,NOS,NOS,NOS,1,0.000,1890.00,,,0.000,,,,,,6091,1,,
3340,P-3340,Baby 1500,33,,,,500.00,850.00,20.00,0.00,0.00,0.00,599.00,NOS,NOS,NOS,1,0.000,1500.00,,,0.000,,,,,,6019,1,,
3341,P-3341,Baby 1791,33,,,,791.00,1350.00,20.00,0.00,0.00,0.00,799.00,NOS,NOS,NOS,1,0.000,2373.00,,,0.000,,,,,,6020,1,,
3342,P-3342,Baby 1885,60,,,,885.00,1525.00,20.00,0.00,0.00,0.00,999.00,NOS,NOS,NOS,1,0.000,2655.00,,,0.000,,,,,,6021,1,,
3099,P-3099,Baby 4 ever 1393,20,,,,393.00,675.00,20.00,0.00,0.00,0.00,399.00,NOS,NOS,NOS,1,0.000,1179.00,,,0.000,,,,,,5740,1,,
3101,P-3101,Baby 4 ever 1451,20,,,,451.00,775.00,20.00,0.00,0.00,0.00,499.00,NOS,NOS,NOS,1,0.000,1353.00,,,0.000,,,,,,5738,1,,
1346,P-1346,Baby bed 1509,122,,,,509.00,700.00,0.00,0.00,0.00,0.00,599.00,NOS,NOS,NOS,1,0.000,875.00,,,0.000,,,,,,3797,1,,
1362,P-1362,Baby bed sheet 1266,122,,,,266.00,380.00,20.00,0.00,0.00,0.00,299.00,NOS,NOS,NOS,1,0.000,475.00,,,0.000,,,,,,3813,1,,
1361,P-1361,Baby bed sheet 1396,122,,,,396.00,550.00,0.00,0.00,0.00,0.00,399.00,NOS,NOS,NOS,1,0.000,688.00,,,0.000,,,,,,3812,1,,
1363,P-1363,Baby carriers 1329,51,,,,329.00,460.00,0.00,0.00,0.00,0.00,399.00,NOS,NOS,NOS,1,0.000,575.00,,,0.000,,,,,,3814,1,,
3126,P-3126,Baby circles 1125,63,,,,125.00,275.00,20.00,0.00,0.00,0.00,159.00,NOS,NOS,NOS,1,0.000,375.00,,,0.000,,,,,,5713,1,,
3124,P-3124,Baby circles 1130,63,,,,130.00,250.00,20.00,0.00,0.00,0.00,159.00,NOS,NOS,NOS,1,0.000,390.00,,,0.000,,,,,,5715,1,,
3125,P-3125,Baby circles 1140,63,,,,140.00,288.00,20.00,0.00,0.00,0.00,159.00,NOS,NOS,NOS,1,0.000,420.00,,,0.000,,,,,,5714,1,,
3127,P-3127,Baby circles 1160,63,,,,160.00,315.00,20.00,0.00,0.00,0.00,179.00,NOS,NOS,NOS,1,0.000,480.00,,,0.000,,,,,,5712,1,,
1351,P-1351,Baby cloth diaper 1097,124,,,,97.00,150.00,20.00,0.00,0.00,0.00,99.00,NOS,NOS,NOS,1,0.000,188.00,,,0.000,,,,,,3802,1,,
2897,P-2897,Baby miss 1457,56,,,,457.00,788.00,20.00,0.00,0.00,0.00,499.00,NOS,NOS,NOS,1,0.000,1371.00,,,0.000,,,,,,5519,1,,
2898,P-2898,Baby miss 1462,56,,,,462.00,788.00,20.00,0.00,0.00,0.00,499.00,NOS,NOS,NOS,1,0.000,1386.00,,,0.000,,,,,,5520,1,,
216,P-0216,Baby mosquito net 1120,50,gbb,,,120.00,225.00,0.00,0.00,0.00,0.00,100.00,NOS,NOS,NOS,1,0.000,360.00,,,3.000,,,,,,1608,1,,
1347,P-1347,Baby mosquito net 1235,122,,,,235.00,340.00,0.00,0.00,0.00,0.00,269.00,NOS,NOS,NOS,1,0.000,425.00,,,0.000,,,,,,3798,1,,
1348,P-1348,Baby mosquito net 1365,122,,,,365.00,500.00,0.00,0.00,0.00,0.00,399.00,NOS,NOS,NOS,1,0.000,625.00,,,0.000,,,,,,3799,1,,
1366,P-1366,Baby Nappy 1018,119,,,,18.00,50.00,20.00,0.00,0.00,0.00,39.00,NOS,NOS,NOS,1,0.000,63.00,,,0.000,,,,,,3817,1,,
1350,P-1350,baby pillow 1067,123,,,,67.00,120.00,0.00,0.00,0.00,0.00,69.00,NOS,NOS,NOS,1,0.000,150.00,,,0.000,,,,,,3801,1,,
913,P-0913,Baby Q 1411,56,,,,411.00,560.00,0.00,0.00,0.00,0.00,500.00,NOS,NOS,NOS,1,0.000,700.00,,,0.000,,,,,,3362,1,,
914,P-0914,Baby Q 1458,56,,,,458.00,620.00,20.00,0.00,0.00,0.00,500.00,NOS,NOS,NOS,1,0.000,775.00,,,0.000,,,,,,3363,1,,
912,P-0912,Baby Q 1517,56,,,,517.00,700.00,0.00,0.00,0.00,0.00,620.00,NOS,NOS,NOS,1,0.000,876.00,,,0.000,,,,,,3361,1,,
2542,P-2542,Baby Q 1545,60,,,,545.00,950.00,20.00,0.00,0.00,0.00,599.00,NOS,NOS,NOS,1,0.000,1635.00,,,0.000,,,,,,5129,1,,
2538,P-2538,Baby Q 1562,60,,,,562.00,975.00,20.00,0.00,0.00,0.00,599.00,NOS,NOS,NOS,1,0.000,1686.00,,,0.000,,,,,,5125,1,,
2539,P-2539,Baby Q 1595,60,,,,595.00,1025.00,20.00,0.00,0.00,0.00,599.00,NOS,NOS,NOS,1,0.000,1788.00,,,0.000,,,,,,5126,1,,
2540,P-2540,Baby Q 1621,60,,,,621.00,1075.00,20.00,0.00,0.00,0.00,699.00,NOS,NOS,NOS,1,0.000,1863.00,,,0.000,,,,,,5127,1,,
2541,P-2541,Baby Q 1654,60,,,,654.00,1125.00,20.00,0.00,0.00,0.00,699.00,NOS,NOS,NOS,1,0.000,1962.00,,,0.000,,,,,,5128,1,,
2543,P-2543,Baby Q 1663,60,,,,663.00,1150.00,20.00,0.00,0.00,0.00,699.00,NOS,NOS,NOS,1,0.000,1989.00,,,0.000,,,,,,5130,1,,
3573,P-3573,Baby Q 1673,60,,,,673.00,1150.00,20.00,0.00,0.00,0.00,699.00,NOS,NOS,NOS,1,0.000,2019.00,,,0.000,,,,,,6257,1,,
1174,P-1174,Baby Q 1684,60,,,,684.00,940.00,20.00,0.00,0.00,0.00,699.00,NOS,NOS,NOS,1,0.000,1175.00,,,0.000,,,,,,3624,1,,
3578,P-3578,Baby Q 1743,60,,,,743.00,1300.00,20.00,0.00,0.00,0.00,799.00,NOS,NOS,NOS,1,0.000,2229.00,,,0.000,,,,,,6262,1,,
1173,P-1173,Baby Q 1779,60,,,,779.00,1080.00,20.00,0.00,0.00,0.00,799.00,NOS,NOS,NOS,1,0.000,1350.00,,,0.000,,,,,,3623,1,,
3579,P-3579,Baby Q 1838,60,,,,838.00,1425.00,20.00,0.00,0.00,0.00,899.00,NOS,NOS,NOS,1,0.000,2514.00,,,0.000,,,,,,6263,1,,
383,P-0383,Baby Q 35772,63,,,,1003.00,1372.00,0.00,0.00,0.00,0.00,1009.00,NOS,NOS,NOS,1,0.000,1715.00,,,0.000,,,,24-28,,2254,1,,
383,P-0383,Baby Q 35772,63,,,,1003.00,1372.00,0.00,0.00,0.00,0.00,1009.00,NOS,NOS,NOS,1,0.000,1715.00,,,0.000,,,,30-34,,2255,1,,
383,P-0383,Baby Q 35772,63,,,,1003.00,1372.00,0.00,0.00,0.00,0.00,1009.00,NOS,NOS,NOS,1,0.000,1715.00,,,0.000,,,,36-40,,2256,1,,
382,P-0382,Baby Q 39813,63,,,,696.00,950.00,20.00,0.00,0.00,0.00,699.00,NOS,NOS,NOS,1,0.000,1188.00,,,0.000,,,,18-22,,2251,1,,
382,P-0382,Baby Q 39813,63,,,,696.00,950.00,20.00,0.00,0.00,0.00,699.00,NOS,NOS,NOS,1,0.000,1188.00,,,0.000,,,,24-28,,2252,1,,
382,P-0382,Baby Q 39813,63,,,,696.00,950.00,20.00,0.00,0.00,0.00,699.00,NOS,NOS,NOS,1,0.000,1188.00,,,0.000,,,,"30,34",,2253,1,,
1369,P-1369,Baby Stainless steel bottle 1268,122,,,,268.00,380.00,20.00,0.00,0.00,0.00,299.00,NOS,NOS,NOS,1,0.000,475.00,,,0.000,,,,,,3820,1,,
663,P-0663,Baby Star,86,,,,205.00,500.00,20.00,0.00,0.00,0.00,299.00,NOS,NOS,NOS,1,0.000,625.00,,,4.000,,,,,,2788,1,,
230,P-0230,Baby towel,54,gbb,,,70.00,160.00,20.00,0.00,0.00,0.00,169.00,NOS,NOS,NOS,1,0.000,200.00,,,4.000,,,,,,1636,1,,
230,P-0230,Baby towel,54,gbb,,,70.00,160.00,20.00,0.00,0.00,0.00,169.00,NOS,NOS,NOS,1,0.000,200.00,,,5.000,,,,,,1637,1,,
230,P-0230,Baby towel,54,gbb,,,70.00,160.00,20.00,0.00,0.00,0.00,169.00,NOS,NOS,NOS,1,0.000,200.00,,,1.000,,,,,,1638,1,,
2294,P-2294,Balmain 1270,7,,,,270.00,525.00,20.00,0.00,0.00,0.00,279.00,NOS,NOS,NOS,1,0.000,810.00,,,0.000,,,,,,4879,1,,
2572,P-2572,Barbie Doll 1270,134,,,,270.00,475.00,20.00,0.00,0.00,0.00,299.00,NOS,NOS,NOS,1,0.000,810.00,,,0.000,,,,,,5157,1,,
3400,P-3400,Baron boys 1209,20,,,,209.00,375.00,20.00,0.00,0.00,0.00,299.00,NOS,NOS,NOS,1,0.000,627.00,,,0.000,,,,,,6081,1,,
3398,P-3398,Baron boys 1226,20,,,,226.00,400.00,20.00,0.00,0.00,0.00,299.00,NOS,NOS,NOS,1,0.000,678.00,,,0.000,,,,,,6079,1,,
2450,P-2450,Baron Boy's 1256,20,,,,256.00,450.00,20.00,0.00,0.00,0.00,299.00,NOS,NOS,NOS,1,0.000,768.00,,,0.000,,,,,,5036,1,,
3388,P-3388,Baron boys 1275,20,,,,275.00,475.00,20.00,0.00,0.00,0.00,299.00,NOS,NOS,NOS,1,0.000,825.00,,,0.000,,,,,,6068,1,,
3396,P-3396,Baron Boys 1281,20,,,,281.00,488.00,20.00,0.00,0.00,0.00,299.00,NOS,NOS,NOS,1,0.000,843.00,,,0.000,,,,,,6077,1,,
2129,P-2129,Baron boy's 1426,33,,,,426.00,725.00,20.00,0.00,0.00,0.00,499.00,NOS,NOS,NOS,1,0.000,1288.00,,,0.000,,,,,,4714,1,,
2254,P-2254,Baron boyz 1226,20,,,,226.00,400.00,20.00,0.00,0.00,0.00,299.00,NOS,NOS,NOS,1,0.000,678.00,,,0.000,,,,,,4839,1,,
73,P-0073,Batra,15,,,,260.00,400.00,20.00,0.00,0.00,0.00,350.00,NOS,NOS,NOS,1,0.000,500.00,Boy's counter,,11.000,,,,,,1192,1,,
2267,P-2267,BC - 19 1210,20,,,,210.00,375.00,20.00,0.00,0.00,0.00,275.00,NOS,NOS,NOS,1,0.000,630.00,,,0.000,,,,,,4852,1,,
2266,P-2266,BC - 19 1220,20,,,,220.00,375.00,20.00,0.00,0.00,0.00,299.00,NOS,NOS,NOS,1,0.000,660.00,,,0.000,,,,,,4851,1,,
2412,P-2412,BC - 99 1210,7,,,,210.00,363.00,20.00,0.00,0.00,0.00,259.00,NOS,NOS,NOS,1,0.000,630.00,,,0.000,,,,,,4999,1,,
2378,P-2378,BC - 99 1220,7,,,,220.00,375.00,20.00,0.00,0.00,0.00,299.00,NOS,NOS,NOS,1,0.000,660.00,,,0.000,,,,,,4965,1,,
2292,P-2292,BC - 99 1235,20,,,,235.00,400.00,20.00,0.00,0.00,0.00,299.00,NOS,NOS,NOS,1,0.000,705.00,,,0.000,,,,,,4877,1,,
2291,P-2291,BC - 99 1275,20,,,,275.00,475.00,20.00,0.00,0.00,0.00,299.00,NOS,NOS,NOS,1,0.000,825.00,,,0.000,,,,,,4876,1,,
2343,P-2343,BC - 99 1325,44,,,,325.00,575.00,20.00,0.00,0.00,0.00,399.00,NOS,NOS,NOS,1,0.000,975.00,,,0.000,,,,,,4930,1,,
2344,P-2344,BC - 99 1335,7,,,,335.00,575.00,20.00,0.00,0.00,0.00,399.00,NOS,NOS,NOS,1,0.000,1005.00,,,0.000,,,,,,4931,1,,
2346,P-2346,BC - 99 1465,7,,,,465.00,800.00,20.00,0.00,0.00,0.00,499.00,NOS,NOS,NOS,1,0.000,1395.00,,,0.000,,,,,,4933,1,,
2345,P-2345,BC - 99 1475,7,,,,475.00,815.00,20.00,0.00,0.00,0.00,499.00,NOS,NOS,NOS,1,0.000,1425.00,,,0.000,,,,,,4932,1,,
1493,P-1493,BC - 99 T SHIRT 1140,7,,,,140.00,300.00,20.00,0.00,0.00,0.00,150.00,NOS,NOS,NOS,1,0.000,420.00,,,0.000,,,,,,4052,1,,
3254,P-3254,BC 99 1167,16,,,,167.00,300.00,20.00,0.00,0.00,0.00,179.00,NOS,NOS,NOS,1,0.000,501.00,,,0.000,,,,,,5920,1,,
3255,P-3255,BC 99 1200,16,,,,200.00,350.00,20.00,0.00,0.00,0.00,279.00,NOS,NOS,NOS,1,0.000,600.00,,,0.000,,,,,,5921,1,,
1149,P-1149,BC-99 1160,7,,,,160.00,230.00,20.00,0.00,0.00,0.00,199.00,NOS,NOS,NOS,1,0.000,288.00,,,0.000,,,,,,3599,1,,
3539,P-3539,BC-99 1200,8,,,,200.00,350.00,20.00,0.00,0.00,0.00,259.00,NOS,NOS,OTH,1,0.000,600.00,,,0.000,,,,,,6223,1,,
1170,P-1170,Be Positive 1209,16,,,,209.00,300.00,20.00,0.00,0.00,0.00,291.00,NOS,NOS,NOS,1,0.000,375.00,,,0.000,,,,,,3620,1,,
1171,P-1171,Be Positive 1248,16,,,,248.00,340.00,20.00,0.00,0.00,0.00,299.00,NOS,NOS,NOS,1,0.000,425.00,,,0.000,,,,,,3621,1,,
391,P-0391,Beauty top 15042,69,,,,318.00,430.00,0.00,0.00,0.00,0.00,350.00,NOS,NOS,NOS,1,0.000,540.00,,,0.000,,,,,,2452,1,,
396,P-0396,Beauty top 21525,69,,,,331.00,450.00,20.00,0.00,0.00,0.00,350.00,NOS,NOS,NOS,1,0.000,563.00,,,0.000,,,,,,2457,1,,
392,P-0392,Beauty top 4528,69,,,,302.00,400.00,20.00,0.00,0.00,0.00,350.00,NOS,NOS,NOS,1,0.000,499.00,,,0.000,,,,,,2453,1,,
393,P-0393,Beauty top 6027,69,,,,258.00,350.00,20.00,0.00,0.00,0.00,300.00,NOS,NOS,NOS,1,0.000,440.00,,,0.000,,,,,,2454,1,,
395,P-0395,Beauty top 6028,69,,,,300.00,400.00,20.00,0.00,0.00,0.00,350.00,NOS,NOS,NOS,1,0.000,500.00,,,0.000,,,,,,2456,1,,
394,P-0394,Beauty top 6526,25,,,,408.00,550.00,0.00,0.00,0.00,0.00,450.00,NOS,NOS,NOS,1,0.000,690.00,,,0.000,,,,,,2455,1,,
217,P-0217,Bedsheet,51,gbb,,,399.00,550.00,20.00,0.00,0.00,0.00,440.00,NOS,NOS,NOS,1,0.000,688.00,,,1.000,,,,,,1609,1,,
217,P-0217,Bedsheet,51,gbb,,,399.00,550.00,20.00,0.00,0.00,0.00,440.00,NOS,NOS,NOS,1,0.000,688.00,,,2.000,,,,,,1610,1,,
217,P-0217,Bedsheet,51,gbb,,,399.00,550.00,20.00,0.00,0.00,0.00,440.00,NOS,NOS,NOS,1,0.000,688.00,,,1.000,,,,,,1611,1,,
217,P-0217,Bedsheet,51,gbb,,,399.00,550.00,20.00,0.00,0.00,0.00,440.00,NOS,NOS,NOS,1,0.000,688.00,,,1.000,,,,,,1612,1,,
217,P-0217,Bedsheet,51,gbb,,,399.00,550.00,20.00,0.00,0.00,0.00,440.00,NOS,NOS,NOS,1,0.000,688.00,,,1.000,,,,,,1613,1,,
217,P-0217,Bedsheet,51,gbb,,,399.00,550.00,20.00,0.00,0.00,0.00,440.00,NOS,NOS,NOS,1,0.000,688.00,,,1.000,,,,,,1614,1,,
217,P-0217,Bedsheet,51,gbb,,,399.00,550.00,20.00,0.00,0.00,0.00,440.00,NOS,NOS,NOS,1,0.000,688.00,,,1.000,,,,,,1616,1,,
217,P-0217,Bedsheet,51,gbb,,,399.00,550.00,20.00,0.00,0.00,0.00,440.00,NOS,NOS,NOS,1,0.000,688.00,,,4.000,,,,,,1617,1,,
217,P-0217,Bedsheet,51,gbb,,,399.00,550.00,20.00,0.00,0.00,0.00,440.00,NOS,NOS,NOS,1,0.000,688.00,,,5.000,,,,,,1615,1,,
1373,P-1373,Belt,77,,,,140.00,240.00,20.00,0.00,0.00,0.00,159.00,NOS,NOS,NOS,1,0.000,300.00,,,0.000,,,,,,3824,1,,
1373,P-1373,Belt,77,,,,140.00,240.00,20.00,0.00,0.00,0.00,159.00,NOS,NOS,NOS,1,0.000,300.00,,,0.000,,,,,,3825,1,,
1373,P-1373,Belt,77,,,,140.00,240.00,20.00,0.00,0.00,0.00,159.00,NOS,NOS,NOS,1,0.000,300.00,,,0.000,,,,,,3826,1,,
2694,P-2694,Belt 1045,140,,,,45.00,125.20,20.00,0.00,0.00,0.00,88.00,NOS,NOS,NOS,1,0.000,135.00,,,0.000,,,,,,5307,1,,
2695,P-2695,Belt 1050,140,,,,50.00,150.00,20.00,0.00,0.00,0.00,88.00,NOS,NOS,NOS,1,0.000,150.00,,,0.000,,,,,,5308,1,,
788,P-0788,Belt 1140,77,,,,140.00,325.00,20.00,0.00,0.00,0.00,199.00,NOS,NOS,NOS,1,0.000,420.00,,,0.000,,,,,,3227,1,,
788,P-0788,Belt 1140,77,,,,140.00,325.00,20.00,0.00,0.00,0.00,199.00,NOS,NOS,NOS,1,0.000,420.00,,,0.000,,,,,,3228,1,,
788,P-0788,Belt 1140,77,,,,140.00,325.00,20.00,0.00,0.00,0.00,199.00,NOS,NOS,NOS,1,0.000,420.00,,,0.000,,,,,,3229,1,,
2697,P-2697,belt 1165,140,,,,65.00,150.00,20.00,0.00,0.00,0.00,70.00,NOS,NOS,NOS,1,0.000,195.00,,,0.000,,,,,,5310,1,,
2693,P-2693,Belt 1220,140,,,,220.00,440.00,20.00,0.00,0.00,0.00,299.00,NOS,NOS,NOS,1,0.000,660.00,,,0.000,,,,,,5306,1,,
344,P-0344,Belt OP,77,,,,39.00,125.00,20.00,0.00,0.00,0.00,80.00,NOS,NOS,NOS,1,0.000,163.00,,,14.000,,,,,,2024,1,,
344,P-0344,Belt OP,77,,,,39.00,125.00,20.00,0.00,0.00,0.00,80.00,NOS,NOS,NOS,1,0.000,163.00,,,3.000,,,,,,2028,1,,
344,P-0344,Belt OP,77,,,,39.00,125.00,20.00,0.00,0.00,0.00,80.00,NOS,NOS,NOS,1,0.000,163.00,,,2.000,,,,,,2029,1,,
344,P-0344,Belt OP,77,,,,39.00,125.00,20.00,0.00,0.00,0.00,80.00,NOS,NOS,NOS,1,0.000,163.00,,,4.000,,,,,,2030,1,,
344,P-0344,Belt OP,77,,,,39.00,125.00,20.00,0.00,0.00,0.00,80.00,NOS,NOS,NOS,1,0.000,163.00,,,24.000,,,,,,2031,1,,
344,P-0344,Belt OP,77,,,,39.00,125.00,20.00,0.00,0.00,0.00,80.00,NOS,NOS,NOS,1,0.000,163.00,,,1.000,,,,,,2032,1,,
344,P-0344,Belt OP,77,,,,39.00,125.00,20.00,0.00,0.00,0.00,80.00,NOS,NOS,NOS,1,0.000,163.00,,,5.000,,,,,,2033,1,,
344,P-0344,Belt OP,77,,,,39.00,125.00,20.00,0.00,0.00,0.00,80.00,NOS,NOS,NOS,1,0.000,163.00,,,30.000,,,,,,2034,1,,
344,P-0344,Belt OP,77,,,,39.00,125.00,20.00,0.00,0.00,0.00,80.00,NOS,NOS,NOS,1,0.000,163.00,,,2.000,,,,,,2035,1,,
344,P-0344,Belt OP,77,,,,39.00,125.00,20.00,0.00,0.00,0.00,80.00,NOS,NOS,NOS,1,0.000,163.00,,,6.000,,,,,,2036,1,,
344,P-0344,Belt OP,77,,,,39.00,125.00,20.00,0.00,0.00,0.00,80.00,NOS,NOS,NOS,1,0.000,163.00,,,2.000,,,,,,2037,1,,
344,P-0344,Belt OP,77,,,,39.00,125.00,20.00,0.00,0.00,0.00,80.00,NOS,NOS,NOS,1,0.000,163.00,,,2.000,,,,,,2038,1,,
344,P-0344,Belt OP,77,,,,39.00,125.00,20.00,0.00,0.00,0.00,80.00,NOS,NOS,NOS,1,0.000,163.00,,,2.000,,,,,,2039,1,,
2867,P-2867,Ben Tutor 1178,19,,,,178.00,315.00,20.00,0.00,0.00,0.00,199.00,NOS,NOS,NOS,1,0.000,534.00,,,0.000,,,,,,5489,1,,
2857,P-2857,Ben tutor 1188,19,,,,188.00,325.00,20.00,0.00,0.00,0.00,199.00,NOS,NOS,NOS,1,0.000,564.00,,,0.000,,,,,,5479,1,,
1188,P-1188,BE-POSITIVE 1143,16,,,,143.00,220.00,20.00,0.00,0.00,0.00,199.00,NOS,NOS,NOS,1,0.000,275.00,,,0.000,,,,,,3638,1,,
1184,P-1184,BE-POSITIVE 1160,20,,,,160.00,230.00,20.00,0.00,0.00,0.00,199.00,NOS,NOS,NOS,1,0.000,288.00,,,0.000,,,,,,3634,1,,
1192,P-1192,BE-POSITIVE 1171,16,,,,171.00,240.00,20.00,0.00,0.00,0.00,199.00,NOS,NOS,NOS,1,0.000,300.00,,,0.000,,,,,,3642,1,,
1182,P-1182,BE-POSITIVE 1176,20,,,,176.00,252.00,20.00,0.00,0.00,0.00,199.00,NOS,NOS,NOS,1,0.000,315.00,,,0.000,,,,,,3632,1,,
1187,P-1187,BE-POSITIVE 1182,16,,,,182.00,252.00,20.00,0.00,0.00,0.00,199.00,NOS,NOS,NOS,1,0.000,315.00,,,0.000,,,,,,3637,1,,
1189,P-1189,BE-POSITIVE 1198,16,,,,198.00,280.00,20.00,0.00,0.00,0.00,199.00,NOS,NOS,NOS,1,0.000,350.00,,,0.000,,,,,,3639,1,,
1191,P-1191,BE-POSITIVE 1209,16,,,,209.00,300.00,20.00,0.00,0.00,0.00,219.00,NOS,NOS,NOS,1,0.000,375.00,,,0.000,,,,,,3641,1,,
1183,P-1183,BE-POSITIVE 1215,20,,,,215.00,300.00,20.00,0.00,0.00,0.00,269.00,NOS,NOS,NOS,1,0.000,375.00,,,0.000,,,,,,3633,1,,
1190,P-1190,BE-POSITIVE 1226,16,,,,226.00,320.00,0.00,0.00,0.00,0.00,299.00,NOS,NOS,NOS,1,0.000,400.00,,,0.000,,,,,,3640,1,,
2573,P-2573,Bhavyaa 11205,134,,,,1205.00,2050.00,20.00,0.00,0.00,0.00,1299.00,NOS,NOS,NOS,1,0.000,3615.00,,,0.000,,,,,,5156,1,,
2574,P-2574,Bhavyaa 1755,134,,,,755.00,1288.00,20.00,0.00,0.00,0.00,799.00,NOS,NOS,NOS,1,0.000,2265.00,,,0.000,,,,,,5155,1,,
1341,P-1341,Bib 1020,84,,,,20.00,50.00,20.00,0.00,0.00,0.00,29.00,NOS,NOS,NOS,1,0.000,63.00,,,0.000,,,,,,3792,1,,
1343,P-1343,Bib 1039,84,,,,39.00,70.00,20.00,0.00,0.00,0.00,49.00,NOS,NOS,NOS,1,0.000,88.00,,,0.000,,,,,,3794,1,,
239,P-0239,bie,56,gbb,,,124.00,200.00,0.00,0.00,0.00,0.00,149.00,NOS,NOS,NOS,1,0.000,250.00,,,2.000,,,,,,1659,1,,
2191,P-2191,Bie 1103,60,,,,103.00,188.00,20.00,0.00,0.00,0.00,169.00,NOS,NOS,NOS,1,0.000,309.00,,,0.000,,,,,,4776,1,,
1570,P-1570,Bie 1120,56,,,,120.00,275.00,20.00,0.00,0.00,0.00,199.00,NOS,NOS,NOS,1,0.000,360.00,,,0.000,,,,,,4124,1,,
2190,P-2190,Bie 1124,60,,,,124.00,225.00,20.00,0.00,0.00,0.00,179.00,NOS,NOS,NOS,1,0.000,372.00,,,0.000,,,,,,4775,1,,
2189,P-2189,Bie 1127,60,,,,127.00,250.00,20.00,0.00,0.00,0.00,179.00,NOS,NOS,NOS,1,0.000,381.00,,,0.000,,,,,,4774,1,,
2188,P-2188,Bie 1131,60,,,,131.00,250.00,20.00,0.00,0.00,0.00,199.00,NOS,NOS,NOS,1,0.000,393.00,,,0.000,,,,,,4773,1,,
2192,P-2192,Bie 1135,60,,,,135.00,250.00,20.00,0.00,0.00,0.00,169.00,NOS,NOS,NOS,1,0.000,405.00,,,0.000,,,,,,4777,1,,
1571,P-1571,Bie 1152,56,,,,152.00,315.00,20.00,0.00,0.00,0.00,199.00,NOS,NOS,NOS,1,0.000,456.00,,,0.000,,,,,,4126,1,,
707,P-0707,Blazer,88,,,,24.00,1531.00,0.00,0.00,0.00,0.00,352.00,NOS,NOS,NOS,1,0.000,1914.00,,,0.000,,,,,,3013,1,,
716,P-0716,Blazer,60,,,,42.00,34.00,0.00,0.00,0.00,0.00,42.00,NOS,NOS,NOS,1,0.000,432.00,,,0.000,,,,,,3058,1,,
716,P-0716,Blazer,60,,,,42.00,34.00,0.00,0.00,0.00,0.00,42.00,NOS,NOS,NOS,1,0.000,432.00,,,0.000,,,,,,3059,1,,
716,P-0716,Blazer,60,,,,42.00,34.00,0.00,0.00,0.00,0.00,42.00,NOS,NOS,NOS,1,0.000,432.00,,,0.000,,,,,,3060,1,,
716,P-0716,Blazer,60,,,,42.00,34.00,0.00,0.00,0.00,0.00,42.00,NOS,NOS,NOS,1,0.000,432.00,,,0.000,,,,,,3061,1,,
716,P-0716,Blazer,60,,,,42.00,34.00,0.00,0.00,0.00,0.00,42.00,NOS,NOS,NOS,1,0.000,432.00,,,0.000,,,,,,3062,1,,
716,P-0716,Blazer,60,,,,42.00,34.00,0.00,0.00,0.00,0.00,42.00,NOS,NOS,NOS,1,0.000,432.00,,,0.000,,,,,,3063,1,,
716,P-0716,Blazer,60,,,,42.00,34.00,0.00,0.00,0.00,0.00,42.00,NOS,NOS,NOS,1,0.000,432.00,,,0.000,,,,,,3064,1,,
738,P-0738,Blazer foe girls,92,,,,350.00,480.00,20.00,0.00,0.00,0.00,399.00,NOS,NOS,NOS,1,0.000,600.00,,,7.000,,,,,,3135,1,,
1089,P-1089,BM 1200,20,,,,200.00,280.00,0.00,0.00,0.00,0.00,249.00,NOS,NOS,NOS,1,0.000,350.00,,,0.000,,,,,,3539,1,,
1088,P-1088,BM 1230,20,,,,230.00,320.00,0.00,0.00,0.00,0.00,299.00,NOS,NOS,NOS,1,0.000,400.00,,,0.000,,,,,,3538,1,,
1087,P-1087,BM 1235,20,,,,235.00,320.00,0.00,0.00,0.00,0.00,299.00,NOS,NOS,NOS,1,0.000,400.00,,,0.000,,,,,,3537,1,,
1086,P-1086,BM 1275,20,,,,275.00,400.00,20.00,0.00,0.00,0.00,299.00,NOS,NOS,NOS,1,0.000,500.00,,,0.000,,,,,,3536,1,,
2472,P-2472,BM 1290,52,,,,290.00,500.00,20.00,0.00,0.00,0.00,379.00,NOS,NOS,NOS,1,0.000,870.00,,,0.000,,,,,,5058,1,,
1963,P-1963,BM 1340,87,,,,340.00,588.00,20.00,0.00,0.00,0.00,399.00,NOS,NOS,NOS,1,0.000,1020.00,,,0.000,,,,,,4529,1,,
2469,P-2469,BM 1475,52,,,,475.00,825.00,20.00,0.00,0.00,0.00,499.00,NOS,NOS,NOS,1,0.000,1425.00,,,0.000,,,,,,5055,1,,
1970,P-1970,BM 1490,16,,,,490.00,850.00,20.00,0.00,0.00,0.00,499.00,NOS,NOS,NOS,1,0.000,1470.00,,,0.000,,,,,,4536,1,,
1969,P-1969,BM 1550,16,,,,550.00,950.00,20.00,0.00,0.00,0.00,599.00,NOS,NOS,NOS,1,0.000,1650.00,,,0.000,,,,,,4535,1,,
1975,P-1975,BM Garments 1455,87,,,,455.00,775.00,20.00,0.00,0.00,0.00,499.00,NOS,NOS,NOS,1,0.000,1365.00,,,0.000,,,,,,4541,1,,
1881,P-1881,BM Garments 1730,87,,,,730.00,1250.00,20.00,0.00,0.00,0.00,799.00,NOS,NOS,NOS,1,0.000,2190.00,,,0.000,,,,,,4436,1,,
1382,P-1382,BMW 636,5,,,,599.00,1100.00,20.00,0.00,0.00,0.00,699.00,NOS,NOS,NOS,1,0.000,1797.00,,,0.000,,,,,,3838,1,,
1383,P-1383,BMW 652,5,,,,599.00,1100.00,20.00,0.00,0.00,0.00,699.00,NOS,NOS,NOS,1,0.000,1797.00,,,0.000,,,,,,3839,1,,
1204,P-1204,BORN BEAUTY 1177,60,,,,177.00,260.00,20.00,0.00,0.00,0.00,199.00,NOS,NOS,NOS,1,0.000,325.00,,,0.000,,,,,,3654,1,,
72,P-0072,Boys  jeans opening stock,17,,,,305.00,500.00,20.00,0.00,0.00,0.00,350.00,NOS,NOS,NOS,1,0.000,915.00,Boy's counter,,2.000,,,,,,1180,1,,
72,P-0072,Boys  jeans opening stock,17,,,,305.00,500.00,20.00,0.00,0.00,0.00,350.00,NOS,NOS,NOS,1,0.000,915.00,Boy's counter,,3.000,,,,,,1181,1,,
72,P-0072,Boys  jeans opening stock,17,,,,305.00,500.00,20.00,0.00,0.00,0.00,350.00,NOS,NOS,NOS,1,0.000,915.00,Boy's counter,,7.000,,,,,,1182,1,,
72,P-0072,Boys  jeans opening stock,17,,,,305.00,500.00,20.00,0.00,0.00,0.00,350.00,NOS,NOS,NOS,1,0.000,915.00,Boy's counter,,12.000,,,,,,1183,1,,
72,P-0072,Boys  jeans opening stock,17,,,,305.00,500.00,20.00,0.00,0.00,0.00,350.00,NOS,NOS,NOS,1,0.000,915.00,Boy's counter,,19.000,,,,,,1184,1,,
72,P-0072,Boys  jeans opening stock,17,,,,305.00,500.00,20.00,0.00,0.00,0.00,350.00,NOS,NOS,NOS,1,0.000,915.00,Boy's counter,,9.000,,,,,,1185,1,,
72,P-0072,Boys  jeans opening stock,17,,,,305.00,500.00,20.00,0.00,0.00,0.00,350.00,NOS,NOS,NOS,1,0.000,915.00,Boy's counter,,11.000,,,,,,1186,1,,
72,P-0072,Boys  jeans opening stock,17,,,,305.00,500.00,20.00,0.00,0.00,0.00,350.00,NOS,NOS,NOS,1,0.000,915.00,Boy's counter,,3.000,,,,,,1187,1,,
72,P-0072,Boys  jeans opening stock,17,,,,305.00,500.00,20.00,0.00,0.00,0.00,350.00,NOS,NOS,NOS,1,0.000,915.00,Boy's counter,,8.000,,,,,,1188,1,,
72,P-0072,Boys  jeans opening stock,17,,,,305.00,500.00,20.00,0.00,0.00,0.00,350.00,NOS,NOS,NOS,1,0.000,915.00,Boy's counter,,4.000,,,,,,1189,1,,
72,P-0072,Boys  jeans opening stock,17,,,,305.00,500.00,20.00,0.00,0.00,0.00,350.00,NOS,NOS,NOS,1,0.000,915.00,Boy's counter,,1.000,,,,,,1190,1,,
72,P-0072,Boys  jeans opening stock,17,,,,305.00,500.00,20.00,0.00,0.00,0.00,350.00,NOS,NOS,NOS,1,0.000,915.00,Boy's counter,,6.000,,,,,,1191,1,,
947,P-0947,Boys 1283,20,,,,283.00,400.00,20.00,0.00,0.00,0.00,299.00,NOS,NOS,NOS,1,0.000,500.00,,,0.000,,,,,,3397,1,,
2781,P-2781,Boys 1460,63,,,,460.00,788.00,20.00,0.00,0.00,0.00,499.00,NOS,NOS,NOS,1,0.000,1380.00,,,0.000,,,,,,5401,1,,
2780,P-2780,Boys 1531,63,,,,531.00,925.00,20.00,0.00,0.00,0.00,599.00,NOS,NOS,NOS,1,0.000,1593.00,,,0.000,,,,,,5400,1,,
706,P-0706,BOYS DENIM JACKET 1650,10,,,,650.00,800.00,20.00,0.00,0.00,0.00,700.00,NOS,NOS,NOS,1,0.000,999.00,,,0.000,,,,,,3012,1,,
166,P-0166,Boys jeans RGN,17,,,,260.00,500.00,20.00,0.00,0.00,0.00,400.00,NOS,NOS,NOS,1,0.000,625.00,,,0.000,,,,,,1310,1,,
75,P-0075,boys tshirt opening stock1,15,,,,130.00,200.00,20.00,0.00,0.00,0.00,150.00,NOS,NOS,NOS,1,0.000,250.00,Boy's counter,,10.000,,,,,,1200,1,,
75,P-0075,boys tshirt opening stock1,15,,,,130.00,200.00,20.00,0.00,0.00,0.00,150.00,NOS,NOS,NOS,1,0.000,250.00,Boy's counter,,3.000,,,,,,1201,1,,
75,P-0075,boys tshirt opening stock1,15,,,,130.00,200.00,20.00,0.00,0.00,0.00,150.00,NOS,NOS,NOS,1,0.000,250.00,Boy's counter,,6.000,,,,,,1202,1,,
75,P-0075,boys tshirt opening stock1,15,,,,130.00,200.00,20.00,0.00,0.00,0.00,150.00,NOS,NOS,NOS,1,0.000,250.00,Boy's counter,,3.000,,,,,,1203,1,,
75,P-0075,boys tshirt opening stock1,15,,,,130.00,200.00,20.00,0.00,0.00,0.00,150.00,NOS,NOS,NOS,1,0.000,250.00,Boy's counter,,2.000,,,,,,1204,1,,
75,P-0075,boys tshirt opening stock1,15,,,,130.00,200.00,20.00,0.00,0.00,0.00,150.00,NOS,NOS,NOS,1,0.000,250.00,Boy's counter,,5.000,,,,,,1205,1,,
75,P-0075,boys tshirt opening stock1,15,,,,130.00,200.00,20.00,0.00,0.00,0.00,150.00,NOS,NOS,NOS,1,0.000,250.00,Boy's counter,,1.000,,,,,,1206,1,,
2827,P-2827,Boyz 1502,19,,,,502.00,875.00,20.00,0.00,0.00,0.00,599.00,NOS,NOS,NOS,1,0.000,1506.00,,,0.000,,,,,,5448,1,,
2829,P-2829,Boyz 1507,19,,,,507.00,875.00,20.00,0.00,0.00,0.00,599.00,NOS,NOS,NOS,1,0.000,1521.00,,,0.000,,,,,,5450,1,,
2826,P-2826,Boyz 1525,19,,,,525.00,900.00,20.00,0.00,0.00,0.00,599.00,NOS,NOS,NOS,1,0.000,1575.00,,,0.000,,,,,,5447,1,,
2828,P-2828,Boyz 1531,19,,,,531.00,925.00,20.00,0.00,0.00,0.00,599.00,NOS,NOS,NOS,1,0.000,1593.00,,,0.000,,,,,,5449,1,,
1935,P-1935,B-Positive 1285,16,,,,285.00,488.00,20.00,0.00,0.00,0.00,299.00,NOS,NOS,NOS,1,0.000,855.00,,,0.000,,,,,,4499,1,,
630,P-0630,B-Positive 1339,91,,,,339.00,470.00,20.00,0.00,0.00,0.00,399.00,NOS,NOS,NOS,1,0.000,588.00,,,0.000,,,,,,2699,1,,
629,P-0629,B-Positive 1458,91,,,,458.00,630.00,20.00,0.00,0.00,0.00,499.00,NOS,NOS,NOS,1,0.000,788.00,,,0.000,,,,,,2698,1,,
1415,P-1415,Bra,130,,,,51.00,166.00,20.00,0.00,0.00,0.00,99.00,NOS,NOS,NOS,1,0.000,350.00,,,0.000,,,,,,3874,1,,
1415,P-1415,Bra,130,,,,51.00,166.00,20.00,0.00,0.00,0.00,99.00,NOS,NOS,NOS,1,0.000,350.00,,,0.000,,,,,,3875,1,,
2504,P-2504,Brand touch 1709,52,,,,709.00,1225.00,20.00,0.00,0.00,0.00,799.00,NOS,NOS,NOS,1,0.000,2127.00,,,0.000,,,,,,5090,1,,
1766,P-1766,Brandholic 1435,56,,,,435.00,788.00,20.00,0.00,0.00,0.00,499.00,NOS,NOS,NOS,1,0.000,1305.00,,,0.000,,,,,,4322,1,,
1765,P-1765,Brandholic 1495,56,,,,495.00,888.00,20.00,0.00,0.00,0.00,499.00,NOS,NOS,NOS,1,0.000,1485.00,,,0.000,,,,,,4321,1,,
1374,P-1374,BRAUCH,128,,,,90.00,125.00,20.00,0.00,0.00,0.00,95.00,NOS,NOS,NOS,1,0.000,270.00,,,0.000,,,,,,3829,1,,
203,P-0203,Bright India,19,gbb,,,195.00,270.00,20.00,0.00,0.00,0.00,300.00,NOS,NOS,NOS,1,0.000,338.00,,,4.000,,,,,,1495,1,,
203,P-0203,Bright India,19,gbb,,,195.00,270.00,20.00,0.00,0.00,0.00,300.00,NOS,NOS,NOS,1,0.000,338.00,,,4.000,,,,,,1496,1,,
203,P-0203,Bright India,19,gbb,,,195.00,270.00,20.00,0.00,0.00,0.00,300.00,NOS,NOS,NOS,1,0.000,338.00,,,2.000,,,,,,1497,1,,
801,P-0801,Bright India  2 pc 1295,49,,,,295.50,400.00,20.00,0.00,0.00,0.00,350.00,NOS,NOS,NOS,1,0.000,500.00,,,0.000,,,,,,3249,1,,
210,P-0210,Bright India (6 PC set),49,gbb,,,515.00,700.00,20.00,0.00,0.00,0.00,499.00,NOS,NOS,NOS,1,0.000,875.00,,,4.000,,,,,,1534,1,,
1995,P-1995,Bright india 11145,64,,,,1145.50,1950.00,20.00,0.00,0.00,0.00,1199.00,NOS,NOS,NOS,1,0.000,3435.00,,,0.000,,,,,,4578,1,,
1997,P-1997,Bright india 1575,64,,,,575.50,988.00,20.00,0.00,0.00,0.00,599.00,NOS,NOS,NOS,1,0.000,1725.00,,,0.000,,,,,,4580,1,,
1990,P-1990,Bright india 1635,64,,,,635.50,1088.00,20.00,0.00,0.00,0.00,699.00,NOS,NOS,NOS,1,0.000,1905.00,,,0.000,,,,,,4573,1,,
1991,P-1991,Bright india 1835,64,,,,835.50,1425.00,20.00,0.00,0.00,0.00,899.00,NOS,NOS,NOS,1,0.000,2505.00,,,0.000,,,,,,4574,1,,
1993,P-1993,Bright india 1875,64,,,,875.50,1488.00,20.00,0.00,0.00,0.00,899.00,NOS,NOS,NOS,1,0.000,2625.00,,,0.000,,,,,,4576,1,,
1996,P-1996,Bright india 1895,64,,,,895.50,1525.00,20.00,0.00,0.00,0.00,899.00,NOS,NOS,NOS,1,0.000,2685.00,,,0.000,,,,,,4579,1,,
1994,P-1994,Bright india 1945,64,,,,945.50,1625.00,20.00,0.00,0.00,0.00,999.00,NOS,NOS,NOS,1,0.000,2835.00,,,0.000,,,,,,4577,1,,
1992,P-1992,Bright india 1985,64,,,,985.50,1675.00,20.00,0.00,0.00,0.00,999.00,NOS,NOS,NOS,1,0.000,2955.00,,,0.000,,,,,,4575,1,,
802,P-0802,Bright india 6 pc 1450,49,,,,450.50,620.00,20.00,0.00,0.00,0.00,500.00,NOS,NOS,NOS,1,0.000,775.00,,,0.000,,,,,,3250,1,,
389,P-0389,Bright India Afghani OTC1495,76,,,,1495.50,1990.00,0.00,0.00,0.00,0.00,1600.00,NOS,NOS,NOS,1,0.000,2488.70,,,6.000,,,,,,2450,1,,
2714,P-2714,BRIGHT INDIA ANGRAKHA SUIT 11445,64,,,,1445.50,2450.00,20.00,0.00,0.00,0.00,1499.00,NOS,NOS,NOS,1,0.000,4335.00,,,0.000,,,,,,5328,1,,
2088,P-2088,Bright india capri 1435,139,,,,415.50,750.00,20.00,0.00,0.00,0.00,499.00,NOS,NOS,NOS,1,0.000,1305.00,,,0.000,,,,,,4673,1,,
2089,P-2089,Bright india capri 1445,139,,,,445.50,775.00,20.00,0.00,0.00,0.00,499.00,NOS,NOS,NOS,1,0.000,1335.00,,,0.000,,,,,,4674,1,,
2091,P-2091,Bright india capri 1495,139,,,,495.50,850.00,20.00,0.00,0.00,0.00,499.00,NOS,NOS,NOS,1,0.000,1485.00,,,0.000,,,,,,4676,1,,
2090,P-2090,Bright india capri 1505,139,,,,505.50,868.00,20.00,0.00,0.00,0.00,599.00,NOS,NOS,NOS,1,0.000,1515.00,,,0.000,,,,,,4675,1,,
3497,P-3497,Bright india capry 1400,14,,,,400.50,688.70,20.00,0.00,0.00,0.00,499.00,NOS,NOS,NOS,1,0.000,1200.00,,,0.000,,,,,,6180,1,,
2081,P-2081,Bright India Cargo 1455,44,,,,455.50,775.00,20.00,0.00,0.00,0.00,499.00,NOS,NOS,NOS,1,0.000,1365.00,,,0.000,,,,,,4665,1,,
2082,P-2082,Bright India Cargo 1490,44,,,,490.50,838.00,20.00,0.00,0.00,0.00,599.00,NOS,NOS,NOS,1,0.000,1475.00,,,0.000,,,,,,4666,1,,
2642,P-2642,Bright india cargo 1505,4,,,,505.50,850.00,20.00,0.00,0.00,0.00,550.00,NOS,NOS,NOS,1,0.000,1515.00,,,0.000,,,,,,5226,1,,
2643,P-2643,Bright india cargo 1515,4,,,,515.50,875.00,20.00,0.00,0.00,0.00,550.00,NOS,NOS,NOS,1,0.000,1545.00,,,0.000,,,,,,5228,1,,
390,P-0390,Bright India chiken OTC1699,76,,,,1699.50,2232.00,20.00,0.00,0.00,0.00,1800.00,NOS,NOS,NOS,1,0.000,2790.70,,,6.000,,,,,,2451,1,,
3496,P-3496,Bright india Co-ord set 1600,147,,,,600.50,1050.00,20.00,0.00,0.00,0.00,699.00,NOS,NOS,NOS,1,0.000,1800.00,,,0.000,,,,,,6179,1,,
2638,P-2638,Bright india cord set 1575,9,,,,575.50,1000.00,20.00,0.00,0.00,0.00,599.00,NOS,NOS,NOS,1,0.000,1725.00,,,0.000,,,,,,522,1,,
2087,P-2087,Bright india cord set 1605,139,,,,605.50,1050.00,20.00,0.00,0.00,0.00,600.00,NOS,NOS,NOS,1,0.000,1815.00,,,0.000,,,,,,4672,1,,
2710,P-2710,BRIGHT INDIA FROCK SUIT 11025,64,,,,1025.50,1750.70,20.00,0.00,0.00,0.00,1099.00,NOS,NOS,NOS,1,0.000,3075.00,,,0.000,,,,,,5324,1,,
2711,P-2711,BRIGHT INDIA FROCK SUIT 11075,64,,,,1075.50,1800.00,20.00,0.00,0.00,0.00,1099.00,NOS,NOS,NOS,1,0.000,3225.00,,,0.000,,,,,,5325,1,,
2713,P-2713,BRIGHT INDIA FROCK SUIT 11085,64,,,,1085.50,1850.70,20.00,0.00,0.00,0.00,1099.00,NOS,NOS,NOS,1,0.000,3255.00,,,0.000,,,,,,5327,1,,
2709,P-2709,BRIGHT INDIA FROCK SUIT 11375,64,,,,1375.50,2315.00,20.00,0.00,0.00,0.00,1399.00,NOS,NOS,NOS,1,0.000,4125.00,,,0.000,,,,,,5323,1,,
2706,P-2706,BRIGHT INDIA FROCK SUIT 1935,64,,,,935.50,1600.70,20.00,0.00,0.00,0.00,999.00,NOS,NOS,NOS,1,0.000,2805.00,,,0.000,,,,,,5319,1,,
2704,P-2704,BRIGHT INDIA FROCK SUIT 1995,64,,,,995.50,1700.70,20.00,0.00,0.00,0.00,1999.00,NOS,NOS,NOS,1,0.000,2985.00,,,0.000,,,,,,5317,1,,
803,P-0803,Bright india front open 1495,49,,,,495.50,680.00,20.00,0.00,0.00,0.00,550.00,NOS,NOS,NOS,1,0.000,850.00,,,0.000,,,,,,3251,1,,
2708,P-2708,BRIGHT INDIA GOWN 11455,64,,,,1455.50,2438.70,20.00,0.00,0.00,0.00,1499.00,NOS,NOS,NOS,1,0.000,4366.50,,,0.000,,,,,,5322,1,,
3495,P-3495,Bright india Nicker 1375,147,,,,375.50,650.00,20.00,0.00,0.00,0.00,399.00,NOS,NOS,NOS,1,0.000,1125.00,,,0.000,,,,,,6178,1,,
2637,P-2637,Bright india nicker 1380,8,,,,380.50,650.00,20.00,0.00,0.00,0.00,399.00,NOS,NOS,NOS,1,0.000,1140.00,,,0.000,,,,,,5229,1,,
804,P-0804,Bright India nighty 1130,49,,,,130.50,200.00,20.00,0.00,0.00,0.00,150.00,NOS,NOS,NOS,1,0.000,250.00,,,0.000,,,,,,3252,1,,
807,P-0807,Bright India nighty 1145,49,,,,145.50,200.00,20.00,0.00,0.00,0.00,200.00,NOS,NOS,NOS,1,0.000,250.00,,,0.000,,,,,,3255,1,,
806,P-0806,Bright India nighty 1155,49,,,,155.50,220.00,20.00,0.00,0.00,0.00,200.00,NOS,NOS,NOS,1,0.000,275.00,,,0.000,,,,,,3254,1,,
805,P-0805,Bright India nighty 1160,49,,,,160.50,230.00,20.00,0.00,0.00,0.00,200.00,NOS,NOS,NOS,1,0.000,288.00,,,0.000,,,,,,3253,1,,
808,P-0808,Bright India nighty 1165,49,,,,165.50,240.00,20.00,0.00,0.00,0.00,200.00,NOS,NOS,NOS,1,0.000,300.00,,,0.000,,,,,,3256,1,,
812,P-0812,Bright India nighty 1200,49,,,,200.50,280.00,20.00,0.00,0.00,0.00,250.00,NOS,NOS,NOS,1,0.000,350.00,,,0.000,,,,,,3260,1,,
2086,P-2086,bright india nighty 1205,49,,,,205.50,350.00,20.00,0.00,0.00,0.00,299.00,NOS,NOS,NOS,1,0.000,615.00,,,0.000,,,,,,4670,1,,
2629,P-2629,Bright india nighty 1210,49,,,,210.50,375.00,20.00,0.00,0.00,0.00,299.00,NOS,NOS,NOS,1,0.000,630.00,,,0.000,,,,,,5216,1,,
809,P-0809,Bright India nighty 1215,49,,,,215.50,375.00,20.00,0.00,0.00,0.00,250.00,NOS,NOS,NOS,1,0.000,645.00,,,0.000,,,,,,3257,1,,
810,P-0810,Bright India nighty 1220,49,,,,220.50,320.00,20.00,0.00,0.00,0.00,250.00,NOS,NOS,NOS,1,0.000,400.00,,,0.000,,,,,,3258,1,,
811,P-0811,Bright India nighty 1225,49,,,,225.50,400.00,20.00,0.00,0.00,0.00,250.00,NOS,NOS,NOS,1,0.000,675.00,,,0.000,,,,,,3259,1,,
2085,P-2085,bright india nighty 1248,49,,,,248.50,425.00,20.00,0.00,0.00,0.00,299.00,NOS,NOS,NOS,1,0.000,744.00,,,0.000,,,,,,4669,1,,
813,P-0813,Bright India nighty 1280,49,,,,280.50,380.00,20.00,0.00,0.00,0.00,300.00,NOS,NOS,NOS,1,0.000,475.00,,,0.000,,,,,,3261,1,,
814,P-0814,Bright India nighty 1298,49,,,,298.50,400.00,20.00,0.00,0.00,0.00,350.00,NOS,NOS,NOS,1,0.000,500.00,,,0.000,,,,,,3262,1,,
2084,P-2084,bright india nighty 1300,49,,,,300.50,525.00,20.00,0.00,0.00,0.00,399.00,NOS,NOS,NOS,1,0.000,900.00,,,0.000,,,,,,4668,1,,
2628,P-2628,Bright india nighty 1310,64,,,,310.50,550.00,20.00,0.00,0.00,0.00,399.00,NOS,NOS,NOS,1,0.000,930.00,,,0.000,,,,,,5215,1,,
815,P-0815,Bright India P/J set 1420,49,,,,420.50,580.00,20.00,0.00,0.00,0.00,450.00,NOS,NOS,NOS,1,0.000,725.00,,,0.000,,,,,,3263,1,,
816,P-0816,Bright india P/j set 1450,49,,,,450.50,620.00,20.00,0.00,0.00,0.00,500.00,NOS,NOS,NOS,1,0.000,775.00,,,0.000,,,,,,3264,1,,
2083,P-2083,Bright India P/J set 1545,39,,,,545.50,950.00,20.00,0.00,0.00,0.00,599.00,NOS,NOS,NOS,1,0.000,1635.00,,,0.000,,,,,,4667,1,,
3494,P-3494,Bright india Pants 1500,147,,,,500.50,850.00,20.00,0.00,0.00,0.00,599.00,NOS,NOS,NOS,1,0.000,1500.00,,,0.000,,,,,,6177,1,,
2715,P-2715,BRIGHT INDIA RUBAB SUIT 11495,64,,,,1495.50,2563.00,20.00,0.00,0.00,0.00,1499.00,NOS,NOS,NOS,1,0.000,4485.00,,,0.000,,,,,,5329,1,,
2619,P-2619,Bright india Short Kurta 1315,64,,,,315.50,550.00,20.00,0.00,0.00,0.00,399.00,NOS,NOS,NOS,1,0.000,945.00,,,0.000,,,,,,5206,1,,
2099,P-2099,Bright india suit 11085,64,,,,1085.50,1850.00,20.00,0.00,0.00,0.00,1099.00,NOS,NOS,NOS,1,0.000,3255.00,,,0.000,,,,,,4684,1,,
3081,P-3081,Bright india suit 11125,64,,,,1125.50,1925.00,20.00,0.00,0.00,0.00,1199.00,NOS,NOS,NOS,1,0.000,3375.00,,,0.000,,,,,,5758,1,,
3078,P-3078,bright india suit 11135,64,,,,1135.50,1950.00,20.00,0.00,0.00,0.00,1199.00,NOS,NOS,NOS,1,0.000,3405.00,,,0.000,,,,,,5761,1,,
1865,P-1865,Bright India Suit 11145,64,,,,1145.50,1950.00,20.00,0.00,0.00,0.00,1199.00,NOS,NOS,NOS,1,0.000,3435.00,,,0.000,,,,,,4421,1,,
2092,P-2092,Bright india suit 11195,64,,,,1195.50,2050.00,20.00,0.00,0.00,0.00,1199.00,NOS,NOS,NOS,1,0.000,3585.00,,,0.000,,,,,,4677,1,,
1867,P-1867,Bright India Suit 11295,64,,,,1295.50,2200.00,20.00,0.00,0.00,0.00,1299.00,NOS,NOS,NOS,1,0.000,3885.00,,,0.000,,,,,,4423,1,,
3493,P-3493,Bright india suit 11345,64,,,,1345.50,2300.00,20.00,0.00,0.00,0.00,1399.00,NOS,NOS,NOS,1,0.000,4035.00,,,0.000,,,,,,6176,1,,
2641,P-2641,Bright india suit 11375,64,,,,1375.50,2350.00,20.00,0.00,0.00,0.00,1399.00,NOS,NOS,NOS,1,0.000,4125.00,,,0.000,,,,,,5227,1,,
2093,P-2093,Bright india suit 11395,64,,,,1395.50,2375.00,20.00,0.00,0.00,0.00,1399.00,NOS,NOS,NOS,1,0.000,4185.00,,,0.000,,,,,,4678,1,,
3083,P-3083,Bright india suit 11545,64,,,,1545.50,2650.00,20.00,0.00,0.00,0.00,1599.00,NOS,NOS,NOS,1,0.000,4636.00,,,0.000,,,,,,5756,1,,
1868,P-1868,Bright India Suit 11595,64,,,,1595.50,2725.00,20.00,0.00,0.00,0.00,1599.00,NOS,NOS,NOS,1,0.000,4785.00,,,0.000,,,,,,4424,1,,
2094,P-2094,Bright india suit 11599,64,,,,1599.50,2725.00,20.00,0.00,0.00,0.00,1699.00,NOS,NOS,NOS,1,0.000,4797.00,,,0.000,,,,,,4679,1,,
2095,P-2095,Bright india suit 11699,64,,,,1699.50,2900.00,20.00,0.00,0.00,0.00,1699.00,NOS,NOS,NOS,1,0.000,5097.00,,,0.000,,,,,,4680,1,,
3490,P-3490,Bright india suit 1300,64,,,,300.50,525.00,20.00,0.00,0.00,0.00,369.00,NOS,NOS,NOS,1,0.000,900.00,,,0.000,,,,,,6173,1,,
3076,P-3076,Bright india suit 1395,64,,,,395.50,675.00,20.00,0.00,0.00,0.00,399.00,NOS,NOS,NOS,1,0.000,1185.00,,,0.000,,,,,,5763,1,,
2621,P-2621,Bright india suit 1425,64,,,,425.50,750.00,20.00,0.00,0.00,0.00,499.00,NOS,NOS,NOS,1,0.000,1275.00,,,0.000,,,,,,5208,1,,
3079,P-3079,Bright india suit 1435,64,,,,435.50,750.00,20.00,0.00,0.00,0.00,499.00,NOS,NOS,NOS,1,0.000,1305.00,,,0.000,,,,,,5760,1,,
2707,P-2707,BRIGHT INDIA SUIT 1525,64,,,,525.50,900.00,20.00,0.00,0.00,0.00,599.00,NOS,NOS,NOS,1,0.000,1575.00,,,0.000,,,,,,5320,1,,
2640,P-2640,Bright india suit 1545,64,,,,545.50,950.00,20.00,0.00,0.00,0.00,599.00,NOS,NOS,NOS,1,0.000,1635.00,,,0.000,,,,,,5225,1,,
2627,P-2627,Bright india suit 1555,64,,,,555.50,950.00,20.00,0.00,0.00,0.00,599.00,NOS,NOS,NOS,1,0.000,1665.00,,,0.000,,,,,,5214,1,,
2615,P-2615,Bright india suit 1565,64,,,,565.50,975.00,20.00,0.00,0.00,0.00,599.00,NOS,NOS,NOS,1,0.000,1695.00,,,0.000,,,,,,5202,1,,
2623,P-2623,bright india suit 1575,64,,,,575.50,1000.00,20.00,0.00,0.00,0.00,599.00,NOS,NOS,NOS,1,0.000,1725.00,,,0.000,,,,,,5210,1,,
2712,P-2712,BRIGHT INDIA SUIT 1625,64,,,,625.50,1068.00,20.00,0.00,0.00,0.00,699.00,NOS,NOS,NOS,1,0.000,1875.00,,,0.000,,,,,,5326,1,,
2622,P-2622,Bright india suit 1635,64,,,,635.50,1088.00,20.00,0.00,0.00,0.00,699.00,NOS,NOS,NOS,1,0.000,1905.00,,,0.000,,,,,,5209,1,,
3492,P-3492,Bright india suit 1645,64,,,,645.50,1100.70,20.00,0.00,0.00,0.00,699.00,NOS,NOS,NOS,1,0.000,1935.00,,,0.000,,,,,,6175,1,,
3082,P-3082,bright india suit 1655,64,,,,655.50,1125.00,20.00,0.00,0.00,0.00,699.00,NOS,NOS,NOS,1,0.000,1966.00,,,0.000,,,,,,5757,1,,
3075,P-3075,Bright india suit 1675,64,,,,675.50,1150.00,20.00,0.00,0.00,0.00,699.00,NOS,NOS,NOS,1,0.000,2026.50,,,0.000,,,,,,5766,1,,
2624,P-2624,bright india suit 1695,64,,,,695.50,1188.00,20.00,0.00,0.00,0.00,699.00,NOS,NOS,NOS,1,0.000,2085.00,,,0.000,,,,,,5211,1,,
2098,P-2098,Bright india suit 1715,64,,,,715.70,1225.00,20.00,0.00,0.00,0.00,799.00,NOS,NOS,NOS,1,0.000,2145.00,,,0.000,,,,,,4683,1,,
3491,P-3491,Bright india suit 1725,64,,,,725.50,1250.00,20.00,0.00,0.00,0.00,799.00,NOS,NOS,NOS,1,0.000,2175.00,,,0.000,,,,,,6174,1,,
2626,P-2626,Bright india suit 1775,64,,,,775.50,1325.00,20.00,0.00,0.00,0.00,799.00,NOS,NOS,NOS,1,0.000,2325.00,,,0.000,,,,,,5213,1,,
2614,P-2614,Bright india suit 1795,64,,,,795.50,1350.00,20.00,0.00,0.00,0.00,799.00,NOS,NOS,NOS,1,0.000,2385.00,,,0.000,,,,,,5201,1,,
3077,P-3077,Bright india suit 1810,64,,,,810.50,1388.00,20.00,0.00,0.00,0.00,899.00,NOS,NOS,NOS,1,0.000,2430.00,,,0.000,,,,,,5762,1,,
2639,P-2639,Bright india Suit 1825,9,,,,825.50,1415.00,20.00,0.00,0.00,0.00,899.00,NOS,NOS,NOS,1,0.000,2475.00,,,0.000,,,,,,5223,1,,
2097,P-2097,Bright india suit 1835,64,,,,835.50,1425.00,20.00,0.00,0.00,0.00,899.00,NOS,NOS,NOS,1,0.000,2505.00,,,0.000,,,,,,4682,1,,
2616,P-2616,Bright india suit 1845,64,,,,845.50,1450.00,20.00,0.00,0.00,0.00,899.00,NOS,NOS,NOS,1,0.000,2535.00,,,0.000,,,,,,5203,1,,
2625,P-2625,bright india suit 1855,64,,,,855.75,1475.00,20.00,0.00,0.00,0.00,899.00,NOS,NOS,NOS,1,0.000,2565.00,,,0.000,,,,,,5212,1,,
1866,P-1866,Bright India Suit 1875,64,,,,875.50,1488.00,20.00,0.00,0.00,0.00,999.00,NOS,NOS,NOS,1,0.000,2625.00,,,0.000,,,,,,4422,1,,
2617,P-2617,Bright india suit 1885,64,,,,885.50,1500.00,20.00,0.00,0.00,0.00,899.00,NOS,NOS,NOS,1,0.000,2655.00,,,0.000,,,,,,5204,1,,
2096,P-2096,Bright india suit 1895,64,,,,895.50,1538.00,20.00,0.00,0.00,0.00,899.00,NOS,NOS,NOS,1,0.000,2685.00,,,0.000,,,,,,4681,1,,
2618,P-2618,Bright india suit 1915,64,,,,915.50,1568.00,20.00,0.00,0.00,0.00,999.00,NOS,NOS,NOS,1,0.000,2745.00,,,0.000,,,,,,5205,1,,
1864,P-1864,Bright India Suit 1945,64,,,,945.50,1625.00,20.00,0.00,0.00,0.00,999.00,NOS,NOS,NOS,1,0.000,2835.00,,,0.000,,,,,,4420,1,,
3080,P-3080,Bright india suit 1955,64,,,,955.50,1625.00,20.00,0.00,0.00,0.00,999.00,NOS,NOS,NOS,1,0.000,2865.00,,,0.000,,,,,,5759,1,,
1863,P-1863,Bright India Suit 1975,64,,,,975.50,1675.00,20.00,0.00,0.00,0.00,999.00,NOS,NOS,NOS,1,0.000,2925.00,,,0.000,,,,,,4418,1,,
1862,P-1862,Bright India Suit 1995,64,,,,995.50,1700.00,20.00,0.00,0.00,0.00,999.00,NOS,NOS,NOS,1,0.000,2985.00,,,0.000,,,,,,4419,1,,
752,P-0752,Bright india Track suit 1610,107,,,,610.00,832.00,20.00,0.00,0.00,0.00,699.00,NOS,NOS,NOS,1,0.000,1040.00,,,0.000,,,,,,3157,1,,
2703,P-2703,BRIGHT INDIA WOOLEN NIGHTY 1495,64,,,,495.50,850.70,20.00,0.00,0.00,0.00,599.00,NOS,NOS,NOS,1,0.000,1485.00,,,0.000,,,,,,5316,1,,
211,P-0211,Bright India(nighty),49,gbb,,,140.00,200.00,20.00,0.00,0.00,0.00,149.00,NOS,NOS,NOS,1,0.000,250.00,,,3.000,,,,Free,,1535,1,,
211,P-0211,Bright India(nighty),49,gbb,,,140.00,200.00,20.00,0.00,0.00,0.00,149.00,NOS,NOS,NOS,1,0.000,250.00,,,3.000,,,,Free,,1536,1,,
211,P-0211,Bright India(nighty),49,gbb,,,140.00,200.00,20.00,0.00,0.00,0.00,149.00,NOS,NOS,NOS,1,0.000,250.00,,,2.000,,,,Free,,1537,1,,
211,P-0211,Bright India(nighty),49,gbb,,,140.00,200.00,20.00,0.00,0.00,0.00,149.00,NOS,NOS,NOS,1,0.000,250.00,,,5.000,,,,Free,,1538,1,,
211,P-0211,Bright India(nighty),49,gbb,,,140.00,200.00,20.00,0.00,0.00,0.00,149.00,NOS,NOS,NOS,1,0.000,250.00,,,2.000,,,,Free,,1539,1,,
211,P-0211,Bright India(nighty),49,gbb,,,140.00,200.00,20.00,0.00,0.00,0.00,149.00,NOS,NOS,NOS,1,0.000,250.00,,,1.000,,,,Free,,1540,1,,
211,P-0211,Bright India(nighty),49,gbb,,,140.00,200.00,20.00,0.00,0.00,0.00,149.00,NOS,NOS,NOS,1,0.000,250.00,,,1.000,,,,Free,,1541,1,,
211,P-0211,Bright India(nighty),49,gbb,,,140.00,200.00,20.00,0.00,0.00,0.00,149.00,NOS,NOS,NOS,1,0.000,250.00,,,2.000,,,,Free,,1542,1,,
211,P-0211,Bright India(nighty),49,gbb,,,140.00,200.00,20.00,0.00,0.00,0.00,149.00,NOS,NOS,NOS,1,0.000,250.00,,,1.000,,,,,,1543,1,,
243,P-0243,Bubbles K/P with koti,45,gbb,,,1175.00,2000.00,20.00,0.00,0.00,0.00,1599.00,NOS,NOS,NOS,1,0.000,2500.00,,,2.000,,,,,,1664,1,,
2201,P-2201,Bumblebee 1222,60,,,,222.00,400.00,20.00,0.00,0.00,0.00,299.00,NOS,NOS,NOS,1,0.000,999.00,,,0.000,,,,,,4786,1,,
3270,P-3270,Bumblebee 1225,33,,,,225.00,400.00,20.00,0.00,0.00,0.00,299.00,NOS,NOS,NOS,1,0.000,675.00,,,0.000,,,,,,5937,1,,
2131,P-2131,Bumblebee 1234,33,,,,234.00,400.00,20.00,0.00,0.00,0.00,299.00,NOS,NOS,NOS,1,0.000,702.00,,,0.000,,,,,,4716,1,,
3271,P-3271,Bumblebee 1243,33,,,,243.00,425.00,20.00,0.00,0.00,0.00,299.00,NOS,NOS,NOS,1,0.000,729.00,,,0.000,,,,,,5938,1,,
3273,P-3273,Bumblebee 1272,33,,,,272.00,475.00,20.00,0.00,0.00,0.00,299.00,NOS,NOS,NOS,1,0.000,816.00,,,0.000,,,,,,5940,1,,
2199,P-2199,Bumblebee 1293,60,,,,293.00,500.00,20.00,0.00,0.00,0.00,299.00,NOS,NOS,NOS,1,0.000,879.00,,,0.000,,,,,,4784,1,,
3272,P-3272,Bumblebee 1304,33,,,,304.00,525.00,20.00,0.00,0.00,0.00,299.00,NOS,NOS,NOS,1,0.000,912.00,,,0.000,,,,,,5939,1,,
3275,P-3275,Bumblebee 1313,33,,,,313.00,550.00,20.00,0.00,0.00,0.00,399.00,NOS,NOS,NOS,1,0.000,939.00,,,0.000,,,,,,5942,1,,
2202,P-2202,Bumblebee 1316,60,,,,316.00,550.00,20.00,0.00,0.00,0.00,399.00,NOS,NOS,NOS,1,0.000,948.00,,,0.000,,,,,,4787,1,,
3274,P-3274,Bumblebee 1340,33,,,,340.00,588.00,20.00,0.00,0.00,0.00,399.00,NOS,NOS,NOS,1,0.000,1020.00,,,0.000,,,,,,5941,1,,
2200,P-2200,Bumblebee 1418,60,,,,418.00,725.00,20.00,0.00,0.00,0.00,499.00,NOS,NOS,NOS,1,0.000,1254.00,,,0.000,,,,,,4785,1,,
998,P-0998,Bumblebee 1472,20,,,,472.00,660.00,20.00,0.00,0.00,0.00,499.00,NOS,NOS,NOS,1,0.000,825.00,,,0.000,,,,,,3448,1,,
1740,P-1740,Bumblebee 1493,56,,,,493.00,875.00,20.00,0.00,0.00,0.00,499.00,NOS,NOS,NOS,1,0.000,1479.00,,,0.000,,,,,,4296,1,,
2198,P-2198,Bumblebee 1534,60,,,,534.00,925.00,20.00,0.00,0.00,0.00,599.00,NOS,NOS,NOS,1,0.000,1602.00,,,0.000,,,,,,4783,1,,
1739,P-1739,Bumblebee 1564,56,,,,564.00,1000.00,20.00,0.00,0.00,0.00,599.00,NOS,NOS,NOS,1,0.000,1692.00,,,0.000,,,,,,4295,1,,
139,P-0139,Bumblebee 7876 1449,20,,,,449.00,600.00,0.00,0.00,0.00,0.00,499.00,NOS,NOS,NOS,1,0.000,750.00,Boy's counter,,1.000,,,,,,1280,1,,
1225,P-1225,Bumblee 1413,20,,,,413.00,580.00,20.00,0.00,0.00,0.00,499.00,NOS,NOS,NOS,1,0.000,725.00,,,0.000,,,,,,3675,1,,
3194,P-3194,C-11 CARGO PENTS 1505,13,,,,505.00,875.00,0.00,0.00,0.00,0.00,559.00,NOS,NOS,NOS,1,0.000,1515.00,,,0.000,,,,,,5855,1,,
3199,P-3199,C-11 CHINOS PENTS 1441,6,,,,441.00,750.00,20.00,0.00,0.00,0.00,499.00,NOS,NOS,NOS,1,0.000,1323.00,,,0.000,,,,,,5860,1,,
3197,P-3197,C-11 CHINOS PENTS 1525,6,,,,525.00,900.00,20.00,0.00,0.00,0.00,599.00,NOS,NOS,NOS,1,0.000,1575.00,,,0.000,,,,,,5858,1,,
3198,P-3198,C-11 CHINOS PENTS 1599,6,,,,599.00,1025.00,20.00,0.00,0.00,0.00,699.00,NOS,NOS,NOS,1,0.000,1797.00,,,0.000,,,,,,5859,1,,
3505,P-3505,C-11 cotton pants 1459,22,,,,459.00,788.00,20.00,0.00,0.00,0.00,499.00,NOS,NOS,NOS,1,0.000,1377.00,,,0.000,,,,,,6188,1,,
3504,P-3504,C-11 cotton pants 1461,22,,,,461.00,788.00,20.00,0.00,0.00,0.00,499.00,NOS,NOS,NOS,1,0.000,1383.00,,,0.000,,,,,,6187,1,,
3506,P-3506,C-11 cotton pants 1549,22,,,,549.00,950.70,20.00,0.00,0.00,0.00,579.00,NOS,NOS,NOS,1,0.000,1647.00,,,0.000,,,,,,6189,1,,
3507,P-3507,C-11 Formal pants 1365,22,,,,365.00,625.00,20.00,0.00,0.00,0.00,379.00,NOS,NOS,NOS,1,0.000,1095.00,,,0.000,,,,,,6190,1,,
2733,P-2733,C-11 FORMAL PENTS 1345,13,,,,345.00,588.00,20.00,0.00,0.00,0.00,399.00,NOS,NOS,NOS,1,0.000,1035.00,,,0.000,,,,,,5348,1,,
3191,P-3191,C-11 FORMAL PENTS 1385,13,,,,385.00,675.00,0.00,0.00,0.00,0.00,399.00,NOS,NOS,NOS,1,0.000,1155.00,,,0.000,,,,,,583,1,,
3193,P-3193,C-11 JAPANEESE PENTS 1629,13,,,,629.00,1075.00,0.00,0.00,0.00,0.00,659.00,NOS,NOS,NOS,1,0.000,1887.00,,,0.000,,,,,,5854,1,,
3503,P-3503,C-11 Jeans 1530,22,,,,530.00,925.00,20.00,0.00,0.00,0.00,599.00,NOS,NOS,NOS,1,0.000,1590.00,,,0.000,,,,,,6186,1,,
3502,P-3502,C-11 Jeans 1549,22,,,,549.00,950.00,20.00,0.00,0.00,0.00,599.00,NOS,NOS,NOS,1,0.000,1647.00,,,0.000,,,,,,6185,1,,
3501,P-3501,C-11 Jeans 1595,22,,,,595.00,1025.00,20.00,0.00,0.00,0.00,599.00,NOS,NOS,NOS,1,0.000,1785.00,,,0.000,,,,,,6184,1,,
3499,P-3499,C-11 Jeans 1625,22,,,,625.00,1100.70,20.00,0.00,0.00,0.00,699.00,NOS,NOS,NOS,1,0.000,1875.00,,,0.000,,,,,,6182,1,,
3195,P-3195,C-11 JEANS PENTS 1525,13,,,,525.00,900.00,0.00,0.00,0.00,0.00,559.00,NOS,NOS,NOS,1,0.000,1575.00,,,0.000,,,,,,5856,1,,
3196,P-3196,C-11 JEANS PENTS 1575,13,,,,575.00,1000.00,0.00,0.00,0.00,0.00,559.00,NOS,NOS,NOS,1,0.000,1725.00,,,0.000,,,,,,5857,1,,
3500,P-3500,C-11 Pants 1565,22,,,,565.00,1000.00,20.00,0.00,0.00,0.00,599.00,NOS,NOS,NOS,1,0.000,1695.00,,,0.000,,,,,,6183,1,,
3587,P-3587,Candy doll 1301,60,,,,301.00,525.00,20.00,0.00,0.00,0.00,399.00,NOS,NOS,NOS,1,0.000,903.00,,,0.000,,,,,,6271,1,,
3098,P-3098,Candy doll 1336,63,,,,336.00,575.00,20.00,0.00,0.00,0.00,399.00,NOS,NOS,NOS,1,0.000,1008.00,,,0.000,,,,,,5741,1,,
3585,P-3585,Candy doll 1360,60,,,,360.00,625.00,20.00,0.00,0.00,0.00,399.00,NOS,NOS,NOS,1,0.000,1080.00,,,0.000,,,,,,6269,1,,
3586,P-3586,Candy doll 1368,60,,,,368.00,625.00,20.00,0.00,0.00,0.00,399.00,NOS,NOS,NOS,1,0.000,1104.00,,,0.000,,,,,,6270,1,,
3100,P-3100,Candy doll 1372,20,,,,372.00,650.00,20.00,0.00,0.00,0.00,399.00,NOS,NOS,NOS,1,0.000,1116.00,,,0.000,,,,,,5739,1,,
3584,P-3584,Candy doll 1389,60,,,,389.00,675.00,20.00,0.00,0.00,0.00,399.00,NOS,NOS,NOS,1,0.000,1167.00,,,0.000,,,,,,6268,1,,
3097,P-3097,Candy doll 1407,63,,,,407.00,700.00,20.00,0.00,0.00,0.00,499.00,NOS,NOS,NOS,1,0.000,1221.00,,,0.000,,,,,,5742,1,,
3089,P-3089,Candy doll 1431,63,,,,431.00,750.00,20.00,0.00,0.00,0.00,499.00,NOS,NOS,NOS,1,0.000,1293.00,,,0.000,,,,,,5750,1,,
3087,P-3087,Candy doll 1443,63,,,,443.00,775.00,20.00,0.00,0.00,0.00,499.00,NOS,NOS,NOS,1,0.000,1329.00,,,0.000,,,,,,5752,1,,
3088,P-3088,Candy doll 1454,63,,,,454.00,775.00,20.00,0.00,0.00,0.00,499.00,NOS,NOS,NOS,1,0.000,1362.00,,,0.000,,,,,,5751,1,,
3090,P-3090,Candy doll 1466,63,,,,466.00,800.00,20.00,0.00,0.00,0.00,499.00,NOS,NOS,NOS,1,0.000,1398.00,,,0.000,,,,,,5749,1,,
2772,P-2772,Candy doll1372,63,,,,372.00,650.00,20.00,0.00,0.00,0.00,399.00,NOS,NOS,NOS,1,0.000,1116.00,,,0.000,,,,,,5391,1,,
2771,P-2771,Candy doll1378,63,,,,378.00,650.00,20.00,0.00,0.00,0.00,399.00,NOS,NOS,NOS,1,0.000,1134.00,,,0.000,,,,,,5390,1,,
2770,P-2770,Candy doll1419,63,,,,419.00,725.00,20.00,0.00,0.00,0.00,499.00,NOS,NOS,NOS,1,0.000,1257.00,,,0.000,,,,,,5389,1,,
215,P-0215,CANDY-GO 1159,35,gbb,,,1100.00,1360.00,20.00,0.00,0.00,0.00,999.00,NOS,NOS,NOS,1,0.000,1700.00,,,1.000,,,,10,,1607,1,,
1338,P-1338,Cap 1097,105,,,,97.00,160.00,0.00,0.00,0.00,0.00,99.00,NOS,NOS,NOS,1,0.000,200.00,,,0.000,,,,,,3789,1,,
1335,P-1335,Cap 1109,105,,,,109.00,150.00,0.00,0.00,0.00,0.00,139.00,NOS,NOS,NOS,1,0.000,188.00,,,0.000,,,,,,3786,1,,
1339,P-1339,Cap 1124,105,,,,124.00,220.00,0.00,0.00,0.00,0.00,139.00,NOS,NOS,NOS,1,0.000,275.00,,,0.000,,,,,,3790,1,,
1342,P-1342,Cap set 1069,85,,,,69.00,100.00,20.00,0.00,0.00,0.00,79.00,NOS,NOS,NOS,1,0.000,125.00,,,0.000,,,,,,3793,1,,
1340,P-1340,Cap set 1072,85,,,,72.00,150.00,20.00,0.00,0.00,0.00,79.00,NOS,NOS,NOS,1,0.000,188.00,,,0.000,,,,,,3791,1,,
1360,P-1360,Cap1111,80,,,,111.00,150.00,0.00,2.50,2.50,0.00,119.00,NOS,NOS,NOS,1,0.000,188.00,,,0.000,,,,,,3811,1,,
63,P-0063,Capri opening stock,14,,,,225.00,300.00,20.00,0.00,0.00,0.00,250.00,NOS,NOS,NOS,1,0.000,375.00,MEN'S COUNTER,,9.000,,,,,,1138,1,,
63,P-0063,Capri opening stock,14,,,,225.00,300.00,20.00,0.00,0.00,0.00,250.00,NOS,NOS,NOS,1,0.000,375.00,MEN'S COUNTER,,5.000,,,,,,1139,1,,
1244,P-1244,Capry,42,,,,400.00,675.00,20.00,0.00,0.00,0.00,499.00,NOS,NOS,NOS,1,0.000,1200.00,,,0.000,,,,,,3694,1,,
313,P-0313,Capry nikker OP,42,,,,65.00,83.00,20.00,0.00,0.00,0.00,75.00,NOS,NOS,NOS,1,0.000,104.00,,,1.000,,,,26,,1966,1,,
313,P-0313,Capry nikker OP,42,,,,65.00,83.00,20.00,0.00,0.00,0.00,75.00,NOS,NOS,NOS,1,0.000,104.00,,,4.000,,,,,,1967,1,,
313,P-0313,Capry nikker OP,42,,,,65.00,83.00,20.00,0.00,0.00,0.00,75.00,NOS,NOS,NOS,1,0.000,104.00,,,4.000,,,,,,1968,1,,
313,P-0313,Capry nikker OP,42,,,,65.00,83.00,20.00,0.00,0.00,0.00,75.00,NOS,NOS,NOS,1,0.000,104.00,,,3.000,,,,,,1969,1,,
732,P-0732,Carbonn 1865,23,,,,865.00,1180.00,20.00,0.00,0.00,0.00,899.00,NOS,NOS,NOS,1,0.000,1475.00,,,3.000,,,,,,3126,1,,
666,P-0666,Cardigan,97,,,,221.00,300.00,20.00,0.00,0.00,0.00,259.00,NOS,NOS,NOS,1,0.000,375.00,,,3.000,,,,,,2798,1,,
666,P-0666,Cardigan,97,,,,221.00,300.00,20.00,0.00,0.00,0.00,259.00,NOS,NOS,NOS,1,0.000,375.00,,,1.000,,,,,,2799,1,,
666,P-0666,Cardigan,97,,,,221.00,300.00,20.00,0.00,0.00,0.00,259.00,NOS,NOS,NOS,1,0.000,375.00,,,1.000,,,,,,2800,1,,
666,P-0666,Cardigan,97,,,,221.00,300.00,20.00,0.00,0.00,0.00,259.00,NOS,NOS,NOS,1,0.000,375.00,,,2.000,,,,,,2801,1,,
666,P-0666,Cardigan,97,,,,221.00,300.00,20.00,0.00,0.00,0.00,259.00,NOS,NOS,NOS,1,0.000,375.00,,,4.000,,,,,,2802,1,,
666,P-0666,Cardigan,97,,,,221.00,300.00,20.00,0.00,0.00,0.00,259.00,NOS,NOS,NOS,1,0.000,375.00,,,2.000,,,,,,2803,1,,
666,P-0666,Cardigan,97,,,,221.00,300.00,20.00,0.00,0.00,0.00,259.00,NOS,NOS,NOS,1,0.000,375.00,,,2.000,,,,,,2804,1,,
666,P-0666,Cardigan,97,,,,221.00,300.00,20.00,0.00,0.00,0.00,259.00,NOS,NOS,NOS,1,0.000,375.00,,,4.000,,,,,,2805,1,,
666,P-0666,Cardigan,97,,,,221.00,300.00,20.00,0.00,0.00,0.00,259.00,NOS,NOS,NOS,1,0.000,375.00,,,2.000,,,,,,2806,1,,
666,P-0666,Cardigan,97,,,,221.00,300.00,20.00,0.00,0.00,0.00,259.00,NOS,NOS,NOS,1,0.000,375.00,,,2.000,,,,,,2807,1,,
666,P-0666,Cardigan,97,,,,221.00,300.00,20.00,0.00,0.00,0.00,259.00,NOS,NOS,NOS,1,0.000,375.00,,,1.000,,,,,,2808,1,,
666,P-0666,Cardigan,97,,,,221.00,300.00,20.00,0.00,0.00,0.00,259.00,NOS,NOS,NOS,1,0.000,375.00,,,3.000,,,,,,2809,1,,
666,P-0666,Cardigan,97,,,,221.00,300.00,20.00,0.00,0.00,0.00,259.00,NOS,NOS,NOS,1,0.000,375.00,,,2.000,,,,,,2810,1,,
666,P-0666,Cardigan,97,,,,221.00,300.00,20.00,0.00,0.00,0.00,259.00,NOS,NOS,NOS,1,0.000,375.00,,,2.000,,,,,,2811,1,,
666,P-0666,Cardigan,97,,,,221.00,300.00,20.00,0.00,0.00,0.00,259.00,NOS,NOS,NOS,1,0.000,375.00,,,7.000,,,,,,2812,1,,
666,P-0666,Cardigan,97,,,,221.00,300.00,20.00,0.00,0.00,0.00,259.00,NOS,NOS,NOS,1,0.000,375.00,,,1.000,,,,,,2813,1,,
193,P-0193,cargo pants,44,gbb,,,290.00,400.00,20.00,0.00,0.00,0.00,299.00,NOS,NOS,NOS,1,0.000,500.00,MENS COUNTER,,4.000,,,,,,1435,1,,
193,P-0193,cargo pants,44,gbb,,,290.00,400.00,20.00,0.00,0.00,0.00,299.00,NOS,NOS,NOS,1,0.000,500.00,MENS COUNTER,,5.000,,,,,,1436,1,,
1424,P-1424,Cargo pants 1350,4,,,,350.00,875.00,20.00,0.00,0.00,0.00,399.00,NOS,NOS,NOS,1,0.000,1050.00,,,0.000,,,,,,3897,1,,
1764,P-1764,Carnel Classic 1690,56,,,,690.00,1225.00,20.00,0.00,0.00,0.00,699.00,NOS,NOS,NOS,1,0.000,2070.00,,,0.000,,,,,,4320,1,,
1539,P-1539,Carnel classic 1764,56,,,,764.00,1350.00,20.00,0.00,0.00,0.00,799.00,NOS,NOS,NOS,1,0.000,2292.00,,,0.000,,,,,,4093,1,,
69,P-0069,Carol kurta style Shirt 1280,15,,,,280.00,420.00,20.00,0.00,0.00,0.00,300.00,NOS,NOS,NOS,1,0.000,525.00,Boy's counter,,9.000,,,,,,1155,1,,
22,P-0022,Carol shirt,15,,Ntin Jain,,210.00,375.00,20.00,0.00,0.00,0.00,250.00,NOS,NOS,NOS,1,5.000,630.00,Boy's counter,CC3,27.000,,,,32-36,,1049,1,,
22,P-0022,Carol shirt,15,,Ntin Jain,,210.00,375.00,20.00,0.00,0.00,0.00,250.00,NOS,NOS,NOS,1,5.000,630.00,Boy's counter,CC3,3.000,,,,32-36,,1050,1,,
22,P-0022,Carol shirt,15,,Ntin Jain,,210.00,375.00,20.00,0.00,0.00,0.00,250.00,NOS,NOS,NOS,1,5.000,630.00,Boy's counter,CC3,17.000,,,,,,1051,1,,
22,P-0022,Carol shirt,15,,Ntin Jain,,210.00,375.00,20.00,0.00,0.00,0.00,250.00,NOS,NOS,NOS,1,5.000,630.00,Boy's counter,CC3,13.000,,,,26-30,,1052,1,,
22,P-0022,Carol shirt,15,,Ntin Jain,,210.00,375.00,20.00,0.00,0.00,0.00,250.00,NOS,NOS,NOS,1,5.000,630.00,Boy's counter,CC3,4.000,,,,26-30,,1053,1,,
22,P-0022,Carol shirt,15,,Ntin Jain,,210.00,375.00,20.00,0.00,0.00,0.00,250.00,NOS,NOS,NOS,1,5.000,630.00,Boy's counter,CC3,15.000,,,,20-24,,1054,1,,
2114,P-2114,Carol shirt 1190,15,,,,190.00,325.00,20.00,0.00,0.00,0.00,199.00,NOS,NOS,NOS,1,0.000,570.00,,,0.000,,,,,,4699,1,,
2115,P-2115,Carol shirt 1200,15,,,,200.00,350.00,20.00,0.00,0.00,0.00,259.00,NOS,NOS,NOS,1,0.000,600.00,,,0.000,,,,,,4700,1,,
2116,P-2116,Carol shirt 1210,15,,,,210.00,375.00,20.00,0.00,0.00,0.00,279.00,NOS,NOS,NOS,1,0.000,630.00,,,0.000,,,,,,4701,1,,
24,P-0024,Carol shirt 1225,15,,Nition jain,,225.00,300.00,0.00,0.00,0.00,0.00,250.00,NOS,NOS,NOS,1,3.000,375.00,Boy's counter,CC3-1,8.000,,,,38,,1060,1,,
2117,P-2117,Carol shirt 1230,15,,,,230.00,400.00,20.00,0.00,0.00,0.00,299.00,NOS,NOS,NOS,1,0.000,720.00,,,0.000,,,,,,4702,1,,
757,P-0757,carol shirt black / white,15,,,,150.00,315.00,20.00,0.00,0.00,0.00,223.00,NOS,NOS,NOS,1,0.000,450.00,,,0.000,,,,22,,3174,1,,
757,P-0757,carol shirt black / white,15,,,,150.00,315.00,20.00,0.00,0.00,0.00,223.00,NOS,NOS,NOS,1,0.000,450.00,,,0.000,,,,24,,3175,1,,
757,P-0757,carol shirt black / white,15,,,,150.00,315.00,20.00,0.00,0.00,0.00,223.00,NOS,NOS,NOS,1,0.000,450.00,,,0.000,,,,26-30,,3176,1,,
757,P-0757,carol shirt black / white,15,,,,150.00,315.00,20.00,0.00,0.00,0.00,223.00,NOS,NOS,NOS,1,0.000,450.00,,,0.000,,,,32-36,,3177,1,,
757,P-0757,carol shirt black / white,15,,,,150.00,315.00,20.00,0.00,0.00,0.00,223.00,NOS,NOS,NOS,1,0.000,450.00,,,0.000,,,,38,,3178,1,,
1722,P-1722,Castle Pink 1855,56,,,,855.00,1525.00,20.00,0.00,0.00,0.00,899.00,NOS,NOS,NOS,1,0.000,2565.00,,,0.000,,,,,,4278,1,,
2732,P-2732,C-ELEVEN CARGO PENTS 1575,13,,,,575.00,1000.00,20.00,0.00,0.00,0.00,599.00,NOS,NOS,NOS,1,0.000,1725.00,,,0.000,,,,,,5346,1,,
2731,P-2731,C-ELEVEN CHINOS PENTS 1499,13,,,,499.00,850.00,20.00,0.00,0.00,0.00,599.00,NOS,NOS,NOS,1,0.000,1497.00,,,0.000,,,,,,5345,1,,
376,P-0376,CH RGN Woolen,88,,,,240.00,300.00,20.00,0.00,0.00,0.00,291.00,NOS,NOS,NOS,1,0.000,375.00,,,0.000,,,,,,2234,1,,
376,P-0376,CH RGN Woolen,88,,,,240.00,300.00,20.00,0.00,0.00,0.00,291.00,NOS,NOS,NOS,1,0.000,375.00,,,0.000,,,,,,2235,1,,
376,P-0376,CH RGN Woolen,88,,,,240.00,300.00,20.00,0.00,0.00,0.00,291.00,NOS,NOS,NOS,1,0.000,375.00,,,0.000,,,,,,2236,1,,
762,P-0762,change,111,,,,100.00,100.00,0.00,0.00,0.00,0.00,100.00,PCS,PCS,PCS,1,0.000,100.00,,,10.000,,,,,,3183,1,,
318,P-0318,Chic-Moda fashion,26,,,,145.00,200.00,20.00,0.00,0.00,0.00,188.00,NOS,NOS,NOS,1,0.000,250.00,,,11.000,,,,,,1985,1,,
1741,P-1741,Choco bay @ 1537,56,,,,537.00,950.00,20.00,0.00,0.00,0.00,599.00,NOS,NOS,NOS,1,0.000,1611.00,,,0.000,,,,,,4297,1,,
1744,P-1744,Choco bay @ 1584,56,,,,584.00,1025.00,20.00,0.00,0.00,0.00,599.00,NOS,NOS,NOS,1,0.000,1752.00,,,0.000,,,,,,4300,1,,
1742,P-1742,Choco bay @ 1614,56,,,,614.00,1088.00,20.00,0.00,0.00,0.00,699.00,NOS,NOS,NOS,1,0.000,1842.00,,,0.000,,,,,,4298,1,,
1743,P-1743,Choco bay @ 1631,56,,,,631.00,1125.00,20.00,0.00,0.00,0.00,699.00,NOS,NOS,NOS,1,0.000,1893.00,,,0.000,,,,,,4299,1,,
1547,P-1547,Choco bay @1566,56,,,,566.00,1000.00,20.00,2.50,2.50,0.00,599.00,NOS,NOS,NOS,1,0.000,1698.00,,,0.000,,,,,,4101,1,,
1535,P-1535,Choco boy @ 1673,19,,,,673.00,1188.00,20.00,0.00,0.00,0.00,699.00,NOS,NOS,NOS,1,0.000,2019.00,,,0.000,,,,,,4089,1,,
3135,P-3135,Chocobar 1314,33,,,,314.00,550.00,20.00,0.00,0.00,0.00,389.00,NOS,NOS,NOS,1,0.000,942.00,,,0.000,,,,,,5703,1,,
3137,P-3137,Chocobar 1325,33,,,,325.00,575.00,20.00,0.00,0.00,0.00,389.00,NOS,NOS,NOS,1,0.000,975.00,,,0.000,,,,,,5701,1,,
3134,P-3134,Chocobar 1359,33,,,,359.00,625.00,20.00,0.00,0.00,0.00,389.00,NOS,NOS,NOS,1,0.000,1077.00,,,0.000,,,,,,5705,1,,
3136,P-3136,Chocobar 1382,33,,,,382.00,650.00,20.00,0.00,0.00,0.00,389.00,NOS,NOS,NOS,1,0.000,1146.00,,,0.000,,,,,,5702,1,,
1767,P-1767,Chocobar 1435,56,,,,435.00,788.00,20.00,0.00,0.00,0.00,499.00,NOS,NOS,NOS,1,0.000,1305.00,,,0.000,,,,,,4323,1,,
2794,P-2794,Chocobar 1442,19,,,,442.00,750.00,20.00,0.00,0.00,0.00,499.00,NOS,NOS,NOS,1,0.000,1326.00,,,0.000,,,,,,5414,1,,
1548,P-1548,Chocobar 1446,56,,,,446.00,800.00,20.00,0.00,0.00,0.00,499.00,NOS,NOS,NOS,1,0.000,1338.00,,,0.000,,,,,,4102,1,,
1549,P-1549,Chocobar 1459,56,,,,459.00,815.00,20.00,0.00,0.00,0.00,499.00,NOS,NOS,NOS,1,0.000,1377.00,,,0.000,,,,,,4103,1,,
2795,P-2795,Chocobar 1498,19,,,,498.00,850.00,20.00,0.00,0.00,0.00,499.00,NOS,NOS,NOS,1,0.000,1494.00,,,0.000,,,,,,5415,1,,
1550,P-1550,Chocobar1437,56,,,,437.00,788.00,20.00,0.00,0.00,0.00,499.00,NOS,NOS,NOS,1,0.000,1311.00,,,0.000,,,,,,4104,1,,
1128,P-1128,Choice 1115,117,,,,115.00,180.00,20.00,0.00,0.00,0.00,150.00,NOS,NOS,NOS,1,0.000,225.00,,,0.000,,,,,,3578,1,,
1127,P-1127,Choice 1121,117,,,,121.00,200.00,20.00,0.00,0.00,0.00,150.00,NOS,NOS,NOS,1,0.000,250.00,,,0.000,,,,,,3577,1,,
3128,P-3128,Choice 1122,121,,,,122.00,275.00,20.00,0.00,0.00,0.00,179.00,NOS,NOS,NOS,1,0.000,366.00,,,0.000,,,,,,5711,1,,
2819,P-2819,Choice 1124,56,,,,124.00,250.00,20.00,0.00,0.00,0.00,199.00,NOS,NOS,NOS,1,0.000,744.00,,,0.000,,,,,,5440,1,,
1126,P-1126,Choice 1127,117,,,,127.00,250.00,20.00,0.00,0.00,0.00,150.00,NOS,NOS,NOS,1,0.000,375.00,,,0.000,,,,,,3576,1,,
159,P-0159,Choice kids wear 352/1 .C 1113,20,gbb,,,113.00,200.00,20.00,0.00,0.00,0.00,150.00,NOS,NOS,NOS,1,0.000,250.00,Boy's counter,,4.000,,,,,,1300,1,,
158,P-0158,Choice kids wear 401/7 1103,20,gbb,,,103.00,180.00,0.00,0.00,0.00,0.00,99.00,NOS,NOS,NOS,1,0.000,225.00,Boy's counter,,3.000,,,,,,1299,1,,
796,P-0796,chunni,116,,,,120.00,250.00,20.00,0.00,0.00,0.00,169.00,NOS,NOS,NOS,1,0.000,360.00,,,0.000,,,,,,3244,1,,
985,P-0985,City boy 1418,20,,,,418.00,580.00,20.00,0.00,0.00,0.00,499.00,NOS,NOS,NOS,1,0.000,725.00,,,0.000,,,,,,3435,1,,
2265,P-2265,CK 1280,20,,,,280.00,525.00,20.00,0.00,0.00,0.00,299.00,NOS,NOS,NOS,1,0.000,840.00,,,0.000,,,,,,4850,1,,
293,P-0293,CK Underwear,57,,,,100.00,150.00,0.00,0.00,0.00,0.00,120.00,NOS,NOS,NOS,1,0.000,188.00,,,12.000,,,,S,,1780,1,,
293,P-0293,CK Underwear,57,,,,100.00,150.00,0.00,0.00,0.00,0.00,120.00,NOS,NOS,NOS,1,0.000,188.00,,,12.000,,,,M,,1782,1,,
293,P-0293,CK Underwear,57,,,,100.00,150.00,0.00,0.00,0.00,0.00,120.00,NOS,NOS,NOS,1,0.000,188.00,,,12.000,,,,L,,1779,1,,
293,P-0293,CK Underwear,57,,,,100.00,150.00,0.00,0.00,0.00,0.00,120.00,NOS,NOS,NOS,1,0.000,188.00,,,12.000,,,,XL,,1704,1,,
717,P-0717,coat pant 2  piece,88,,,,234.00,4.00,0.00,0.00,0.00,0.00,421.00,NOS,NOS,NOS,1,0.000,344.00,,,0.000,,,,,,3065,1,,
717,P-0717,coat pant 2  piece,88,,,,234.00,4.00,0.00,0.00,0.00,0.00,421.00,NOS,NOS,NOS,1,0.000,344.00,,,0.000,,,,,,3066,1,,
717,P-0717,coat pant 2  piece,88,,,,234.00,4.00,0.00,0.00,0.00,0.00,421.00,NOS,NOS,NOS,1,0.000,344.00,,,0.000,,,,,,3067,1,,
717,P-0717,coat pant 2  piece,88,,,,234.00,4.00,0.00,0.00,0.00,0.00,421.00,NOS,NOS,NOS,1,0.000,344.00,,,0.000,,,,,,3068,1,,
717,P-0717,coat pant 2  piece,88,,,,234.00,4.00,0.00,0.00,0.00,0.00,421.00,NOS,NOS,NOS,1,0.000,344.00,,,0.000,,,,,,3069,1,,
717,P-0717,coat pant 2  piece,88,,,,234.00,4.00,0.00,0.00,0.00,0.00,421.00,NOS,NOS,NOS,1,0.000,344.00,,,0.000,,,,,,3070,1,,
717,P-0717,coat pant 2  piece,88,,,,234.00,4.00,0.00,0.00,0.00,0.00,421.00,NOS,NOS,NOS,1,0.000,344.00,,,0.000,,,,,,3071,1,,
717,P-0717,coat pant 2  piece,88,,,,234.00,4.00,0.00,0.00,0.00,0.00,421.00,NOS,NOS,NOS,1,0.000,344.00,,,0.000,,,,,,3072,1,,
728,P-0728,coat pant 5 piece,90,,,,920.00,1552.00,20.00,0.00,0.00,0.00,999.00,NOS,NOS,NOS,1,0.000,1940.00,,,1.000,,,,,,3111,1,,
728,P-0728,coat pant 5 piece,90,,,,920.00,1552.00,20.00,0.00,0.00,0.00,999.00,NOS,NOS,NOS,1,0.000,1940.00,,,14.000,,,,,,3112,1,,
728,P-0728,coat pant 5 piece,90,,,,920.00,1552.00,20.00,0.00,0.00,0.00,999.00,NOS,NOS,NOS,1,0.000,1940.00,,,11.000,,,,,,3113,1,,
728,P-0728,coat pant 5 piece,90,,,,920.00,1552.00,20.00,0.00,0.00,0.00,999.00,NOS,NOS,NOS,1,0.000,1940.00,,,12.000,,,,,,3114,1,,
728,P-0728,coat pant 5 piece,90,,,,920.00,1552.00,20.00,0.00,0.00,0.00,999.00,NOS,NOS,NOS,1,0.000,1940.00,,,4.000,,,,,,3115,1,,
728,P-0728,coat pant 5 piece,90,,,,920.00,1552.00,20.00,0.00,0.00,0.00,999.00,NOS,NOS,NOS,1,0.000,1940.00,,,4.000,,,,,,3116,1,,
729,P-0729,coat pant 5 piece,90,,,,520.00,1000.00,20.00,0.00,0.00,0.00,599.00,NOS,NOS,NOS,1,0.000,1250.00,,,5.000,,,,,,3117,1,,
730,P-0730,coat pant 5 piece set,90,,,,999.00,2400.00,20.00,0.00,0.00,0.00,1099.00,NOS,NOS,NOS,1,0.000,3000.00,,,5.000,,,,,,3118,1,,
730,P-0730,coat pant 5 piece set,90,,,,999.00,2400.00,20.00,0.00,0.00,0.00,1099.00,NOS,NOS,NOS,1,0.000,3000.00,,,10.000,,,,,,3119,1,,
730,P-0730,coat pant 5 piece set,90,,,,999.00,2400.00,20.00,0.00,0.00,0.00,1099.00,NOS,NOS,NOS,1,0.000,3000.00,,,9.000,,,,,,3121,1,,
730,P-0730,coat pant 5 piece set,90,,,,999.00,2400.00,20.00,0.00,0.00,0.00,1099.00,NOS,NOS,NOS,1,0.000,3000.00,,,7.000,,,,,,3122,1,,
730,P-0730,coat pant 5 piece set,90,,,,999.00,2400.00,20.00,0.00,0.00,0.00,1099.00,NOS,NOS,NOS,1,0.000,3000.00,,,11.000,,,,,,3120,1,,
730,P-0730,coat pant 5 piece set,90,,,,999.00,2400.00,20.00,0.00,0.00,0.00,1099.00,NOS,NOS,NOS,1,0.000,3000.00,,,3.000,,,,,,3123,1,,
730,P-0730,coat pant 5 piece set,90,,,,999.00,2400.00,20.00,0.00,0.00,0.00,1099.00,NOS,NOS,NOS,1,0.000,3000.00,,,13.000,,,,,,3124,1,,
363,P-0363,Coco tree regular panty PO3,74,,,,55.00,75.00,0.00,0.00,0.00,0.00,60.00,NOS,NOS,NOS,1,0.000,94.00,,,9.000,,,,M,,2112,1,,
363,P-0363,Coco tree regular panty PO3,74,,,,55.00,75.00,0.00,0.00,0.00,0.00,60.00,NOS,NOS,NOS,1,0.000,94.00,,,2.000,,,,L,,2113,1,,
146,P-0146,Concept 226 1334,20,gbb,,,334.00,460.00,0.00,0.00,0.00,0.00,300.00,NOS,NOS,NOS,1,0.000,575.00,Boy's counter,,1.000,,,,,,1287,1,,
286,P-0286,Cool cycling shorts,62,,,,121.00,136.00,0.00,0.00,0.00,0.00,129.00,NOS,NOS,NOS,1,0.000,171.00,,,4.000,,,,65cm,Black,1677,1,,
286,P-0286,Cool cycling shorts,62,,,,121.00,136.00,0.00,0.00,0.00,0.00,129.00,NOS,NOS,NOS,1,0.000,171.00,,,3.000,,,,S/80,black,8904122472863,1,,
286,P-0286,Cool cycling shorts,62,,,,121.00,136.00,0.00,0.00,0.00,0.00,129.00,NOS,NOS,NOS,1,0.000,171.00,,,2.000,,,,S/80,white,1678,1,,
286,P-0286,Cool cycling shorts,62,,,,121.00,136.00,0.00,0.00,0.00,0.00,129.00,NOS,NOS,NOS,1,0.000,171.00,,,2.000,,,,M/85,white,1679,1,,
286,P-0286,Cool cycling shorts,62,,,,121.00,136.00,0.00,0.00,0.00,0.00,129.00,NOS,NOS,NOS,1,0.000,171.00,,,5.000,,,,M/85/L90,Black,8904122472870,1,,
286,P-0286,Cool cycling shorts,62,,,,121.00,136.00,0.00,0.00,0.00,0.00,129.00,NOS,NOS,NOS,1,0.000,171.00,,,7.000,,,,100,Black,8904122472887,1,,
1422,P-1422,Cool mens capri TS-150,14,,,,210.00,465.00,20.00,0.00,0.00,0.00,299.00,NOS,NOS,NOS,1,0.000,465.00,,,5.000,,,,L,,8904122449223,1,,
1422,P-1422,Cool mens capri TS-150,14,,,,210.00,465.00,20.00,0.00,0.00,0.00,299.00,NOS,NOS,NOS,1,0.000,465.00,,,0.000,,,,M,,8904122449224,1,,
1422,P-1422,Cool mens capri TS-150,14,,,,210.00,465.00,20.00,0.00,0.00,0.00,299.00,NOS,NOS,NOS,1,0.000,465.00,,,0.000,,,,XL,,8904122449225,1,,
1422,P-1422,Cool mens capri TS-150,14,,,,210.00,465.00,20.00,0.00,0.00,0.00,299.00,NOS,NOS,NOS,1,0.000,465.00,,,0.000,,,,XXL,,8904122449226,1,,
1418,P-1418,Cool Mens printed bermuda TS-140,8,,,,210.00,390.00,20.00,0.00,0.00,0.00,299.00,NOS,NOS,NOS,1,0.000,390.00,,,3.000,,,,M,,8904122416768,1,,
1418,P-1418,Cool Mens printed bermuda TS-140,8,,,,210.00,390.00,20.00,0.00,0.00,0.00,299.00,NOS,NOS,NOS,1,0.000,390.00,,,5.000,,,,XL,,8904122416782,1,,
1418,P-1418,Cool Mens printed bermuda TS-140,8,,,,210.00,390.00,20.00,0.00,0.00,0.00,299.00,NOS,NOS,NOS,1,0.000,390.00,,,3.000,,,,XXL,,8904122416799,1,,
55,P-0055,Core dry fit tshirt1200,7,,,,200.00,300.00,20.00,0.00,0.00,0.00,200.00,NOS,NOS,NOS,1,0.000,375.00,,,0.000,,,,,,1110,1,,
1717,P-1717,Cosmo 1545,19,,,,545.00,988.00,20.00,0.00,0.00,0.00,599.00,NOS,NOS,NOS,1,0.000,1635.00,,,0.000,,,,,,4273,1,,
1144,P-1144,Cotimine 1270,7,,,,270.00,380.00,20.00,0.00,0.00,0.00,299.00,NOS,NOS,NOS,1,0.000,475.00,,,0.000,,,,,,3594,1,,
1988,P-1988,Cotimine 1595,12,,,,595.00,1025.00,20.00,0.00,0.00,0.00,599.00,NOS,NOS,NOS,1,0.000,1785.00,,,0.000,,,,,,4571,1,,
3527,P-3527,Cotmine 1142,14,,,,142.00,250.00,20.00,0.00,0.00,0.00,199.00,NOS,NOS,NOS,1,0.000,426.00,,,0.000,,,,,,6210,1,,
3526,P-3526,Cotmine 1157,14,,,,157.00,288.00,20.00,0.00,0.00,0.00,199.00,NOS,NOS,NOS,1,0.000,471.00,,,0.000,,,,,,6209,1,,
3528,P-3528,Cotmine 1167,14,,,,167.00,288.00,20.00,0.00,0.00,0.00,199.00,NOS,NOS,NOS,1,0.000,501.00,,,0.000,,,,,,6211,1,,
3533,P-3533,Cotmine 1173,8,,,,173.00,300.00,20.00,0.00,0.00,0.00,199.00,NOS,NOS,OTH,1,0.000,519.00,,,0.000,,,,,,6216,1,,
3537,P-3537,Cotmine 1176,8,,,,176.00,300.00,20.00,0.00,0.00,0.00,199.00,NOS,NOS,OTH,1,0.000,528.00,,,0.000,,,,,,6221,1,,
3534,P-3534,Cotmine 1178,8,,,,178.00,325.00,20.00,0.00,0.00,0.00,199.00,NOS,NOS,OTH,1,0.000,534.00,,,0.000,,,,,,6218,1,,
3532,P-3532,Cotmine 1181,8,,,,181.00,325.00,20.00,0.00,0.00,0.00,199.00,NOS,NOS,OTH,1,0.000,543.00,,,0.000,,,,,,6215,1,,
3529,P-3529,Cotmine 1182,14,,,,182.00,325.00,20.00,0.00,0.00,0.00,199.00,NOS,NOS,NOS,1,0.000,546.00,,,0.000,,,,,,6212,1,,
3531,P-3531,Cotmine 1187,8,,,,187.00,325.00,20.00,0.00,0.00,0.00,199.00,NOS,NOS,OTH,1,0.000,561.00,,,0.000,,,,,,6214,1,,
3536,P-3536,Cotmine 1192,8,,,,192.00,350.00,20.00,0.00,0.00,0.00,199.00,NOS,NOS,OTH,1,0.000,576.00,,,0.000,,,,,,6220,1,,
3250,P-3250,Cotmine 1195,7,,,,195.00,350.00,20.00,0.00,0.00,0.00,199.00,NOS,NOS,NOS,1,0.000,585.00,,,0.000,,,,,,5916,1,,
3253,P-3253,Cotmine 1200,7,,,,200.00,350.00,20.00,0.00,0.00,0.00,249.00,NOS,NOS,NOS,1,0.000,600.00,,,0.000,,,,,,5919,1,,
3530,P-3530,Cotmine 1210,8,,,,210.00,375.00,20.00,0.00,0.00,0.00,239.00,NOS,NOS,NOS,1,0.000,630.00,,,0.000,,,,,,6213,1,,
3252,P-3252,Cotmine 1215,7,,,,215.00,375.00,20.00,0.00,0.00,0.00,299.00,NOS,NOS,NOS,1,0.000,645.00,,,0.000,,,,,,5918,1,,
3551,P-3551,Cotmine 1220,33,,,,220.00,375.00,20.00,0.00,0.00,0.00,259.00,NOS,NOS,NOS,1,0.000,660.00,,,0.000,,,,,,6235,1,,
3251,P-3251,Cotmine 1225,7,,,,225.00,400.00,20.00,0.00,0.00,0.00,299.00,NOS,NOS,NOS,1,0.000,675.00,,,0.000,,,,,,5917,1,,
3553,P-3553,Cotmine 1226,33,,,,226.00,400.00,20.00,0.00,0.00,0.00,259.00,NOS,NOS,OTH,1,0.000,678.00,,,0.000,,,,,,6237,1,,
3552,P-3552,Cotmine 1230,33,,,,230.00,400.00,20.00,0.00,0.00,0.00,259.00,NOS,NOS,NOS,1,0.000,690.00,,,0.000,,,,,,6236,1,,
3538,P-3538,Cotmine 1236,8,,,,236.00,425.00,20.00,0.00,0.00,0.00,259.00,NOS,NOS,OTH,1,0.000,708.00,,,0.000,,,,,,6222,1,,
3535,P-3535,Cotmine 1247,8,,,,247.00,425.00,20.00,0.00,0.00,0.00,279.00,NOS,NOS,OTH,1,0.000,741.00,,,0.000,,,,,,6219,1,,
2350,P-2350,Cotmine 1275,7,,,,275.00,475.00,20.00,0.00,0.00,0.00,279.00,NOS,NOS,NOS,1,0.000,825.00,,,0.000,,,,,,4937,1,,
3230,P-3230,Cotmine 1278,39,,,,278.00,475.00,20.00,0.00,0.00,0.00,299.00,NOS,NOS,NOS,1,0.000,834.00,,,0.000,,,,,,5896,1,,
1145,P-1145,Cotmine 1280,7,,,,280.00,400.00,20.00,0.00,0.00,0.00,299.00,NOS,NOS,NOS,1,0.000,500.00,,,0.000,,,,,,3595,1,,
3568,P-3568,Cotmine 1282,14,,,,282.00,500.00,20.00,0.00,0.00,0.00,299.00,NOS,NOS,NOS,1,0.000,846.00,,,0.000,,,,,,6252,1,,
3569,P-3569,Cotmine 1321,14,,,,321.00,550.00,20.00,0.00,0.00,0.00,399.00,NOS,NOS,NOS,1,0.000,963.00,,,0.000,,,,,,6253,1,,
3235,P-3235,Cotmine 1336,7,,,,336.00,575.00,20.00,0.00,0.00,0.00,399.00,NOS,NOS,NOS,1,0.000,1008.00,,,0.000,,,,,,5901,1,,
1807,P-1807,Cotmine 1360,7,,,,360.00,650.00,20.00,0.00,0.00,0.00,399.00,NOS,NOS,NOS,1,0.000,1080.00,,,0.000,,,,,,4364,1,,
3521,P-3521,Cotmine 1394,8,,,,394.00,675.00,20.00,0.00,0.00,0.00,399.00,NOS,NOS,NOS,1,0.000,1182.00,,,0.000,,,,,,6204,1,,
3522,P-3522,Cotmine 1405,8,,,,405.00,700.70,20.00,0.00,0.00,0.00,499.00,NOS,NOS,NOS,1,0.000,1215.00,,,0.000,,,,,,6205,1,,
1936,P-1936,Cotmine 1420,16,,,,420.00,725.00,20.00,0.00,0.00,0.00,499.00,NOS,NOS,NOS,1,0.000,1260.00,,,0.000,,,,,,4501,1,,
2007,P-2007,Cotmine 1595,12,,,,595.00,1025.00,20.00,0.00,0.00,0.00,599.00,NOS,NOS,NOS,1,0.000,1785.00,,,0.000,,,,,,4590,1,,
1240,P-1240,Cotrise pants,6,,,,290.00,500.00,20.00,0.00,0.00,0.00,299.00,NOS,NOS,NOS,1,0.000,870.00,,,0.000,,,,,,3690,1,,
3616,P-3616,Cotton Caneda 1265,2,,,,265.00,450.00,20.00,0.00,0.00,0.00,299.00,NOS,NOS,NOS,1,0.000,795.00,,,0.000,,,,,,6300,1,,
59,P-0059,cotton capri 1230,14,,,,230.00,320.00,20.00,0.00,0.00,0.00,250.00,NOS,NOS,NOS,1,0.000,400.00,MEN'S COUNTER,,2.000,,,,,,1134,1,,
58,P-0058,cotton capri 1440,14,,,,440.00,560.00,20.00,0.00,0.00,0.00,4500.00,NOS,NOS,NOS,1,0.000,700.00,MEN'S COUNTER,,8.000,,,,,,1133,1,,
56,P-0056,Cotton chinos opening stock,6,,,,515.00,680.00,20.00,0.00,0.00,0.00,550.00,NOS,NOS,NOS,1,0.000,850.00,MEN'S COUNTER,,10.000,,,,,,1111,1,,
56,P-0056,Cotton chinos opening stock,6,,,,515.00,680.00,20.00,0.00,0.00,0.00,550.00,NOS,NOS,NOS,1,0.000,850.00,MEN'S COUNTER,,9.000,,,,,,1112,1,,
56,P-0056,Cotton chinos opening stock,6,,,,515.00,680.00,20.00,0.00,0.00,0.00,550.00,NOS,NOS,NOS,1,0.000,850.00,MEN'S COUNTER,,7.000,,,,7,,1113,1,,
56,P-0056,Cotton chinos opening stock,6,,,,515.00,680.00,20.00,0.00,0.00,0.00,550.00,NOS,NOS,NOS,1,0.000,850.00,MEN'S COUNTER,,14.000,,,,,,1114,1,,
56,P-0056,Cotton chinos opening stock,6,,,,515.00,680.00,20.00,0.00,0.00,0.00,550.00,NOS,NOS,NOS,1,0.000,850.00,MEN'S COUNTER,,5.000,,,,,,1115,1,,
56,P-0056,Cotton chinos opening stock,6,,,,515.00,680.00,20.00,0.00,0.00,0.00,550.00,NOS,NOS,NOS,1,0.000,850.00,MEN'S COUNTER,,4.000,,,,,,1116,1,,
56,P-0056,Cotton chinos opening stock,6,,,,515.00,680.00,20.00,0.00,0.00,0.00,550.00,NOS,NOS,NOS,1,0.000,850.00,MEN'S COUNTER,,10.000,,,,,,1117,1,,
56,P-0056,Cotton chinos opening stock,6,,,,515.00,680.00,20.00,0.00,0.00,0.00,550.00,NOS,NOS,NOS,1,0.000,850.00,MEN'S COUNTER,,5.000,,,,,,1118,1,,
56,P-0056,Cotton chinos opening stock,6,,,,515.00,680.00,20.00,0.00,0.00,0.00,550.00,NOS,NOS,NOS,1,0.000,850.00,MEN'S COUNTER,,12.000,,,,,,1119,1,,
56,P-0056,Cotton chinos opening stock,6,,,,515.00,680.00,20.00,0.00,0.00,0.00,550.00,NOS,NOS,NOS,1,0.000,850.00,MEN'S COUNTER,,4.000,,,,,,1120,1,,
56,P-0056,Cotton chinos opening stock,6,,,,515.00,680.00,20.00,0.00,0.00,0.00,550.00,NOS,NOS,NOS,1,0.000,850.00,MEN'S COUNTER,,2.000,,,,,,1121,1,,
797,P-0797,Cotton pants,6,,,,400.00,700.00,20.00,0.00,0.00,0.00,499.00,NOS,NOS,NOS,1,0.000,1200.00,,,0.000,,,,,,3245,1,,
704,P-0704,Cotton Wood print 1355,2,,,,355.00,650.00,20.00,0.00,0.00,0.00,387.00,NOS,NOS,NOS,1,0.000,1100.00,,,0.000,,,,,,3005,1,,
3201,P-3201,Coz way 1308,41,,,,308.00,525.00,20.00,0.00,0.00,0.00,359.00,NOS,NOS,NOS,1,0.000,924.00,,,0.000,,,,,,5862,1,,
3204,P-3204,Coz way 1314,41,,,,314.00,550.00,20.00,0.00,0.00,0.00,399.00,NOS,NOS,NOS,1,0.000,942.00,,,0.000,,,,,,5865,1,,
3203,P-3203,Coz way 1341,41,,,,341.00,588.00,20.00,0.00,0.00,0.00,399.00,NOS,NOS,NOS,1,0.000,1023.00,,,0.000,,,,,,5864,1,,
3205,P-3205,Coz way 1347,41,,,,347.00,600.00,20.00,0.00,0.00,0.00,399.00,NOS,NOS,NOS,1,0.000,1041.00,,,0.000,,,,,,5866,1,,
3202,P-3202,Coz way 1363,41,,,,363.00,625.00,20.00,0.00,0.00,0.00,399.00,NOS,NOS,NOS,1,0.000,1089.00,,,0.000,,,,,,5863,1,,
3215,P-3215,Coz way 1374,39,,,,374.00,650.00,20.00,0.00,0.00,0.00,399.00,NOS,NOS,NOS,1,0.000,1122.00,,,0.000,,,,,,5876,1,,
1905,P-1905,Crazy boy 1369,87,,,,369.00,625.00,20.00,0.00,0.00,0.00,399.00,NOS,NOS,NOS,1,0.000,1107.00,,,0.000,,,,,,4464,1,,
922,P-0922,Crazy Chips 1426,56,,,,426.00,600.00,0.00,0.00,0.00,0.00,600.00,NOS,NOS,NOS,1,0.000,750.00,,,0.000,,,,,,3371,1,,
924,P-0924,Crazy Chips 1472,56,,,,472.00,560.00,0.00,0.00,0.00,0.00,500.00,NOS,NOS,NOS,1,0.000,800.00,,,0.000,,,,,,3373,1,,
934,P-0934,Crazy Chips 1472,19,,,,472.00,670.00,20.00,0.00,0.00,0.00,600.00,NOS,NOS,NOS,1,0.000,838.00,,,0.000,,,,,,3383,1,,
3576,P-3576,Crazy Chips 1500,60,,,,500.00,850.00,20.00,0.00,0.00,0.00,599.00,NOS,NOS,NOS,1,0.000,1500.00,,,0.000,,,,,,6260,1,,
933,P-0933,Crazy Chips 1529,56,,,,529.00,720.00,0.00,0.00,0.00,0.00,650.00,NOS,NOS,NOS,1,0.000,900.00,,,0.000,,,,,,3382,1,,
2530,P-2530,Crazy chips 1546,60,,,,546.00,950.00,20.00,0.00,0.00,0.00,599.00,NOS,NOS,NOS,1,0.000,1638.00,,,0.000,,,,,,5117,1,,
1523,P-1523,Crazy chips 1575,56,,,,575.00,1025.00,20.00,0.00,0.00,0.00,599.00,NOS,NOS,NOS,1,0.000,1725.00,,,0.000,,,,,,4077,1,,
1513,P-1513,Crazy chips 1610,56,,,,610.00,1088.00,20.00,0.00,0.00,0.00,699.00,NOS,NOS,NOS,1,0.000,1830.00,,,0.000,,,,,,4067,1,,
1556,P-1556,crazy chips 1619,56,,,,619.00,1088.00,20.00,0.00,0.00,0.00,699.00,NOS,NOS,NOS,1,0.000,1857.00,,,0.000,,,,,,4110,1,,
1732,P-1732,Crazy chips 1621,56,,,,621.00,1088.00,20.00,0.00,0.00,0.00,699.00,NOS,NOS,NOS,1,0.000,1863.00,,,0.000,,,,,,4288,1,,
1528,P-1528,Crazy chips 1624,56,,,,624.00,1115.00,20.00,0.00,0.00,0.00,299.00,NOS,NOS,NOS,1,0.000,1872.00,,,0.000,,,,,,4082,1,,
1530,P-1530,Crazy chips 1627,56,,,,627.00,1200.00,20.00,0.00,0.00,0.00,699.00,NOS,NOS,NOS,1,0.000,1881.00,,,0.000,,,,,,4084,1,,
1555,P-1555,crazy chips -1627,56,,,,621.00,1100.00,20.00,0.00,0.00,0.00,699.00,NOS,NOS,NOS,1,0.000,1863.00,,,0.000,,,,,,4109,1,,
1554,P-1554,crazy chips 1633,56,,,,633.00,1125.00,20.00,0.00,0.00,0.00,699.00,NOS,NOS,NOS,1,0.000,1899.00,,,0.000,,,,,,4108,1,,
3159,P-3159,Crazy chips 1644,60,,,,644.00,1100.00,20.00,0.00,0.00,0.00,699.00,NOS,NOS,NOS,1,0.000,1932.00,,,0.000,,,,,,5820,1,,
2892,P-2892,Crazy chips 1666,56,,,,666.00,1150.00,20.00,0.00,0.00,0.00,699.00,NOS,NOS,NOS,1,0.000,1998.00,,,0.000,,,,,,5514,1,,
1531,P-1531,Crazy chips 1667,56,,,,667.00,1188.00,20.00,0.00,0.00,0.00,699.00,NOS,NOS,NOS,1,0.000,2001.00,,,0.000,,,,,,4085,1,,
1529,P-1529,Crazy chips 1676,56,,,,676.00,1200.00,20.00,0.00,0.00,0.00,699.00,NOS,NOS,NOS,1,0.000,2028.00,,,0.000,,,,,,4083,1,,
1730,P-1730,Crazy chips 1682,56,,,,682.00,1200.00,20.00,0.00,0.00,0.00,699.00,NOS,NOS,NOS,1,0.000,2046.00,,,0.000,,,,,,4286,1,,
1519,P-1519,Crazy chips 1684,56,,,,684.00,1215.00,20.00,0.00,0.00,0.00,699.00,NOS,NOS,NOS,1,0.000,2052.00,,,0.000,,,,,,4073,1,,
1731,P-1731,Crazy chips 1690,56,,,,690.00,1225.00,20.00,0.00,0.00,0.00,699.00,NOS,NOS,NOS,1,0.000,2070.00,,,0.000,,,,,,4287,1,,
2893,P-2893,Crazy chips 1702,63,,,,702.00,1200.00,20.00,0.00,0.00,0.00,799.00,NOS,NOS,NOS,1,0.000,2106.00,,,0.000,,,,,,5515,1,,
1520,P-1520,Crazy chips 1725,56,,,,725.00,1288.00,20.00,0.00,0.00,0.00,799.00,NOS,NOS,NOS,1,0.000,2175.00,,,0.000,,,,,,4074,1,,
3343,P-3343,Crazy chips 1748,60,,,,748.00,1275.00,20.00,0.00,0.00,0.00,799.00,NOS,NOS,NOS,1,0.000,2244.00,,,0.000,,,,,,6022,1,,
1979,P-1979,Cutie fly 1335,87,,,,335.00,575.00,20.00,0.00,0.00,0.00,399.00,NOS,NOS,NOS,1,0.000,1005.00,,,0.000,,,,,,4545,1,,
300,P-0300,Cutual dresses for kids(girls),63,,,,117.00,200.00,20.00,0.00,0.00,0.00,159.00,NOS,NOS,NOS,1,0.000,250.00,,,5.000,,,,,,1809,1,,
300,P-0300,Cutual dresses for kids(girls),63,,,,117.00,200.00,20.00,0.00,0.00,0.00,159.00,NOS,NOS,NOS,1,0.000,250.00,,,5.000,,,,,,1810,1,,
300,P-0300,Cutual dresses for kids(girls),63,,,,117.00,200.00,20.00,0.00,0.00,0.00,159.00,NOS,NOS,NOS,1,0.000,250.00,,,5.000,,,,,,1811,1,,
300,P-0300,Cutual dresses for kids(girls),63,,,,117.00,200.00,20.00,0.00,0.00,0.00,159.00,NOS,NOS,NOS,1,0.000,250.00,,,10.000,,,,,,1812,1,,
300,P-0300,Cutual dresses for kids(girls),63,,,,117.00,200.00,20.00,0.00,0.00,0.00,159.00,NOS,NOS,NOS,1,0.000,250.00,,,8.000,,,,,,1813,1,,
300,P-0300,Cutual dresses for kids(girls),63,,,,117.00,200.00,20.00,0.00,0.00,0.00,159.00,NOS,NOS,NOS,1,0.000,250.00,,,6.000,,,,,,1814,1,,
300,P-0300,Cutual dresses for kids(girls),63,,,,117.00,200.00,20.00,0.00,0.00,0.00,159.00,NOS,NOS,NOS,1,0.000,250.00,,,4.000,,,,,,1815,1,,
300,P-0300,Cutual dresses for kids(girls),63,,,,117.00,200.00,20.00,0.00,0.00,0.00,159.00,NOS,NOS,NOS,1,0.000,250.00,,,7.000,,,,,,1816,1,,
300,P-0300,Cutual dresses for kids(girls),63,,,,117.00,200.00,20.00,0.00,0.00,0.00,159.00,NOS,NOS,NOS,1,0.000,250.00,,,3.000,,,,,,1817,1,,
300,P-0300,Cutual dresses for kids(girls),63,,,,117.00,200.00,20.00,0.00,0.00,0.00,159.00,NOS,NOS,NOS,1,0.000,250.00,,,3.000,,,,,,1818,1,,
300,P-0300,Cutual dresses for kids(girls),63,,,,117.00,200.00,20.00,0.00,0.00,0.00,159.00,NOS,NOS,NOS,1,0.000,250.00,,,3.000,,,,,,1819,1,,
300,P-0300,Cutual dresses for kids(girls),63,,,,117.00,200.00,20.00,0.00,0.00,0.00,159.00,NOS,NOS,NOS,1,0.000,250.00,,,4.000,,,,,,1820,1,,
300,P-0300,Cutual dresses for kids(girls),63,,,,117.00,200.00,20.00,0.00,0.00,0.00,159.00,NOS,NOS,NOS,1,0.000,250.00,,,4.000,,,,,,1821,1,,
300,P-0300,Cutual dresses for kids(girls),63,,,,117.00,200.00,20.00,0.00,0.00,0.00,159.00,NOS,NOS,NOS,1,0.000,250.00,,,1.000,,,,,,1822,1,,
300,P-0300,Cutual dresses for kids(girls),63,,,,117.00,200.00,20.00,0.00,0.00,0.00,159.00,NOS,NOS,NOS,1,0.000,250.00,,,1.000,,,,,,1823,1,,
300,P-0300,Cutual dresses for kids(girls),63,,,,117.00,200.00,20.00,0.00,0.00,0.00,159.00,NOS,NOS,NOS,1,0.000,250.00,,,1.000,,,,,,1824,1,,
300,P-0300,Cutual dresses for kids(girls),63,,,,117.00,200.00,20.00,0.00,0.00,0.00,159.00,NOS,NOS,NOS,1,0.000,250.00,,,1.000,,,,,,1825,1,,
1085,P-1085,D. Son 1175,20,,,,175.00,240.00,20.00,0.00,0.00,0.00,199.00,NOS,NOS,NOS,1,0.000,300.00,,,0.000,,,,,,3535,1,,
1084,P-1084,D. Son 1195,20,,,,195.00,280.00,20.00,0.00,0.00,0.00,199.00,NOS,NOS,NOS,1,0.000,350.00,,,0.000,,,,,,3534,1,,
1964,P-1964,D. sons 1395,87,,,,395.00,675.00,20.00,0.00,0.00,0.00,399.00,NOS,NOS,NOS,1,0.000,1185.00,,,0.000,,,,,,4530,1,,
1674,P-1674,D.C. 1162,19,,,,162.00,300.00,20.00,0.00,0.00,0.00,199.00,NOS,NOS,NOS,1,0.000,486.00,,,0.000,,,,,,4230,1,,
105,P-0105,D.Sons 11206,20,gbb,,,122.00,200.00,20.00,0.00,0.00,0.00,150.00,NOS,NOS,NOS,1,0.000,250.00,Boy's counter,,3.000,,,,,,1246,1,,
1678,P-1678,D.Sons 1240,19,,,,240.00,450.00,20.00,0.00,0.00,0.00,339.00,NOS,NOS,NOS,1,0.000,720.00,,,0.000,,,,,,4234,1,,
114,P-0114,D.Sons 1684 1178,20,,,,178.00,252.00,20.00,0.00,0.00,0.00,200.00,NOS,NOS,NOS,1,0.000,315.00,Boy's counter,,3.000,,,,,,1255,1,,
3260,P-3260,Darmo 1135,18,,,,135.00,250.00,20.00,0.00,0.00,0.00,179.00,NOS,NOS,NOS,1,0.000,405.00,,,0.000,,,,,,5926,1,,
3259,P-3259,Darmo 1152,18,,,,152.00,275.00,20.00,0.00,0.00,0.00,179.00,NOS,NOS,NOS,1,0.000,456.00,,,0.000,,,,,,5925,1,,
1943,P-1943,Darmo 1197,4,,,,197.00,350.00,20.00,0.00,0.00,0.00,179.00,NOS,NOS,NOS,1,0.000,591.00,,,0.000,,,,,,4509,1,,
1944,P-1944,Darmo 1202,4,,,,202.00,350.00,20.00,0.00,0.00,0.00,219.00,NOS,NOS,NOS,1,0.000,606.00,,,0.000,,,,,,4510,1,,
2380,P-2380,Darno 1115,7,,,,115.00,200.00,20.00,0.00,0.00,0.00,159.00,NOS,NOS,NOS,1,0.000,345.00,,,0.000,,,,,,4967,1,,
2397,P-2397,Darno 1118,4,,,,118.00,225.00,20.00,0.00,0.00,0.00,159.00,NOS,NOS,NOS,1,0.000,354.00,,,0.000,,,,,,4984,1,,
2401,P-2401,Darno 1128,4,,,,128.00,225.00,20.00,0.00,0.00,0.00,159.00,NOS,NOS,NOS,1,0.000,384.00,,,0.000,,,,,,4988,1,,
2439,P-2439,Darno 1135,20,,,,135.00,250.00,20.00,0.00,0.00,0.00,199.00,NOS,NOS,NOS,1,0.000,405.00,,,0.000,,,,,,5025,1,,
3239,P-3239,Darno 1138,18,,,,138.00,250.00,20.00,0.00,0.00,0.00,199.00,NOS,NOS,NOS,1,0.000,414.00,,,0.000,,,,,,5905,1,,
2404,P-2404,Darno 1145,4,,,,145.00,250.00,20.00,0.00,0.00,0.00,169.00,NOS,NOS,NOS,1,0.000,435.00,,,0.000,,,,,,4991,1,,
2399,P-2399,Darno 1150,4,,,,150.00,275.00,20.00,0.00,0.00,0.00,179.00,NOS,NOS,NOS,1,0.000,450.00,,,0.000,,,,,,4986,1,,
3200,P-3200,Darno 1152,4,,,,152.00,288.00,20.00,0.00,0.00,0.00,159.00,NOS,NOS,NOS,1,0.000,456.00,,,0.000,,,,,,5861,1,,
3264,P-3264,Darno 1154,18,,,,154.00,275.00,20.00,0.00,0.00,0.00,199.00,NOS,NOS,NOS,1,0.000,462.00,,,0.000,,,,,,5931,1,,
2402,P-2402,Darno 1155,4,,,,155.00,288.00,20.00,0.00,0.00,0.00,159.00,NOS,NOS,NOS,1,0.000,465.00,,,0.000,,,,,,4989,1,,
2405,P-2405,Darno 1160,4,,,,160.00,275.00,20.00,0.00,0.00,0.00,169.00,NOS,NOS,NOS,1,0.000,480.00,,,0.000,,,,,,4992,1,,
1923,P-1923,Darno 1165,87,,,,165.00,300.00,20.00,0.00,0.00,0.00,199.00,NOS,NOS,NOS,1,0.000,495.00,,,0.000,,,,,,4486,1,,
2447,P-2447,Darno 1173,20,,,,173.00,300.00,20.00,0.00,0.00,0.00,199.00,NOS,NOS,NOS,1,0.000,519.00,,,0.000,,,,,,5033,1,,
1793,P-1793,Darno 1179,56,,,,179.00,325.00,20.00,0.00,0.00,0.00,199.00,NOS,NOS,NOS,1,0.000,537.00,,,0.000,,,,,,4349,1,,
2446,P-2446,Darno 1182,20,,,,182.00,325.00,20.00,0.00,0.00,0.00,199.00,NOS,NOS,NOS,1,0.000,546.00,,,0.000,,,,,,5032,1,,
2461,P-2461,Darno 1184,20,,,,184.00,325.00,20.00,0.00,0.00,0.00,199.00,NOS,NOS,NOS,1,0.000,552.00,,,0.000,,,,,,5047,1,,
1948,P-1948,Darno 1197,4,,,,197.00,350.00,20.00,0.00,0.00,0.00,179.00,NOS,NOS,NOS,1,0.000,591.00,,,0.000,,,,,,4514,1,,
1949,P-1949,Darno 1202,4,,,,202.00,350.00,20.00,0.00,0.00,0.00,249.00,NOS,NOS,NOS,1,0.000,606.00,,,0.000,,,,,,4515,1,,
986,P-0986,Day by Day 1158,60,,,,158.00,230.00,20.00,0.00,0.00,0.00,199.00,NOS,NOS,NOS,1,0.000,288.00,,,0.000,,,,,,3436,1,,
997,P-0997,Day by Day 1224,60,,,,224.00,320.00,20.00,0.00,0.00,0.00,299.00,NOS,NOS,NOS,1,0.000,400.00,,,0.000,,,,,,3447,1,,
996,P-0996,Day by day 1242,60,,,,242.00,340.00,20.00,0.00,0.00,0.00,299.00,NOS,NOS,NOS,1,0.000,425.00,,,0.000,,,,,,3446,1,,
3431,P-3431,DC 1108,33,,,,108.00,200.00,20.00,0.00,0.00,0.00,139.00,NOS,NOS,NOS,1,0.000,324.00,,,0.000,,,,,,6115,1,,
3430,P-3430,DC 1143,33,,,,143.00,250.00,20.00,0.00,0.00,0.00,199.00,NOS,NOS,NOS,1,0.000,429.00,,,0.000,,,,,,6113,1,,
2229,P-2229,DC 1168,7,,,,168.00,288.00,20.00,0.00,0.00,0.00,169.00,NOS,NOS,NOS,1,0.000,504.00,,,0.000,,,,,,4814,1,,
1075,P-1075,DC 1173,20,,,,173.00,240.00,20.00,0.00,0.00,0.00,199.00,NOS,NOS,NOS,1,0.000,300.00,,,0.000,,,,,,3525,1,,
3429,P-3429,DC 1210,60,,,,210.00,375.00,20.00,0.00,0.00,0.00,259.00,NOS,NOS,NOS,1,0.000,630.00,,,0.000,,,,,,6112,1,,
1968,P-1968,DC 1290,16,,,,290.00,500.00,20.00,0.00,0.00,0.00,299.00,NOS,NOS,NOS,1,0.000,870.00,,,0.000,,,,,,4534,1,,
1967,P-1967,DC 1300,16,,,,300.00,525.00,20.00,0.00,0.00,0.00,399.00,NOS,NOS,NOS,1,0.000,900.00,,,0.000,,,,,,4533,1,,
1045,P-1045,DC Classic 1123,20,,,,123.00,180.00,20.00,0.00,0.00,0.00,129.00,NOS,NOS,NOS,1,0.000,225.00,,,0.000,,,,,,3495,1,,
3246,P-3246,Dear harry 1120,33,,,,120.00,250.00,20.00,0.00,0.00,0.00,139.00,NOS,NOS,NOS,1,0.000,360.00,,,0.000,,,,,,5907,1,,
1791,P-1791,Dear Harry 1200,56,,,,200.00,375.00,20.00,0.00,0.00,0.00,299.00,NOS,NOS,NOS,1,0.000,600.00,,,0.000,,,,,,4347,1,,
1790,P-1790,Dear Harry 1265,56,,,,265.00,488.00,20.00,0.00,0.00,0.00,299.00,NOS,NOS,NOS,1,0.000,795.00,,,0.000,,,,,,4346,1,,
1789,P-1789,Dear Harry 1355,56,,,,355.00,650.00,20.00,0.00,0.00,0.00,399.00,NOS,NOS,NOS,1,0.000,1065.00,,,0.000,,,,,,4345,1,,
360,P-0360,DELUXE(panty),74,,,,63.00,100.00,0.00,0.00,0.00,0.00,79.00,NOS,NOS,NOS,1,0.000,126.00,,,3.000,,,,S,,2097,1,,
360,P-0360,DELUXE(panty),74,,,,63.00,100.00,0.00,0.00,0.00,0.00,79.00,NOS,NOS,NOS,1,0.000,126.00,,,3.000,,,,L,,2099,1,,
360,P-0360,DELUXE(panty),74,,,,63.00,100.00,0.00,0.00,0.00,0.00,79.00,NOS,NOS,NOS,1,0.000,126.00,,,1.000,,,,XL,,2098,1,,
360,P-0360,DELUXE(panty),74,,,,63.00,100.00,0.00,0.00,0.00,0.00,79.00,NOS,NOS,NOS,1,0.000,126.00,,,6.000,,,,XXL,,2100,1,,
360,P-0360,DELUXE(panty),74,,,,63.00,100.00,0.00,0.00,0.00,0.00,79.00,NOS,NOS,NOS,1,0.000,126.00,,,0.000,,,,M,,2101,1,,
1874,P-1874,Denim jacket,10,,,,360.00,600.00,20.00,0.00,0.00,0.00,399.00,NOS,NOS,NOS,1,0.000,1080.00,,,0.000,,,,,,4429,1,,
750,P-0750,Denim jacket 1450,10,,,,450.00,580.00,20.00,0.00,0.00,0.00,499.00,NOS,NOS,NOS,1,0.000,725.00,,,0.000,,,,,,3155,1,,
362,P-0362,Desire bikini printed panty PO3,74,,,,61.00,94.00,0.00,2.50,2.50,0.00,78.00,NOS,NOS,NOS,1,0.000,118.00,,,3.000,,,,L,,2107,1,,
362,P-0362,Desire bikini printed panty PO3,74,,,,61.00,94.00,0.00,2.50,2.50,0.00,78.00,NOS,NOS,NOS,1,0.000,118.00,,,0.000,,,,S,,2108,1,,
362,P-0362,Desire bikini printed panty PO3,74,,,,61.00,94.00,0.00,2.50,2.50,0.00,78.00,NOS,NOS,NOS,1,0.000,118.00,,,0.000,,,,M,,2109,1,,
362,P-0362,Desire bikini printed panty PO3,74,,,,61.00,94.00,0.00,2.50,2.50,0.00,78.00,NOS,NOS,NOS,1,0.000,118.00,,,0.000,,,,XL,,2110,1,,
362,P-0362,Desire bikini printed panty PO3,74,,,,61.00,94.00,0.00,2.50,2.50,0.00,78.00,NOS,NOS,NOS,1,0.000,118.00,,,0.000,,,,XXL,,2111,1,,
268,P-0268,Desire Brief top elastic,57,,,,74.50,125.00,20.00,2.50,2.50,0.00,82.00,NOS,NOS,NOS,1,0.000,240.00,,,0.000,,,,75,,3993,1,,
268,P-0268,Desire Brief top elastic,57,,,,74.50,125.00,20.00,2.50,2.50,0.00,82.00,NOS,NOS,NOS,1,0.000,240.00,,,0.000,,,,80,,3994,1,,
268,P-0268,Desire Brief top elastic,57,,,,74.50,125.00,20.00,2.50,2.50,0.00,82.00,NOS,NOS,NOS,1,0.000,240.00,,,1.000,,,,85,,3995,1,,
268,P-0268,Desire Brief top elastic,57,,,,74.50,125.00,20.00,2.50,2.50,0.00,82.00,NOS,NOS,NOS,1,0.000,240.00,,,0.000,,,,90,,3996,1,,
268,P-0268,Desire Brief top elastic,57,,,,74.50,125.00,20.00,2.50,2.50,0.00,82.00,NOS,NOS,NOS,1,0.000,240.00,,,8.000,,,,95,,8904122422929,1,,
268,P-0268,Desire Brief top elastic,57,,,,74.50,125.00,20.00,2.50,2.50,0.00,82.00,NOS,NOS,NOS,1,0.000,240.00,,,3.000,,,,100,,8904122422936,1,,
330,P-0330,Desire comfort wear,74,,,,171.00,232.00,0.00,0.00,0.00,0.00,199.00,NOS,NOS,NOS,1,0.000,290.00,,,8.000,,,,80,,8904122416638,1,,
330,P-0330,Desire comfort wear,74,,,,171.00,232.00,0.00,0.00,0.00,0.00,199.00,NOS,NOS,NOS,1,0.000,290.00,,,8.000,,,,90,,8904122416652,1,,
349,P-0349,Desire Cotton Spandex pantry plain,74,,,,79.00,121.00,0.00,0.00,0.00,0.00,84.00,NOS,NOS,NOS,1,0.000,152.00,,,10.000,,,,80,,2056,1,,
349,P-0349,Desire Cotton Spandex pantry plain,74,,,,79.00,121.00,0.00,0.00,0.00,0.00,84.00,NOS,NOS,NOS,1,0.000,152.00,,,0.000,,,,75,,2057,1,,
349,P-0349,Desire Cotton Spandex pantry plain,74,,,,79.00,121.00,0.00,0.00,0.00,0.00,84.00,NOS,NOS,NOS,1,0.000,152.00,,,0.000,,,,85,,2058,1,,
349,P-0349,Desire Cotton Spandex pantry plain,74,,,,79.00,121.00,0.00,0.00,0.00,0.00,84.00,NOS,NOS,NOS,1,0.000,152.00,,,0.000,,,,90,,2059,1,,
349,P-0349,Desire Cotton Spandex pantry plain,74,,,,79.00,121.00,0.00,0.00,0.00,0.00,84.00,NOS,NOS,NOS,1,0.000,152.00,,,0.000,,,,95,,2060,1,,
349,P-0349,Desire Cotton Spandex pantry plain,74,,,,79.00,121.00,0.00,0.00,0.00,0.00,84.00,NOS,NOS,NOS,1,0.000,152.00,,,0.000,,,,100,,2061,1,,
276,P-0276,Desire Derby vest,57,,,,97.50,119.00,20.00,2.50,2.50,0.00,90.00,NOS,NOS,NOS,1,0.000,258.00,,,1.000,,,,75,,1854,1,,
276,P-0276,Desire Derby vest,57,,,,97.50,119.00,20.00,2.50,2.50,0.00,90.00,NOS,NOS,NOS,1,0.000,258.00,,,0.000,,,,80,,1855,1,,
276,P-0276,Desire Derby vest,57,,,,97.50,119.00,20.00,2.50,2.50,0.00,90.00,NOS,NOS,NOS,1,0.000,258.00,,,2.000,,,,85,,1856,1,,
276,P-0276,Desire Derby vest,57,,,,97.50,119.00,20.00,2.50,2.50,0.00,90.00,NOS,NOS,NOS,1,0.000,258.00,,,0.000,,,,90,,1857,1,,
276,P-0276,Desire Derby vest,57,,,,97.50,119.00,20.00,2.50,2.50,0.00,90.00,NOS,NOS,NOS,1,0.000,258.00,,,0.000,,,,95,,1858,1,,
276,P-0276,Desire Derby vest,57,,,,97.50,119.00,20.00,2.50,2.50,0.00,90.00,NOS,NOS,NOS,1,0.000,258.00,,,0.000,,,,100,,1859,1,,
263,P-0263,Desire fashion trunk,57,,,,91.20,138.00,20.00,2.50,2.50,0.00,90.00,NOS,NOS,NOS,1,0.000,297.00,,,0.000,,,,75,,1777,1,,
263,P-0263,Desire fashion trunk,57,,,,91.20,138.00,20.00,2.50,2.50,0.00,90.00,NOS,NOS,NOS,1,0.000,297.00,,,0.000,,,,80,,1778,1,,
263,P-0263,Desire fashion trunk,57,,,,91.20,138.00,20.00,2.50,2.50,0.00,90.00,NOS,NOS,NOS,1,0.000,297.00,,,4.000,,,,85,,8904122480356,1,,
263,P-0263,Desire fashion trunk,57,,,,91.20,138.00,20.00,2.50,2.50,0.00,90.00,NOS,NOS,NOS,1,0.000,297.00,,,10.000,,,,90,,8904122421434,1,,
263,P-0263,Desire fashion trunk,57,,,,91.20,138.00,20.00,2.50,2.50,0.00,90.00,NOS,NOS,NOS,1,0.000,297.00,,,0.000,,,,95,,1781,1,,
263,P-0263,Desire fashion trunk,57,,,,91.20,138.00,20.00,2.50,2.50,0.00,90.00,NOS,NOS,NOS,1,0.000,297.00,,,2.000,,,,100,,8904122421458,1,,
278,P-0278,Desire fine top elastic,57,61071100,,,99.10,110.00,0.00,2.50,2.50,0.00,105.00,NOS,NOS,NOS,1,0.000,138.00,,,0.000,,,,100,,8904122458218,1,,
278,P-0278,Desire fine top elastic,57,61071100,,,99.10,110.00,0.00,2.50,2.50,0.00,105.00,NOS,NOS,NOS,1,0.000,138.00,,,0.000,,,,95,,8904122458201,1,,
278,P-0278,Desire fine top elastic,57,61071100,,,99.10,110.00,0.00,2.50,2.50,0.00,105.00,NOS,NOS,NOS,1,0.000,138.00,,,0.000,,,,90,,8904122480240,1,,
278,P-0278,Desire fine top elastic,57,61071100,,,99.10,110.00,0.00,2.50,2.50,0.00,105.00,NOS,NOS,NOS,1,0.000,138.00,,,0.000,,,,85,,8904122458188,1,,
278,P-0278,Desire fine top elastic,57,61071100,,,99.10,110.00,0.00,2.50,2.50,0.00,105.00,NOS,NOS,NOS,1,0.000,138.00,,,0.000,,,,80,,8904122458171,1,,
278,P-0278,Desire fine top elastic,57,61071100,,,99.10,110.00,0.00,2.50,2.50,0.00,105.00,NOS,NOS,NOS,1,0.000,138.00,,,6.000,,,,75,,8904122416423,1,,
269,P-0269,Desire flexi,57,,,,35.00,64.00,0.00,2.50,2.50,0.00,44.00,NOS,NOS,NOS,1,0.000,35.00,,,0.000,,,,75,,3997,1,,
269,P-0269,Desire flexi,57,,,,35.00,64.00,0.00,2.50,2.50,0.00,44.00,NOS,NOS,NOS,1,0.000,35.00,,,0.000,,,,80,,3998,1,,
269,P-0269,Desire flexi,57,,,,35.00,64.00,0.00,2.50,2.50,0.00,44.00,NOS,NOS,NOS,1,0.000,35.00,,,12.000,,,,85,,3999,1,,
269,P-0269,Desire flexi,57,,,,35.00,64.00,0.00,2.50,2.50,0.00,44.00,NOS,NOS,NOS,1,0.000,35.00,,,6.000,,,,90,,4000,1,,
269,P-0269,Desire flexi,57,,,,35.00,64.00,0.00,2.50,2.50,0.00,44.00,NOS,NOS,NOS,1,0.000,35.00,,,0.000,,,,95,,4001,1,,
269,P-0269,Desire flexi,57,,,,35.00,64.00,0.00,2.50,2.50,0.00,44.00,NOS,NOS,NOS,1,0.000,35.00,,,2.000,,,,100,,8904122449193,1,,
275,P-0275,Desire gym vest,57,,,,123.30,225.00,20.00,2.50,2.50,0.00,140.00,NOS,NOS,NOS,1,2.000,366.00,,,0.000,,,,80,,8904122411992,1,,
275,P-0275,Desire gym vest,57,,,,123.30,225.00,20.00,2.50,2.50,0.00,140.00,NOS,NOS,NOS,1,2.000,366.00,,,2.000,,,,90,,8904122412029,1,,
275,P-0275,Desire gym vest,57,,,,123.30,225.00,20.00,2.50,2.50,0.00,140.00,NOS,NOS,NOS,1,2.000,366.00,,,4.000,,,,85,,8904122411985,1,,
275,P-0275,Desire gym vest,57,,,,123.30,225.00,20.00,2.50,2.50,0.00,140.00,NOS,NOS,NOS,1,2.000,366.00,,,0.000,,,,95,,2096,1,,
275,P-0275,Desire gym vest,57,,,,123.30,225.00,20.00,2.50,2.50,0.00,140.00,NOS,NOS,NOS,1,2.000,366.00,,,0.000,,,,100,,2097,1,,
347,P-0347,Desire ladies R/B tank top,26,,,,126.00,194.00,0.00,2.50,2.50,0.00,158.00,NOS,NOS,NOS,1,0.000,243.00,,,1.000,,,,S,,2046,1,,
347,P-0347,Desire ladies R/B tank top,26,,,,126.00,194.00,0.00,2.50,2.50,0.00,158.00,NOS,NOS,NOS,1,0.000,243.00,,,0.000,,,,M,,2045,1,,
347,P-0347,Desire ladies R/B tank top,26,,,,126.00,194.00,0.00,2.50,2.50,0.00,158.00,NOS,NOS,NOS,1,0.000,243.00,,,2.000,,,,l,,2047,1,,
347,P-0347,Desire ladies R/B tank top,26,,,,126.00,194.00,0.00,2.50,2.50,0.00,158.00,NOS,NOS,NOS,1,0.000,243.00,,,0.000,,,,XL,,2048,1,,
347,P-0347,Desire ladies R/B tank top,26,,,,126.00,194.00,0.00,2.50,2.50,0.00,158.00,NOS,NOS,NOS,1,0.000,243.00,,,0.000,,,,XXL,,2049,1,,
251,P-0251,Desire parker RN white vest,57,61099010,,,91.20,125.00,20.00,2.50,2.50,0.00,90.00,NOS,NOS,NOS,1,2.000,276.00,,,16.000,,,,80,,1708,1,,
251,P-0251,Desire parker RN white vest,57,61099010,,,91.20,125.00,20.00,2.50,2.50,0.00,90.00,NOS,NOS,NOS,1,2.000,276.00,,,0.000,,,,85,,8904122412050,1,,
251,P-0251,Desire parker RN white vest,57,61099010,,,91.20,125.00,20.00,2.50,2.50,0.00,90.00,NOS,NOS,NOS,1,2.000,276.00,,,0.000,,,,90,,8904122412067,1,,
251,P-0251,Desire parker RN white vest,57,61099010,,,91.20,125.00,20.00,2.50,2.50,0.00,90.00,NOS,NOS,NOS,1,2.000,276.00,,,0.000,,,,95,,8904122412081,1,,
251,P-0251,Desire parker RN white vest,57,61099010,,,91.20,125.00,20.00,2.50,2.50,0.00,90.00,NOS,NOS,NOS,1,2.000,276.00,,,0.000,,,,100,,8904122412098,1,,
765,P-0765,Desire parker vest Black,57,,,,87.00,113.00,20.00,2.50,2.50,0.00,92.00,NOS,NOS,NOS,1,0.000,270.00,,,0.000,,,,75,,3190,1,,
765,P-0765,Desire parker vest Black,57,,,,87.00,113.00,20.00,2.50,2.50,0.00,92.00,NOS,NOS,NOS,1,0.000,270.00,,,5.000,,,,80,,3191,1,,
765,P-0765,Desire parker vest Black,57,,,,87.00,113.00,20.00,2.50,2.50,0.00,92.00,NOS,NOS,NOS,1,0.000,270.00,,,0.000,,,,85,,3192,1,,
765,P-0765,Desire parker vest Black,57,,,,87.00,113.00,20.00,2.50,2.50,0.00,92.00,NOS,NOS,NOS,1,0.000,270.00,,,2.000,,,,90,,8904122481131,1,,
765,P-0765,Desire parker vest Black,57,,,,87.00,113.00,20.00,2.50,2.50,0.00,92.00,NOS,NOS,NOS,1,0.000,270.00,,,0.000,,,,95,,3193,1,,
765,P-0765,Desire parker vest Black,57,,,,87.00,113.00,20.00,2.50,2.50,0.00,92.00,NOS,NOS,NOS,1,0.000,270.00,,,0.000,,,,100,,3194,1,,
672,P-0672,Desire plain vest dyed RNS,57,,,,93.50,130.00,0.00,2.50,2.50,0.00,109.00,NOS,NOS,NOS,1,0.000,163.00,,,0.000,,,,75,,2303,1,,
672,P-0672,Desire plain vest dyed RNS,57,,,,93.50,130.00,0.00,2.50,2.50,0.00,109.00,NOS,NOS,NOS,1,0.000,163.00,,,0.000,,,,80,,2309,1,,
672,P-0672,Desire plain vest dyed RNS,57,,,,93.50,130.00,0.00,2.50,2.50,0.00,109.00,NOS,NOS,NOS,1,0.000,163.00,,,0.000,,,,85,,2311,1,,
672,P-0672,Desire plain vest dyed RNS,57,,,,93.50,130.00,0.00,2.50,2.50,0.00,109.00,NOS,NOS,NOS,1,0.000,163.00,,,0.000,,,,90,,8904122490263,1,,
672,P-0672,Desire plain vest dyed RNS,57,,,,93.50,130.00,0.00,2.50,2.50,0.00,109.00,NOS,NOS,NOS,1,0.000,163.00,,,0.000,,,,95,,2313,1,,
672,P-0672,Desire plain vest dyed RNS,57,,,,93.50,130.00,0.00,2.50,2.50,0.00,109.00,NOS,NOS,NOS,1,0.000,163.00,,,0.000,,,,100,,2314,1,,
672,P-0672,Desire plain vest dyed RNS,57,,,,93.50,130.00,0.00,2.50,2.50,0.00,109.00,NOS,NOS,NOS,1,0.000,163.00,,,0.000,,,,110,,2315,1,,
279,P-0279,DESIRE PLAIN VEST RN,57,61099010,,,85.50,113.00,20.00,2.50,2.50,0.00,80.00,NOS,NOS,NOS,1,0.000,210.00,,,0.000,,,,75,,8904122410810,1,,
279,P-0279,DESIRE PLAIN VEST RN,57,61099010,,,85.50,113.00,20.00,2.50,2.50,0.00,80.00,NOS,NOS,NOS,1,0.000,210.00,,,0.000,,,,80,,8904122458348,1,,
279,P-0279,DESIRE PLAIN VEST RN,57,61099010,,,85.50,113.00,20.00,2.50,2.50,0.00,80.00,NOS,NOS,NOS,1,0.000,210.00,,,0.000,,,,85,,8904122410834,1,,
279,P-0279,DESIRE PLAIN VEST RN,57,61099010,,,85.50,113.00,20.00,2.50,2.50,0.00,80.00,NOS,NOS,NOS,1,0.000,210.00,,,0.000,,,,90,,8904122458362,1,,
279,P-0279,DESIRE PLAIN VEST RN,57,61099010,,,85.50,113.00,20.00,2.50,2.50,0.00,80.00,NOS,NOS,NOS,1,0.000,210.00,,,0.000,,,,95,,8904122410858,1,,
279,P-0279,DESIRE PLAIN VEST RN,57,61099010,,,85.50,113.00,20.00,2.50,2.50,0.00,80.00,NOS,NOS,NOS,1,0.000,210.00,,,0.000,,,,100,,8904122458386,1,,
358,P-0358,Desire plain vest RNS,57,,,,92.50,138.00,20.00,2.50,2.50,0.00,79.00,NOS,NOS,NOS,1,0.000,276.00,,,0.000,,,,75,,2094,1,,
358,P-0358,Desire plain vest RNS,57,,,,92.50,138.00,20.00,2.50,2.50,0.00,79.00,NOS,NOS,NOS,1,0.000,276.00,,,7.000,,,,80,,2095,1,,
358,P-0358,Desire plain vest RNS,57,,,,92.50,138.00,20.00,2.50,2.50,0.00,79.00,NOS,NOS,NOS,1,0.000,276.00,,,12.000,,,,85,,8904122410919,1,,
358,P-0358,Desire plain vest RNS,57,,,,92.50,138.00,20.00,2.50,2.50,0.00,79.00,NOS,NOS,NOS,1,0.000,276.00,,,20.000,,,,90,,8904122410926,1,,
358,P-0358,Desire plain vest RNS,57,,,,92.50,138.00,20.00,2.50,2.50,0.00,79.00,NOS,NOS,NOS,1,0.000,276.00,,,2.000,,,,95,,8904122410933,1,,
358,P-0358,Desire plain vest RNS,57,,,,92.50,138.00,20.00,2.50,2.50,0.00,79.00,NOS,NOS,NOS,1,0.000,276.00,,,7.000,,,,100,,8904122410940,1,,
281,P-0281,DESIRE PRINTED LONG TRUNK,57,61071100,,,117.30,160.00,0.00,2.50,2.50,0.00,150.00,NOS,NOS,NOS,1,0.000,200.00,,,0.000,,,,100,,2082,1,,
281,P-0281,DESIRE PRINTED LONG TRUNK,57,61071100,,,117.30,160.00,0.00,2.50,2.50,0.00,150.00,NOS,NOS,NOS,1,0.000,200.00,,,0.000,,,,95,,2081,1,,
281,P-0281,DESIRE PRINTED LONG TRUNK,57,61071100,,,117.30,160.00,0.00,2.50,2.50,0.00,150.00,NOS,NOS,NOS,1,0.000,200.00,,,0.000,,,,80,,8904122407971,1,,
281,P-0281,DESIRE PRINTED LONG TRUNK,57,61071100,,,117.30,160.00,0.00,2.50,2.50,0.00,150.00,NOS,NOS,NOS,1,0.000,200.00,,,0.000,,,,90,,2083,1,,
281,P-0281,DESIRE PRINTED LONG TRUNK,57,61071100,,,117.30,160.00,0.00,2.50,2.50,0.00,150.00,NOS,NOS,NOS,1,0.000,200.00,,,27.000,,,,85,,1840,1,,
281,P-0281,DESIRE PRINTED LONG TRUNK,57,61071100,,,117.30,160.00,0.00,2.50,2.50,0.00,150.00,NOS,NOS,NOS,1,0.000,200.00,,,0.000,,,,75,,3991,1,,
353,P-0353,Desire printed Long trunk top elastic,57,,,,132.00,180.00,0.00,2.50,2.50,0.00,149.00,NOS,NOS,NOS,1,0.000,225.00,,,0.000,,,,75,,2079,1,,
353,P-0353,Desire printed Long trunk top elastic,57,,,,132.00,180.00,0.00,2.50,2.50,0.00,149.00,NOS,NOS,NOS,1,0.000,225.00,,,0.000,,,,80,,8904122480141,1,,
353,P-0353,Desire printed Long trunk top elastic,57,,,,132.00,180.00,0.00,2.50,2.50,0.00,149.00,NOS,NOS,NOS,1,0.000,225.00,,,0.000,,,,85,,2081,1,,
353,P-0353,Desire printed Long trunk top elastic,57,,,,132.00,180.00,0.00,2.50,2.50,0.00,149.00,NOS,NOS,NOS,1,0.000,225.00,,,0.000,,,,90,,2082,1,,
353,P-0353,Desire printed Long trunk top elastic,57,,,,132.00,180.00,0.00,2.50,2.50,0.00,149.00,NOS,NOS,NOS,1,0.000,225.00,,,0.000,,,,95,,8904122480172,1,,
353,P-0353,Desire printed Long trunk top elastic,57,,,,132.00,180.00,0.00,2.50,2.50,0.00,149.00,NOS,NOS,NOS,1,0.000,225.00,,,0.000,,,,100,,8904122480189,1,,
352,P-0352,Desire printed mini trunk,57,,,,111.30,160.00,20.00,2.50,2.50,0.00,139.00,NOS,NOS,NOS,1,0.000,200.00,,,0.000,,,,90,,8904122423124,1,,
352,P-0352,Desire printed mini trunk,57,,,,111.30,160.00,20.00,2.50,2.50,0.00,139.00,NOS,NOS,NOS,1,0.000,200.00,,,0.000,,,,75,,2074,1,,
352,P-0352,Desire printed mini trunk,57,,,,111.30,160.00,20.00,2.50,2.50,0.00,139.00,NOS,NOS,NOS,1,0.000,200.00,,,0.000,,,,80,,2075,1,,
352,P-0352,Desire printed mini trunk,57,,,,111.30,160.00,20.00,2.50,2.50,0.00,139.00,NOS,NOS,NOS,1,0.000,200.00,,,0.000,,,,85,,2076,1,,
352,P-0352,Desire printed mini trunk,57,,,,111.30,160.00,20.00,2.50,2.50,0.00,139.00,NOS,NOS,NOS,1,0.000,200.00,,,0.000,,,,95,,2077,1,,
352,P-0352,Desire printed mini trunk,57,,,,111.30,160.00,20.00,2.50,2.50,0.00,139.00,NOS,NOS,NOS,1,0.000,200.00,,,0.000,,,,100,,2078,1,,
357,P-0357,Desire printed mini trunk top elastic,57,,,,90.00,120.00,0.00,2.50,2.50,0.00,99.00,NOS,NOS,NOS,1,0.000,150.00,,,9.000,,,,85,,8904122423117,1,,
357,P-0357,Desire printed mini trunk top elastic,57,,,,90.00,120.00,0.00,2.50,2.50,0.00,99.00,NOS,NOS,NOS,1,0.000,150.00,,,0.000,,,,75,,2089,1,,
357,P-0357,Desire printed mini trunk top elastic,57,,,,90.00,120.00,0.00,2.50,2.50,0.00,99.00,NOS,NOS,NOS,1,0.000,150.00,,,0.000,,,,80,,2090,1,,
357,P-0357,Desire printed mini trunk top elastic,57,,,,90.00,120.00,0.00,2.50,2.50,0.00,99.00,NOS,NOS,NOS,1,0.000,150.00,,,0.000,,,,90,,2091,1,,
357,P-0357,Desire printed mini trunk top elastic,57,,,,90.00,120.00,0.00,2.50,2.50,0.00,99.00,NOS,NOS,NOS,1,0.000,150.00,,,0.000,,,,95,,2092,1,,
357,P-0357,Desire printed mini trunk top elastic,57,,,,90.00,120.00,0.00,2.50,2.50,0.00,99.00,NOS,NOS,NOS,1,0.000,150.00,,,0.000,,,,100,,2093,1,,
1006,P-1006,DJ boy 1435,20,,,,435.00,600.00,20.00,0.00,0.00,0.00,499.00,NOS,NOS,NOS,1,0.000,750.00,,,0.000,,,,,,3456,1,,
53,P-0053,Dk dry fit tshirt 1160,7,,,,160.00,240.00,20.00,0.00,0.00,0.00,200.00,NOS,NOS,NOS,1,0.000,300.00,,,19.000,,,,,,1108,1,,
54,P-0054,Dk dry fit tshirt 1170,7,,,,170.00,260.00,20.00,0.00,0.00,0.00,200.00,NOS,NOS,NOS,1,0.000,325.00,,,10.000,,,,,,1109,1,,
76,P-0076,Dk kids Lower 1175,18,,,,175.00,315.00,20.00,0.00,0.00,0.00,200.00,NOS,NOS,NOS,1,5.000,525.00,Boy's counter,,1.000,,,,26,,1207,1,,
76,P-0076,Dk kids Lower 1175,18,,,,175.00,315.00,20.00,0.00,0.00,0.00,200.00,NOS,NOS,NOS,1,5.000,525.00,Boy's counter,,9.000,,,,28,,1208,1,,
76,P-0076,Dk kids Lower 1175,18,,,,175.00,315.00,20.00,0.00,0.00,0.00,200.00,NOS,NOS,NOS,1,5.000,525.00,Boy's counter,,2.000,,,,30,,1209,1,,
76,P-0076,Dk kids Lower 1175,18,,,,175.00,315.00,20.00,0.00,0.00,0.00,200.00,NOS,NOS,NOS,1,5.000,525.00,Boy's counter,,15.000,,,,32,,1210,1,,
76,P-0076,Dk kids Lower 1175,18,,,,175.00,315.00,20.00,0.00,0.00,0.00,200.00,NOS,NOS,NOS,1,5.000,525.00,Boy's counter,,8.000,,,,34,,1211,1,,
76,P-0076,Dk kids Lower 1175,18,,,,175.00,315.00,20.00,0.00,0.00,0.00,200.00,NOS,NOS,NOS,1,5.000,525.00,Boy's counter,,13.000,,,,36,,1212,1,,
26,P-0026,Dk Kurta 1300,3,,,,300.00,500.00,20.00,0.00,0.00,0.00,300.00,NOS,NOS,NOS,1,1.000,625.00,MEN'S COUNTER,CC2-1,4.000,,,,,,1062,1,,
25,P-0025,Dk kurta pajma,3,,,,400.00,640.00,20.00,0.00,0.00,0.00,500.00,NOS,NOS,NOS,1,0.000,800.00,MEN'S COUNTER,CC2-1,6.000,,,,,,1061,1,,
2952,P-2952,DK lower 1270,4,,,,270.00,500.00,20.00,0.00,0.00,0.00,299.00,NOS,NOS,NOS,1,0.000,810.00,,,0.000,,,,,,5573,1,,
329,P-0329,dollar (panty),74,,,,72.00,214.00,0.00,0.00,0.00,0.00,99.00,NOS,NOS,NOS,1,0.000,268.00,,,10.000,,,,85,,2010,1,,
1896,P-1896,Domea 1670,87,,,,670.00,1150.00,20.00,0.00,0.00,0.00,699.00,NOS,NOS,NOS,1,0.000,2010.00,,,0.000,,,,,,4455,1,,
1895,P-1895,Domea 1760,87,,,,760.00,1300.00,20.00,0.00,0.00,0.00,799.00,NOS,NOS,NOS,1,0.000,2280.00,,,0.000,,,,,,4454,1,,
180,P-0180,Dots (F/S)  1193,19,gbb,,,193.00,280.00,0.00,0.00,0.00,0.00,149.00,NOS,NOS,NOS,1,0.000,350.00,Boy's counter,,2.000,,,,,,1395,1,,
3132,P-3132,Dots 1115,121,,,,115.00,225.00,20.00,0.00,0.00,0.00,159.00,NOS,NOS,NOS,1,0.000,345.00,,,0.000,,,,,,5707,1,,
1124,P-1124,Dots 1124,117,,,,124.00,180.00,20.00,0.00,0.00,0.00,150.00,NOS,NOS,NOS,1,0.000,225.00,,,0.000,,,,,,3574,1,,
3133,P-3133,Dots 1129,121,,,,129.00,225.00,20.00,0.00,0.00,0.00,159.00,NOS,NOS,NOS,1,0.000,387.00,,,0.000,,,,,,5706,1,,
2175,P-2175,Dots 1138,60,,,,138.00,250.00,20.00,0.00,0.00,0.00,169.00,NOS,NOS,NOS,1,0.000,414.00,,,0.000,,,,,,4760,1,,
1123,P-1123,Dots 1142,117,,,,142.00,200.00,0.00,0.00,0.00,0.00,200.00,NOS,NOS,NOS,1,0.000,250.00,,,0.000,,,,,,3573,1,,
1125,P-1125,Dots 1143,117,,,,143.00,200.00,20.00,0.00,0.00,0.00,150.00,NOS,NOS,NOS,1,0.000,250.00,,,0.000,,,,,,3575,1,,
3572,P-3572,Dots 1146,33,,,,146.00,250.00,20.00,0.00,0.00,0.00,199.00,NOS,NOS,NOS,1,0.000,438.00,,,0.000,,,,,,6256,1,,
1121,P-1121,Dots 1147,117,,,,147.00,220.00,20.00,0.00,0.00,0.00,200.00,NOS,NOS,NOS,1,0.000,275.00,,,0.000,,,,,,3571,1,,
2212,P-2212,Dots 1152,33,,,,152.00,275.00,20.00,0.00,0.00,0.00,179.00,NOS,NOS,NOS,1,0.000,456.00,,,0.000,,,,,,4797,1,,
1122,P-1122,Dots 1156,117,,,,156.00,230.00,20.00,0.00,0.00,0.00,200.00,NOS,NOS,NOS,1,0.000,288.00,,,0.000,,,,,,3572,1,,
3571,P-3571,Dots 1160,33,,,,160.00,275.00,20.00,0.00,0.00,0.00,199.00,NOS,NOS,NOS,1,0.000,480.00,,,0.000,,,,,,6254,1,,
3570,P-3570,Dots 1170,33,,,,170.00,300.00,20.00,0.00,0.00,0.00,199.00,NOS,NOS,NOS,1,0.000,510.00,,,0.000,,,,,,6255,1,,
3092,P-3092,Dots 1179,63,,,,179.00,350.00,20.00,0.00,0.00,0.00,199.00,NOS,NOS,NOS,1,0.000,537.00,,,0.000,,,,,,5747,1,,
3352,P-3352,Dots 1184,20,,,,184.00,325.00,20.00,0.00,0.00,0.00,199.00,NOS,NOS,NOS,1,0.000,552.00,,,0.000,,,,,,6032,1,,
3351,P-3351,Dots 1189,20,,,,189.00,325.00,20.00,0.00,0.00,0.00,199.00,NOS,NOS,NOS,1,0.000,567.00,,,0.000,,,,,,6031,1,,
3353,P-3353,Dots 1202,20,,,,202.00,350.00,20.00,0.00,0.00,0.00,269.00,NOS,NOS,NOS,1,0.000,606.00,,,0.000,,,,,,6033,1,,
2825,P-2825,Dots 1221,117,,,,221.00,375.00,20.00,0.00,0.00,0.00,299.00,NOS,NOS,NOS,1,0.000,663.00,,,0.000,,,,,,5446,1,,
2823,P-2823,Dots 1239,117,,,,239.00,425.00,20.00,0.00,0.00,0.00,299.00,NOS,NOS,NOS,1,0.000,717.00,,,0.000,,,,,,5444,1,,
2824,P-2824,Dots 1248,117,,,,248.00,425.00,20.00,0.00,0.00,0.00,299.00,NOS,NOS,NOS,1,0.000,744.00,,,0.000,,,,,,5445,1,,
182,P-0182,Dots 2000-12-F,19,gbb,,,166.00,240.00,20.00,0.00,0.00,0.00,139.00,NOS,NOS,NOS,1,0.000,300.00,Boy's counter,,5.000,,,,,,1397,1,,
3560,P-3560,Down town 1235,7,,,,235.00,400.00,20.00,0.00,0.00,0.00,299.00,NOS,NOS,NOS,1,0.000,705.00,,,0.000,,,,,,6244,1,,
671,P-0671,DRI-FIT sweat shirt,7,,,,310.00,420.00,20.00,0.00,0.00,0.00,399.00,NOS,NOS,NOS,1,0.000,525.00,,,9.000,,,,,,2838,1,,
1414,P-1414,Dry fit lower,18,,,,230.00,440.00,20.00,0.00,0.00,0.00,399.00,NOS,NOS,NOS,1,0.000,690.00,,,0.000,,,,,,3873,1,,
1416,P-1416,dry fit lower 1240,4,,,,240.00,425.00,20.00,0.00,0.00,0.00,299.00,NOS,NOS,NOS,1,0.000,720.00,,,6.000,,,,,,3877,1,,
2687,P-2687,dry fit taiwan 1300,4,,,,320.00,550.00,20.00,0.00,0.00,0.00,330.00,NOS,NOS,NOS,1,0.000,960.00,,,0.000,,,,3xl,,5300,1,,
7,P-0007,Dry Fit Taiwan1290,4,,deepak,,190.00,525.00,20.00,0.00,0.00,0.00,300.00,NOS,NOS,NOS,1,10.000,870.00,MENS COUNTER,CC2,21.000,,,,M,,1019,1,,
7,P-0007,Dry Fit Taiwan1290,4,,deepak,,190.00,525.00,20.00,0.00,0.00,0.00,300.00,NOS,NOS,NOS,1,10.000,870.00,MENS COUNTER,CC2,27.000,,,,L,,1020,1,,
7,P-0007,Dry Fit Taiwan1290,4,,deepak,,190.00,525.00,20.00,0.00,0.00,0.00,300.00,NOS,NOS,NOS,1,10.000,870.00,MENS COUNTER,CC2,28.000,,,,XL,,1021,1,,
7,P-0007,Dry Fit Taiwan1290,4,,deepak,,190.00,525.00,20.00,0.00,0.00,0.00,300.00,NOS,NOS,NOS,1,10.000,870.00,MENS COUNTER,CC2,31.000,,,,XXL,,1022,1,,
764,P-0764,Dry Fit Taiwan1300,4,,,,300.00,550.00,20.00,0.00,0.00,0.00,399.00,NOS,NOS,NOS,1,0.000,900.00,,,0.000,,,,M,,3186,1,,
764,P-0764,Dry Fit Taiwan1300,4,,,,300.00,550.00,20.00,0.00,0.00,0.00,399.00,NOS,NOS,NOS,1,0.000,900.00,,,0.000,,,,L,,3187,1,,
764,P-0764,Dry Fit Taiwan1300,4,,,,300.00,550.00,20.00,0.00,0.00,0.00,399.00,NOS,NOS,NOS,1,0.000,900.00,,,0.000,,,,XL,,3188,1,,
764,P-0764,Dry Fit Taiwan1300,4,,,,300.00,550.00,20.00,0.00,0.00,0.00,399.00,NOS,NOS,NOS,1,0.000,900.00,,,0.000,,,,XXL,,3189,1,,
2702,P-2702,Dryfit vest 1100,57,,,,100.00,188.00,20.00,0.00,0.00,0.00,119.00,NOS,NOS,NOS,1,0.000,300.00,,,0.000,,,,,,5315,1,,
1352,P-1352,Dryset 1160,122,,,,160.00,240.00,20.00,0.00,0.00,0.00,179.00,NOS,NOS,NOS,1,0.000,300.00,,,0.000,,,,,,3803,1,,
94,P-0094,Dsons 1193,19,gbb,,,193.00,280.00,0.00,0.00,0.00,0.00,200.00,NOS,NOS,NOS,1,0.000,350.00,,,1.000,,,,,,1235,1,,
562,P-0562,Dsons 1208,87,,,,208.00,290.00,0.00,0.00,0.00,0.00,300.00,NOS,NOS,NOS,1,0.000,360.00,,,0.000,,,,,,2631,1,,
501,P-0501,Dsons 1355,87,,,,355.00,480.00,20.00,0.00,0.00,0.00,400.00,NOS,NOS,NOS,1,0.000,600.00,,,0.000,,,,,,2570,1,,
118,P-0118,D'Sons 16708 1195,20,,,,195.00,280.00,0.00,0.00,0.00,0.00,200.00,NOS,NOS,NOS,1,0.000,350.00,Boy's counter,,4.000,,,,,,1259,1,,
119,P-0119,D-Sons 87011 1097,20,,,,97.00,150.00,20.00,0.00,0.00,0.00,99.00,NOS,NOS,NOS,1,0.000,188.00,Boy's counter,,2.000,,,,,,1260,1,,
492,P-0492,Dua 1235,87,,,,235.00,320.00,0.00,0.00,0.00,0.00,250.00,NOS,NOS,NOS,1,0.000,400.00,,,0.000,,,,,,2561,1,,
674,P-0674,Elite Gents Trouser ANTHRA,57,,,,241.00,320.00,20.00,2.50,2.50,0.00,299.00,NOS,NOS,NOS,1,0.000,400.00,,,0.000,,,,75,,2853,1,,
674,P-0674,Elite Gents Trouser ANTHRA,57,,,,241.00,320.00,20.00,2.50,2.50,0.00,299.00,NOS,NOS,NOS,1,0.000,400.00,,,0.000,,,,80,,8904122410728,1,,
674,P-0674,Elite Gents Trouser ANTHRA,57,,,,241.00,320.00,20.00,2.50,2.50,0.00,299.00,NOS,NOS,NOS,1,0.000,400.00,,,0.000,,,,85,,8904122410735,1,,
674,P-0674,Elite Gents Trouser ANTHRA,57,,,,241.00,320.00,20.00,2.50,2.50,0.00,299.00,NOS,NOS,NOS,1,0.000,400.00,,,0.000,,,,90,,8904122410742,1,,
674,P-0674,Elite Gents Trouser ANTHRA,57,,,,241.00,320.00,20.00,2.50,2.50,0.00,299.00,NOS,NOS,NOS,1,0.000,400.00,,,0.000,,,,95,,8904122410759,1,,
674,P-0674,Elite Gents Trouser ANTHRA,57,,,,241.00,320.00,20.00,2.50,2.50,0.00,299.00,NOS,NOS,NOS,1,0.000,400.00,,,0.000,,,,100,,8904122410766,1,,
705,P-0705,Elite gents trouser GREY,57,,,,220.00,320.00,0.00,2.50,2.50,0.00,289.00,NOS,NOS,NOS,1,0.000,400.00,,,0.000,,,,75,,3006,1,,
705,P-0705,Elite gents trouser GREY,57,,,,220.00,320.00,0.00,2.50,2.50,0.00,289.00,NOS,NOS,NOS,1,0.000,400.00,,,0.000,,,,80,,3007,1,,
705,P-0705,Elite gents trouser GREY,57,,,,220.00,320.00,0.00,2.50,2.50,0.00,289.00,NOS,NOS,NOS,1,0.000,400.00,,,2.000,,,,85,,3008,1,,
705,P-0705,Elite gents trouser GREY,57,,,,220.00,320.00,0.00,2.50,2.50,0.00,289.00,NOS,NOS,NOS,1,0.000,400.00,,,0.000,,,,90,,3009,1,,
705,P-0705,Elite gents trouser GREY,57,,,,220.00,320.00,0.00,2.50,2.50,0.00,289.00,NOS,NOS,NOS,1,0.000,400.00,,,0.000,,,,95,,3010,1,,
705,P-0705,Elite gents trouser GREY,57,,,,220.00,320.00,0.00,2.50,2.50,0.00,289.00,NOS,NOS,NOS,1,0.000,400.00,,,0.000,,,,100,,3011,1,,
677,P-0677,Elite Gents Trousers White,57,,80,,226.00,320.00,20.00,2.50,2.50,0.00,299.00,NOS,NOS,NOS,1,0.000,400.00,,,0.000,,,,75,,2868,1,,
677,P-0677,Elite Gents Trousers White,57,,80,,226.00,320.00,20.00,2.50,2.50,0.00,299.00,NOS,NOS,NOS,1,0.000,400.00,,,0.000,,,,80,,2869,1,,
677,P-0677,Elite Gents Trousers White,57,,80,,226.00,320.00,20.00,2.50,2.50,0.00,299.00,NOS,NOS,NOS,1,0.000,400.00,,,0.000,,,,85,,2870,1,,
677,P-0677,Elite Gents Trousers White,57,,80,,226.00,320.00,20.00,2.50,2.50,0.00,299.00,NOS,NOS,NOS,1,0.000,400.00,,,0.000,,,,90,,2871,1,,
677,P-0677,Elite Gents Trousers White,57,,80,,226.00,320.00,20.00,2.50,2.50,0.00,299.00,NOS,NOS,NOS,1,0.000,400.00,,,0.000,,,,95,,2872,1,,
677,P-0677,Elite Gents Trousers White,57,,80,,226.00,320.00,20.00,2.50,2.50,0.00,299.00,NOS,NOS,NOS,1,0.000,400.00,,,0.000,,,,100,,2873,1,,
678,P-0678,Elite Gents Vest FS RN ANTHRA,57,,,,241.00,352.00,20.00,0.00,0.00,0.00,299.00,NOS,NOS,NOS,1,0.000,440.00,,,0.000,,,,75,,2874,1,,
678,P-0678,Elite Gents Vest FS RN ANTHRA,57,,,,241.00,352.00,20.00,0.00,0.00,0.00,299.00,NOS,NOS,NOS,1,0.000,440.00,,,0.000,,,,80,,2875,1,,
678,P-0678,Elite Gents Vest FS RN ANTHRA,57,,,,241.00,352.00,20.00,0.00,0.00,0.00,299.00,NOS,NOS,NOS,1,0.000,440.00,,,0.000,,,,85,,2876,1,,
678,P-0678,Elite Gents Vest FS RN ANTHRA,57,,,,241.00,352.00,20.00,0.00,0.00,0.00,299.00,NOS,NOS,NOS,1,0.000,440.00,,,0.000,,,,90,,2877,1,,
678,P-0678,Elite Gents Vest FS RN ANTHRA,57,,,,241.00,352.00,20.00,0.00,0.00,0.00,299.00,NOS,NOS,NOS,1,0.000,440.00,,,0.000,,,,95,,2878,1,,
678,P-0678,Elite Gents Vest FS RN ANTHRA,57,,,,241.00,352.00,20.00,0.00,0.00,0.00,299.00,NOS,NOS,NOS,1,0.000,440.00,,,0.000,,,,100,,2879,1,,
687,P-0687,Elite Gents Vest FS RN White,57,,,,270.00,352.00,20.00,2.50,2.50,0.00,299.00,NOS,NOS,NOS,1,0.000,440.00,,,0.000,,,,75,,2928,1,,
687,P-0687,Elite Gents Vest FS RN White,57,,,,270.00,352.00,20.00,2.50,2.50,0.00,299.00,NOS,NOS,NOS,1,0.000,440.00,,,0.000,,,,80,,2929,1,,
687,P-0687,Elite Gents Vest FS RN White,57,,,,270.00,352.00,20.00,2.50,2.50,0.00,299.00,NOS,NOS,NOS,1,0.000,440.00,,,3.000,,,,85,,2930,1,,
687,P-0687,Elite Gents Vest FS RN White,57,,,,270.00,352.00,20.00,2.50,2.50,0.00,299.00,NOS,NOS,NOS,1,0.000,440.00,,,1.000,,,,90,,2931,1,,
687,P-0687,Elite Gents Vest FS RN White,57,,,,270.00,352.00,20.00,2.50,2.50,0.00,299.00,NOS,NOS,NOS,1,0.000,440.00,,,0.000,,,,95,,2932,1,,
687,P-0687,Elite Gents Vest FS RN White,57,,,,270.00,352.00,20.00,2.50,2.50,0.00,299.00,NOS,NOS,NOS,1,0.000,440.00,,,0.000,,,,100,,2933,1,,
691,P-0691,Elite Gents vest FS VN ANTHRA,57,,,,241.00,320.00,20.00,2.50,2.50,0.00,299.00,NOS,NOS,NOS,1,0.000,400.00,,,0.000,,,,75,,2940,1,,
691,P-0691,Elite Gents vest FS VN ANTHRA,57,,,,241.00,320.00,20.00,2.50,2.50,0.00,299.00,NOS,NOS,NOS,1,0.000,400.00,,,0.000,,,,80,,2941,1,,
691,P-0691,Elite Gents vest FS VN ANTHRA,57,,,,241.00,320.00,20.00,2.50,2.50,0.00,299.00,NOS,NOS,NOS,1,0.000,400.00,,,0.000,,,,85,,2942,1,,
691,P-0691,Elite Gents vest FS VN ANTHRA,57,,,,241.00,320.00,20.00,2.50,2.50,0.00,299.00,NOS,NOS,NOS,1,0.000,400.00,,,0.000,,,,90,,2943,1,,
691,P-0691,Elite Gents vest FS VN ANTHRA,57,,,,241.00,320.00,20.00,2.50,2.50,0.00,299.00,NOS,NOS,NOS,1,0.000,400.00,,,0.000,,,,95,,2944,1,,
691,P-0691,Elite Gents vest FS VN ANTHRA,57,,,,241.00,320.00,20.00,2.50,2.50,0.00,299.00,NOS,NOS,NOS,1,0.000,400.00,,,0.000,,,,100,,2945,1,,
726,P-0726,elite junior trouser,58,,,,146.00,220.00,20.00,2.50,2.50,0.00,199.00,NOS,NOS,NOS,1,0.000,275.00,,,0.000,,,,35,,3101,1,,
726,P-0726,elite junior trouser,58,,,,146.00,220.00,20.00,2.50,2.50,0.00,199.00,NOS,NOS,NOS,1,0.000,275.00,,,0.000,,,,40,,3102,1,,
726,P-0726,elite junior trouser,58,,,,146.00,220.00,20.00,2.50,2.50,0.00,199.00,NOS,NOS,NOS,1,0.000,275.00,,,0.000,,,,45,,3103,1,,
726,P-0726,elite junior trouser,58,,,,146.00,220.00,20.00,2.50,2.50,0.00,199.00,NOS,NOS,NOS,1,0.000,275.00,,,0.000,,,,50,,3104,1,,
726,P-0726,elite junior trouser,58,,,,146.00,220.00,20.00,2.50,2.50,0.00,199.00,NOS,NOS,NOS,1,0.000,275.00,,,0.000,,,,55,,3105,1,,
726,P-0726,elite junior trouser,58,,,,146.00,220.00,20.00,2.50,2.50,0.00,199.00,NOS,NOS,NOS,1,0.000,275.00,,,0.000,,,,60,,3106,1,,
726,P-0726,elite junior trouser,58,,,,146.00,220.00,20.00,2.50,2.50,0.00,199.00,NOS,NOS,NOS,1,0.000,275.00,,,0.000,,,,65,,3107,1,,
726,P-0726,elite junior trouser,58,,,,146.00,220.00,20.00,2.50,2.50,0.00,199.00,NOS,NOS,NOS,1,0.000,275.00,,,0.000,,,,70,,3108,1,,
726,P-0726,elite junior trouser,58,,,,146.00,220.00,20.00,2.50,2.50,0.00,199.00,NOS,NOS,NOS,1,0.000,275.00,,,0.000,,,,73,,3109,1,,
693,P-0693,Elite Junior vest Dyed,58,,,,146.00,220.00,20.00,2.50,2.50,0.00,199.00,NOS,NOS,NOS,1,0.000,275.00,,,0.000,,,,45,,2947,1,,
693,P-0693,Elite Junior vest Dyed,58,,,,146.00,220.00,20.00,2.50,2.50,0.00,199.00,NOS,NOS,NOS,1,0.000,275.00,,,0.000,,,,50,,2948,1,,
693,P-0693,Elite Junior vest Dyed,58,,,,146.00,220.00,20.00,2.50,2.50,0.00,199.00,NOS,NOS,NOS,1,0.000,275.00,,,0.000,,,,55,,2949,1,,
693,P-0693,Elite Junior vest Dyed,58,,,,146.00,220.00,20.00,2.50,2.50,0.00,199.00,NOS,NOS,NOS,1,0.000,275.00,,,0.000,,,,60,,2950,1,,
693,P-0693,Elite Junior vest Dyed,58,,,,146.00,220.00,20.00,2.50,2.50,0.00,199.00,NOS,NOS,NOS,1,0.000,275.00,,,0.000,,,,65,,2951,1,,
693,P-0693,Elite Junior vest Dyed,58,,,,146.00,220.00,20.00,2.50,2.50,0.00,199.00,NOS,NOS,NOS,1,0.000,275.00,,,0.000,,,,70,,2952,1,,
693,P-0693,Elite Junior vest Dyed,58,,,,146.00,220.00,20.00,2.50,2.50,0.00,199.00,NOS,NOS,NOS,1,0.000,275.00,,,0.000,,,,73,,2953,1,,
682,P-0682,Elite Ladies 3/4 Sleeves Dyed,67,,,,230.00,352.00,20.00,2.50,2.50,0.00,299.00,NOS,NOS,NOS,1,0.000,440.00,,,0.000,,,,75,,2898,1,,
682,P-0682,Elite Ladies 3/4 Sleeves Dyed,67,,,,230.00,352.00,20.00,2.50,2.50,0.00,299.00,NOS,NOS,NOS,1,0.000,440.00,,,0.000,,,,80,,2899,1,,
682,P-0682,Elite Ladies 3/4 Sleeves Dyed,67,,,,230.00,352.00,20.00,2.50,2.50,0.00,299.00,NOS,NOS,NOS,1,0.000,440.00,,,4.000,,,,85,,2900,1,,
682,P-0682,Elite Ladies 3/4 Sleeves Dyed,67,,,,230.00,352.00,20.00,2.50,2.50,0.00,299.00,NOS,NOS,NOS,1,0.000,440.00,,,0.000,,,,90,,2901,1,,
682,P-0682,Elite Ladies 3/4 Sleeves Dyed,67,,,,230.00,352.00,20.00,2.50,2.50,0.00,299.00,NOS,NOS,NOS,1,0.000,440.00,,,1.000,,,,95,,2902,1,,
682,P-0682,Elite Ladies 3/4 Sleeves Dyed,67,,,,230.00,352.00,20.00,2.50,2.50,0.00,299.00,NOS,NOS,NOS,1,0.000,440.00,,,5.000,,,,100,,2903,1,,
683,P-0683,Elite Ladies 3/4 Sleeves Grey,67,,,,259.00,352.00,20.00,2.50,2.50,0.00,299.00,NOS,NOS,NOS,1,0.000,440.00,,,0.000,,,,75,,2904,1,,
683,P-0683,Elite Ladies 3/4 Sleeves Grey,67,,,,259.00,352.00,20.00,2.50,2.50,0.00,299.00,NOS,NOS,NOS,1,0.000,440.00,,,0.000,,,,80,,2905,1,,
683,P-0683,Elite Ladies 3/4 Sleeves Grey,67,,,,259.00,352.00,20.00,2.50,2.50,0.00,299.00,NOS,NOS,NOS,1,0.000,440.00,,,0.000,,,,85,,2906,1,,
683,P-0683,Elite Ladies 3/4 Sleeves Grey,67,,,,259.00,352.00,20.00,2.50,2.50,0.00,299.00,NOS,NOS,NOS,1,0.000,440.00,,,0.000,,,,90,,2907,1,,
683,P-0683,Elite Ladies 3/4 Sleeves Grey,67,,,,259.00,352.00,20.00,2.50,2.50,0.00,299.00,NOS,NOS,NOS,1,0.000,440.00,,,4.000,,,,95,,2908,1,,
683,P-0683,Elite Ladies 3/4 Sleeves Grey,67,,,,259.00,352.00,20.00,2.50,2.50,0.00,299.00,NOS,NOS,NOS,1,0.000,440.00,,,1.000,,,,100,,2909,1,,
684,P-0684,Elite Ladies Slips Dyed,67,,,,259.00,320.00,20.00,2.50,2.50,0.00,299.00,NOS,NOS,NOS,1,0.000,440.00,,,0.000,,,,75,,2910,1,,
684,P-0684,Elite Ladies Slips Dyed,67,,,,259.00,320.00,20.00,2.50,2.50,0.00,299.00,NOS,NOS,NOS,1,0.000,440.00,,,3.000,,,,80,,2911,1,,
684,P-0684,Elite Ladies Slips Dyed,67,,,,259.00,320.00,20.00,2.50,2.50,0.00,299.00,NOS,NOS,NOS,1,0.000,440.00,,,6.000,,,,85,,2912,1,,
684,P-0684,Elite Ladies Slips Dyed,67,,,,259.00,320.00,20.00,2.50,2.50,0.00,299.00,NOS,NOS,NOS,1,0.000,440.00,,,5.000,,,,90,,2913,1,,
684,P-0684,Elite Ladies Slips Dyed,67,,,,259.00,320.00,20.00,2.50,2.50,0.00,299.00,NOS,NOS,NOS,1,0.000,440.00,,,0.000,,,,95,,2914,1,,
684,P-0684,Elite Ladies Slips Dyed,67,,,,259.00,320.00,20.00,2.50,2.50,0.00,299.00,NOS,NOS,NOS,1,0.000,440.00,,,0.000,,,,100,,2915,1,,
686,P-0686,Elite Ladies Slips Grey,67,,,,249.00,352.00,20.00,2.50,2.50,0.00,299.00,NOS,NOS,NOS,1,0.000,440.00,,,0.000,,,,75,,2922,1,,
686,P-0686,Elite Ladies Slips Grey,67,,,,249.00,352.00,20.00,2.50,2.50,0.00,299.00,NOS,NOS,NOS,1,0.000,440.00,,,2.000,,,,80,,2923,1,,
686,P-0686,Elite Ladies Slips Grey,67,,,,249.00,352.00,20.00,2.50,2.50,0.00,299.00,NOS,NOS,NOS,1,0.000,440.00,,,0.000,,,,85,,2924,1,,
686,P-0686,Elite Ladies Slips Grey,67,,,,249.00,352.00,20.00,2.50,2.50,0.00,299.00,NOS,NOS,NOS,1,0.000,440.00,,,1.000,,,,90,,2925,1,,
686,P-0686,Elite Ladies Slips Grey,67,,,,249.00,352.00,20.00,2.50,2.50,0.00,299.00,NOS,NOS,NOS,1,0.000,440.00,,,0.000,,,,95,,2926,1,,
686,P-0686,Elite Ladies Slips Grey,67,,,,249.00,352.00,20.00,2.50,2.50,0.00,299.00,NOS,NOS,NOS,1,0.000,440.00,,,0.000,,,,100,,2927,1,,
685,P-0685,Elite Ladies Slips White,67,,,,249.00,352.00,0.00,2.50,2.50,0.00,299.00,NOS,NOS,NOS,1,0.000,440.00,,,0.000,,,,75,,2916,1,,
685,P-0685,Elite Ladies Slips White,67,,,,249.00,352.00,0.00,2.50,2.50,0.00,299.00,NOS,NOS,NOS,1,0.000,440.00,,,0.000,,,,80,,2917,1,,
685,P-0685,Elite Ladies Slips White,67,,,,249.00,352.00,0.00,2.50,2.50,0.00,299.00,NOS,NOS,NOS,1,0.000,440.00,,,3.000,,,,85,,2918,1,,
685,P-0685,Elite Ladies Slips White,67,,,,249.00,352.00,0.00,2.50,2.50,0.00,299.00,NOS,NOS,NOS,1,0.000,440.00,,,0.000,,,,90,,2919,1,,
685,P-0685,Elite Ladies Slips White,67,,,,249.00,352.00,0.00,2.50,2.50,0.00,299.00,NOS,NOS,NOS,1,0.000,440.00,,,0.000,,,,95,,2920,1,,
685,P-0685,Elite Ladies Slips White,67,,,,249.00,352.00,0.00,2.50,2.50,0.00,299.00,NOS,NOS,NOS,1,0.000,440.00,,,0.000,,,,100,,2921,1,,
679,P-0679,Elite Ladies Trouser Dyed,67,,,,259.00,352.00,20.00,2.50,2.50,0.00,299.00,NOS,NOS,NOS,1,0.000,440.00,,,0.000,,,,75,,2880,1,,
679,P-0679,Elite Ladies Trouser Dyed,67,,,,259.00,352.00,20.00,2.50,2.50,0.00,299.00,NOS,NOS,NOS,1,0.000,440.00,,,3.000,,,,80,,2881,1,,
679,P-0679,Elite Ladies Trouser Dyed,67,,,,259.00,352.00,20.00,2.50,2.50,0.00,299.00,NOS,NOS,NOS,1,0.000,440.00,,,0.000,,,,85,,2882,1,,
679,P-0679,Elite Ladies Trouser Dyed,67,,,,259.00,352.00,20.00,2.50,2.50,0.00,299.00,NOS,NOS,NOS,1,0.000,440.00,,,5.000,,,,90,,2883,1,,
679,P-0679,Elite Ladies Trouser Dyed,67,,,,259.00,352.00,20.00,2.50,2.50,0.00,299.00,NOS,NOS,NOS,1,0.000,440.00,,,0.000,,,,95,,2884,1,,
679,P-0679,Elite Ladies Trouser Dyed,67,,,,259.00,352.00,20.00,2.50,2.50,0.00,299.00,NOS,NOS,NOS,1,0.000,440.00,,,4.000,,,,100,,2885,1,,
680,P-0680,Elite Ladies Trouser Grey,67,,,,259.00,352.00,0.00,2.50,2.50,0.00,299.00,NOS,NOS,NOS,1,0.000,440.00,,,0.000,,,,75,,2886,1,,
680,P-0680,Elite Ladies Trouser Grey,67,,,,259.00,352.00,0.00,2.50,2.50,0.00,299.00,NOS,NOS,NOS,1,0.000,440.00,,,1.000,,,,80,,2887,1,,
680,P-0680,Elite Ladies Trouser Grey,67,,,,259.00,352.00,0.00,2.50,2.50,0.00,299.00,NOS,NOS,NOS,1,0.000,440.00,,,3.000,,,,85,,2888,1,,
680,P-0680,Elite Ladies Trouser Grey,67,,,,259.00,352.00,0.00,2.50,2.50,0.00,299.00,NOS,NOS,NOS,1,0.000,440.00,,,0.000,,,,90,,2889,1,,
680,P-0680,Elite Ladies Trouser Grey,67,,,,259.00,352.00,0.00,2.50,2.50,0.00,299.00,NOS,NOS,NOS,1,0.000,440.00,,,1.000,,,,95,,2890,1,,
680,P-0680,Elite Ladies Trouser Grey,67,,,,259.00,352.00,0.00,2.50,2.50,0.00,299.00,NOS,NOS,NOS,1,0.000,440.00,,,2.000,,,,100,,2891,1,,
681,P-0681,Elite Ladies Trouser White,67,,,,259.00,352.00,20.00,2.50,2.50,0.00,299.00,NOS,NOS,NOS,1,0.000,440.00,,,0.000,,,,75,,2892,1,,
681,P-0681,Elite Ladies Trouser White,67,,,,259.00,352.00,20.00,2.50,2.50,0.00,299.00,NOS,NOS,NOS,1,0.000,440.00,,,0.000,,,,80,,2893,1,,
681,P-0681,Elite Ladies Trouser White,67,,,,259.00,352.00,20.00,2.50,2.50,0.00,299.00,NOS,NOS,NOS,1,0.000,440.00,,,4.000,,,,85,,2894,1,,
681,P-0681,Elite Ladies Trouser White,67,,,,259.00,352.00,20.00,2.50,2.50,0.00,299.00,NOS,NOS,NOS,1,0.000,440.00,,,0.000,,,,90,,2895,1,,
681,P-0681,Elite Ladies Trouser White,67,,,,259.00,352.00,20.00,2.50,2.50,0.00,299.00,NOS,NOS,NOS,1,0.000,440.00,,,0.000,,,,95,,2896,1,,
681,P-0681,Elite Ladies Trouser White,67,,,,259.00,352.00,20.00,2.50,2.50,0.00,299.00,NOS,NOS,NOS,1,0.000,440.00,,,0.000,,,,100,,2897,1,,
3257,P-3257,Eltham street 1300,16,,,,300.00,525.00,20.00,0.00,0.00,0.00,379.00,NOS,NOS,NOS,1,0.000,900.00,,,0.000,,,,,,5923,1,,
3258,P-3258,Eltham street 1335,16,,,,335.00,575.00,20.00,0.00,0.00,0.00,379.00,NOS,NOS,NOS,1,0.000,1005.00,,,0.000,,,,,,5924,1,,
1473,P-1473,Ethnic line 602 11060,135,,,,1060.00,1815.00,20.00,0.00,0.00,0.00,1099.00,NOS,NOS,NOS,1,0.000,3180.00,,,0.000,,,,,,4035,1,,
1162,P-1162,Eva 1130,61,,,,130.00,225.00,20.00,0.00,0.00,0.00,159.00,NOS,NOS,NOS,1,0.000,390.00,,,0.000,,,,,,3612,1,,
1163,P-1163,Eva 1135,29,,,,135.00,250.00,20.00,0.00,0.00,0.00,199.00,NOS,NOS,NOS,1,0.000,405.00,,,0.000,,,,,,3613,1,,
3208,P-3208,Eva 1155,41,,,,155.00,288.00,20.00,0.00,0.00,0.00,199.00,NOS,NOS,NOS,1,0.000,465.00,,,0.000,,,,,,5869,1,,
3206,P-3206,Eva 1165,41,,,,165.00,288.00,20.00,0.00,0.00,0.00,199.00,NOS,NOS,NOS,1,0.000,495.00,,,0.000,,,,,,5867,1,,
3207,P-3207,Eva 1179,41,,,,179.00,315.00,20.00,0.00,0.00,0.00,199.00,NOS,NOS,NOS,1,0.000,537.00,,,0.000,,,,,,5868,1,,
1939,P-1939,Eva 1185,16,,,,185.00,325.00,20.00,0.00,0.00,0.00,199.00,NOS,NOS,NOS,1,0.000,555.00,,,0.000,,,,,,4504,1,,
1164,P-1164,Eva 1195,61,,,,195.00,280.00,20.00,0.00,0.00,0.00,199.00,NOS,NOS,NOS,1,0.000,350.00,,,0.000,,,,,,3614,1,,
1937,P-1937,Eva 1200,16,,,,200.00,350.00,20.00,0.00,0.00,0.00,299.00,NOS,NOS,NOS,1,0.000,600.00,,,0.000,,,,,,4502,1,,
1938,P-1938,Eva 1210,16,,,,210.00,375.00,20.00,0.00,0.00,0.00,299.00,NOS,NOS,NOS,1,0.000,630.00,,,0.000,,,,,,4503,1,,
177,P-0177,Eva touch (plain lower),41,gbb,,,193.00,270.00,20.00,0.00,0.00,0.00,149.00,NOS,NOS,NOS,1,0.000,338.00,,,6.000,,,,M,,1364,1,,
177,P-0177,Eva touch (plain lower),41,gbb,,,193.00,270.00,20.00,0.00,0.00,0.00,149.00,NOS,NOS,NOS,1,0.000,338.00,,,4.000,,,,3XL,,1365,1,,
177,P-0177,Eva touch (plain lower),41,gbb,,,193.00,270.00,20.00,0.00,0.00,0.00,149.00,NOS,NOS,NOS,1,0.000,338.00,,,1.000,,,,M,,1366,1,,
176,P-0176,Eva touch (printed lower),41,gbb,,,135.00,200.00,0.00,0.00,0.00,0.00,150.00,NOS,NOS,NOS,1,0.000,250.00,,,5.000,,,,,,1363,1,,
1679,P-1679,Eva touch 1210,56,,,,210.00,375.00,20.00,0.00,0.00,0.00,299.00,NOS,NOS,NOS,1,0.000,630.00,,,0.000,,,,,,4235,1,,
603,P-0603,Eva Touch 1265,83,,,,265.00,360.00,20.00,0.00,0.00,0.00,299.00,NOS,NOS,NOS,1,0.000,450.00,,,0.000,,,,,,2672,1,,
609,P-0609,Eva touch 1365,83,,,,365.00,500.00,20.00,0.00,0.00,0.00,399.00,NOS,NOS,NOS,1,0.000,625.00,,,0.000,,,,,,2678,1,,
604,P-0604,Eva Touch 1375,83,,,,375.00,520.00,20.00,0.00,0.00,0.00,399.00,NOS,NOS,NOS,1,0.000,650.00,,,0.000,,,,,,2673,1,,
608,P-0608,Eva touch 1625,83,,,,625.00,850.00,0.00,0.00,0.00,0.00,699.00,NOS,NOS,NOS,1,0.000,1062.00,,,0.000,,,,,,2677,1,,
602,P-0602,Eva Touch 1645,83,,,,645.00,880.00,20.00,0.00,0.00,0.00,699.00,NOS,NOS,NOS,1,0.000,1100.00,,,0.000,,,,,,2671,1,,
186,P-0186,F/S set,19,gbb,,,150.00,220.00,20.00,0.00,0.00,0.00,149.00,NOS,NOS,NOS,1,0.000,275.00,Boy's counter,,1.000,,,,,,1401,1,,
186,P-0186,F/S set,19,gbb,,,150.00,220.00,20.00,0.00,0.00,0.00,149.00,NOS,NOS,NOS,1,0.000,275.00,Boy's counter,,1.000,,,,,,1402,1,,
186,P-0186,F/S set,19,gbb,,,150.00,220.00,20.00,0.00,0.00,0.00,149.00,NOS,NOS,NOS,1,0.000,275.00,Boy's counter,,1.000,,,,,,1403,1,,
186,P-0186,F/S set,19,gbb,,,150.00,220.00,20.00,0.00,0.00,0.00,149.00,NOS,NOS,NOS,1,0.000,275.00,Boy's counter,,1.000,,,,,,1404,1,,
1105,P-1105,Fab love 1330,60,,,,330.00,460.00,20.00,0.00,0.00,0.00,350.00,NOS,NOS,NOS,1,0.000,575.00,,,0.000,,,,,,3555,1,,
1106,P-1106,Fab love 1370,60,,,,370.00,520.00,0.00,0.00,0.00,0.00,400.00,NOS,NOS,NOS,1,0.000,650.00,,,0.000,,,,,,3556,1,,
1108,P-1108,Fab love 1375,60,,,,375.00,520.00,0.00,0.00,0.00,0.00,400.00,NOS,NOS,NOS,1,0.000,650.00,,,0.000,,,,,,3558,1,,
1109,P-1109,Fab love 1380,60,,,,380.00,530.00,0.00,0.00,0.00,0.00,400.00,NOS,NOS,NOS,1,0.000,660.00,,,0.000,,,,,,3559,1,,
1107,P-1107,Fab love 1400,60,,,,400.00,560.00,0.00,0.00,0.00,0.00,450.00,NOS,NOS,NOS,1,0.000,700.00,,,0.000,,,,,,3557,1,,
2873,P-2873,Fabu love 11010,56,,,,1010.00,1725.00,20.00,0.00,0.00,0.00,1099.00,NOS,NOS,NOS,1,0.000,3030.00,,,0.000,,,,,,5495,1,,
1093,P-1093,Fabu love 1270,60,,,,270.00,380.00,20.00,0.00,0.00,0.00,300.00,NOS,NOS,NOS,1,0.000,475.00,,,0.000,,,,,,3543,1,,
2150,P-2150,Fabu love 1275,60,,,,275.00,475.00,20.00,0.00,0.00,0.00,299.00,NOS,NOS,NOS,1,0.000,825.00,,,0.000,,,,,,4735,1,,
1177,P-1177,Fabu love 1280,60,,,,280.00,390.00,20.00,0.00,0.00,0.00,299.00,NOS,NOS,NOS,1,0.000,488.00,,,0.000,,,,,,3627,1,,
1092,P-1092,Fabu love 1300,60,,,,300.00,550.00,20.00,0.00,0.00,0.00,350.00,NOS,NOS,NOS,1,0.000,900.00,,,0.000,,,,,,3542,1,,
1568,P-1568,Fabu Love 1310,56,,,,310.00,550.00,20.00,0.00,0.00,0.00,399.00,NOS,NOS,NOS,1,0.000,930.00,,,0.000,,,,,,4122,1,,
2158,P-2158,Fabu love 1315,60,,,,315.00,550.00,20.00,0.00,0.00,0.00,399.00,NOS,NOS,NOS,1,0.000,945.00,,,0.000,,,,,,4743,1,,
2152,P-2152,Fabu love 1320,60,,,,320.00,550.00,20.00,0.00,0.00,0.00,399.00,NOS,NOS,NOS,1,0.000,960.00,,,0.000,,,,,,4737,1,,
1569,P-1569,Fabu Love 1325,56,,,,325.00,588.00,20.00,0.00,0.00,0.00,399.00,NOS,NOS,NOS,1,0.000,975.00,,,0.000,,,,,,4123,1,,
1175,P-1175,Fabu love 1330,60,,,,330.00,575.00,20.00,0.00,0.00,0.00,399.00,NOS,NOS,NOS,1,0.000,990.00,,,0.000,,,,,,3625,1,,
1759,P-1759,Fabu Love 1335,56,,,,335.00,600.00,20.00,0.00,0.00,0.00,399.00,NOS,NOS,NOS,1,0.000,1005.00,,,0.000,,,,,,4315,1,,
2159,P-2159,Fabu love 1340,60,,,,340.00,588.00,20.00,0.00,0.00,0.00,399.00,NOS,NOS,NOS,1,0.000,1020.00,,,0.000,,,,,,4744,1,,
2149,P-2149,fabu love 1345,60,,,,345.00,600.00,20.00,0.00,0.00,0.00,399.00,NOS,NOS,NOS,1,0.000,1035.00,,,0.000,,,,,,4734,1,,
1595,P-1595,Fabu love 1350,56,,,,350.00,625.00,20.00,0.00,0.00,0.00,399.00,NOS,NOS,NOS,1,0.000,1050.00,,,0.000,,,,,,4149,1,,
2151,P-2151,Fabu love 1360,60,,,,360.00,625.00,20.00,0.00,0.00,0.00,399.00,NOS,NOS,NOS,1,0.000,1080.00,,,0.000,,,,,,4736,1,,
1593,P-1593,Fabu love 1370,56,,,,370.00,675.00,20.00,0.00,0.00,0.00,399.00,NOS,NOS,NOS,1,0.000,1110.00,,,0.000,,,,,,4147,1,,
1178,P-1178,Fabu love 1375,60,,,,375.00,650.00,20.00,0.00,0.00,0.00,399.00,NOS,NOS,NOS,1,0.000,1125.00,,,0.000,,,,,,3628,1,,
2156,P-2156,Fabu love 1380,60,,,,380.00,650.00,20.00,0.00,0.00,0.00,399.00,NOS,NOS,NOS,1,0.000,1140.00,,,0.000,,,,,,4741,1,,
1594,P-1594,Fabu love 1385,56,,,,385.00,688.00,20.00,0.00,0.00,0.00,399.00,NOS,NOS,NOS,1,0.000,1155.00,,,0.000,,,,,,4148,1,,
2160,P-2160,Fabu love 1390,60,,,,390.00,675.00,20.00,0.00,0.00,0.00,399.00,NOS,NOS,NOS,1,0.000,1170.00,,,0.000,,,,,,4745,1,,
2157,P-2157,Fabu love 1395,60,,,,395.00,675.00,20.00,0.00,0.00,0.00,399.00,NOS,NOS,NOS,1,0.000,1185.00,,,0.000,,,,,,4742,1,,
1176,P-1176,Fabu love 1410,60,,,,410.00,700.00,20.00,0.00,0.00,0.00,499.00,NOS,NOS,NOS,1,0.000,1230.00,,,0.000,,,,,,3626,1,,
1756,P-1756,Fabu Love 1415,56,,,,415.00,750.00,20.00,0.00,0.00,0.00,499.00,NOS,NOS,NOS,1,0.000,1245.00,,,0.000,,,,,,4312,1,,
1179,P-1179,Fabu love 1420,60,,,,420.00,750.00,20.00,0.00,0.00,0.00,499.00,NOS,NOS,NOS,1,0.000,1260.00,,,0.000,,,,,,3629,1,,
2155,P-2155,Fabu love 1425,60,,,,425.00,725.00,20.00,0.00,0.00,0.00,499.00,NOS,NOS,NOS,1,0.000,1275.00,,,0.000,,,,,,4740,1,,
2153,P-2153,Fabu love 1430,60,,,,430.00,750.00,20.00,0.00,0.00,0.00,499.00,NOS,NOS,NOS,1,0.000,1290.00,,,0.000,,,,,,4738,1,,
1748,P-1748,Fabu Love 1440,56,,,,440.00,775.00,20.00,0.00,0.00,0.00,499.00,NOS,NOS,NOS,1,0.000,1320.00,,,0.000,,,,,,4304,1,,
1758,P-1758,Fabu Love 1445,56,,,,445.00,788.00,20.00,0.00,0.00,0.00,499.00,NOS,NOS,NOS,1,0.000,1335.00,,,0.000,,,,,,4314,1,,
2154,P-2154,Fabu love 1455,60,,,,455.00,775.00,20.00,0.00,0.00,0.00,499.00,NOS,NOS,NOS,1,0.000,1365.00,,,0.000,,,,,,4739,1,,
2161,P-2161,Fabu love 1460,60,,,,460.00,788.00,20.00,0.00,0.00,0.00,499.00,NOS,NOS,NOS,1,0.000,1380.00,,,0.000,,,,,,4746,1,,
1575,P-1575,Fabu love 1475,56,,,,475.00,850.00,20.00,0.00,0.00,0.00,499.00,NOS,NOS,NOS,1,0.000,1425.00,,,0.000,,,,,,4129,1,,
1755,P-1755,Fabu Love 1495,56,,,,495.00,888.00,20.00,0.00,0.00,0.00,499.00,NOS,NOS,NOS,1,0.000,1485.00,,,0.000,,,,,,4311,1,,
1927,P-1927,Fabu Love 1515,87,,,,515.00,875.00,20.00,0.00,0.00,0.00,599.00,NOS,NOS,NOS,1,0.000,1545.00,,,0.000,,,,,,4491,1,,
1749,P-1749,Fabu Love 1525,56,,,,525.00,925.00,20.00,0.00,0.00,0.00,599.00,NOS,NOS,NOS,1,0.000,1575.00,,,0.000,,,,,,4305,1,,
1929,P-1929,Fabu Love 1530,87,,,,530.00,900.00,20.00,0.00,0.00,0.00,599.00,NOS,NOS,NOS,1,0.000,1590.00,,,0.000,,,,,,4493,1,,
1928,P-1928,Fabu Love 1545,87,,,,545.00,925.00,20.00,0.00,0.00,0.00,599.00,NOS,NOS,NOS,1,0.000,1635.00,,,0.000,,,,,,4492,1,,
1574,P-1574,Fabu love 1560,56,,,,560.00,1000.00,20.00,0.00,0.00,0.00,599.00,NOS,NOS,NOS,1,0.000,1680.00,,,0.000,,,,,,4128,1,,
1760,P-1760,Fabu Love 1575,56,,,,575.00,1025.00,20.00,0.00,0.00,0.00,599.00,NOS,NOS,NOS,1,0.000,1725.00,,,0.000,,,,,,4316,1,,
1931,P-1931,Fabu Love 1585,87,,,,585.00,1000.00,20.00,0.00,0.00,0.00,599.00,NOS,NOS,NOS,1,0.000,1755.00,,,0.000,,,,,,4495,1,,
1576,P-1576,Fabu love 1595,56,,,,595.00,1075.00,20.00,0.00,0.00,0.00,599.00,NOS,NOS,NOS,1,0.000,1785.00,,,0.000,,,,,,4130,1,,
1592,P-1592,Fabu love 1625,56,,,,625.00,1115.00,20.00,0.00,0.00,0.00,699.00,NOS,NOS,NOS,1,0.000,1875.00,,,0.000,,,,,,4146,1,,
1577,P-1577,Fabu love 1645,56,,,,645.00,1150.00,20.00,0.00,0.00,0.00,699.00,NOS,NOS,NOS,1,0.000,1935.00,,,0.000,,,,,,4131,1,,
2875,P-2875,Fabu love 1670,56,,,,670.00,1150.00,20.00,0.00,0.00,0.00,699.00,NOS,NOS,NOS,1,0.000,2010.00,,,0.000,,,,,,5497,1,,
1930,P-1930,Fabu Love 1675,87,,,,675.00,1150.00,20.00,0.00,0.00,0.00,699.00,NOS,NOS,NOS,1,0.000,2025.00,,,0.000,,,,,,4494,1,,
2881,P-2881,Fabu love 1700,56,,,,700.00,1200.00,20.00,0.00,0.00,0.00,799.00,NOS,NOS,NOS,1,0.000,2100.00,,,0.000,,,,,,5503,1,,
2871,P-2871,Fabu love 1710,56,,,,710.00,1225.00,20.00,0.00,0.00,0.00,799.00,NOS,NOS,NOS,1,0.000,2130.00,,,0.000,,,,,,5493,1,,
2882,P-2882,Fabu love 1760,56,,,,760.00,1300.00,20.00,0.00,0.00,0.00,799.00,NOS,NOS,NOS,1,0.000,2280.00,,,0.000,,,,,,5504,1,,
2872,P-2872,Fabu love 1770,56,,,,770.00,1325.00,20.00,0.00,0.00,0.00,799.00,NOS,NOS,NOS,1,0.000,2310.00,,,0.000,,,,,,5494,1,,
2880,P-2880,Fabu love 1800,56,,,,800.00,1375.00,20.00,0.00,0.00,0.00,899.00,NOS,NOS,NOS,1,0.000,800.00,,,0.000,,,,,,5502,1,,
2879,P-2879,Fabu love 1810,56,,,,810.00,1388.00,20.00,0.00,0.00,0.00,899.00,NOS,NOS,NOS,1,0.000,2430.00,,,0.000,,,,,,5501,1,,
2883,P-2883,Fabu love 1910,56,,,,910.00,1550.00,20.00,0.00,0.00,0.00,999.00,NOS,NOS,NOS,1,0.000,2730.00,,,0.000,,,,,,5505,1,,
2874,P-2874,Fabu love 1960,56,,,,960.00,1650.00,20.00,0.00,0.00,0.00,999.00,NOS,NOS,NOS,1,0.000,2880.00,,,0.000,,,,,,5496,1,,
302,P-0302,Fancy dresses,63,,,,192.00,268.00,20.00,0.00,0.00,0.00,239.00,NOS,NOS,NOS,1,0.000,335.00,,,1.000,,,,18,,1860,1,,
302,P-0302,Fancy dresses,63,,,,192.00,268.00,20.00,0.00,0.00,0.00,239.00,NOS,NOS,NOS,1,0.000,335.00,,,1.000,,,,16,,1861,1,,
302,P-0302,Fancy dresses,63,,,,192.00,268.00,20.00,0.00,0.00,0.00,239.00,NOS,NOS,NOS,1,0.000,335.00,,,1.000,,,,20,,1862,1,,
302,P-0302,Fancy dresses,63,,,,192.00,268.00,20.00,0.00,0.00,0.00,239.00,NOS,NOS,NOS,1,0.000,335.00,,,5.000,,,,,,1863,1,,
302,P-0302,Fancy dresses,63,,,,192.00,268.00,20.00,0.00,0.00,0.00,239.00,NOS,NOS,NOS,1,0.000,335.00,,,1.000,,,,28,,1864,1,,
302,P-0302,Fancy dresses,63,,,,192.00,268.00,20.00,0.00,0.00,0.00,239.00,NOS,NOS,NOS,1,0.000,335.00,,,2.000,,,,,,1865,1,,
302,P-0302,Fancy dresses,63,,,,192.00,268.00,20.00,0.00,0.00,0.00,239.00,NOS,NOS,NOS,1,0.000,335.00,,,3.000,,,,,,1866,1,,
302,P-0302,Fancy dresses,63,,,,192.00,268.00,20.00,0.00,0.00,0.00,239.00,NOS,NOS,NOS,1,0.000,335.00,,,3.000,,,,,,1867,1,,
302,P-0302,Fancy dresses,63,,,,192.00,268.00,20.00,0.00,0.00,0.00,239.00,NOS,NOS,NOS,1,0.000,335.00,,,4.000,,,,,,1868,1,,
302,P-0302,Fancy dresses,63,,,,192.00,268.00,20.00,0.00,0.00,0.00,239.00,NOS,NOS,NOS,1,0.000,335.00,,,2.000,,,,,,1869,1,,
302,P-0302,Fancy dresses,63,,,,192.00,268.00,20.00,0.00,0.00,0.00,239.00,NOS,NOS,NOS,1,0.000,335.00,,,1.000,,,,,,1870,1,,
302,P-0302,Fancy dresses,63,,,,192.00,268.00,20.00,0.00,0.00,0.00,239.00,NOS,NOS,NOS,1,0.000,335.00,,,3.000,,,,,,1871,1,,
302,P-0302,Fancy dresses,63,,,,192.00,268.00,20.00,0.00,0.00,0.00,239.00,NOS,NOS,NOS,1,0.000,335.00,,,3.000,,,,,,1872,1,,
302,P-0302,Fancy dresses,63,,,,192.00,268.00,20.00,0.00,0.00,0.00,239.00,NOS,NOS,NOS,1,0.000,335.00,,,2.000,,,,,,1873,1,,
302,P-0302,Fancy dresses,63,,,,192.00,268.00,20.00,0.00,0.00,0.00,239.00,NOS,NOS,NOS,1,0.000,335.00,,,1.000,,,,20,,1874,1,,
302,P-0302,Fancy dresses,63,,,,192.00,268.00,20.00,0.00,0.00,0.00,239.00,NOS,NOS,NOS,1,0.000,335.00,,,1.000,,,,,,1875,1,,
302,P-0302,Fancy dresses,63,,,,192.00,268.00,20.00,0.00,0.00,0.00,239.00,NOS,NOS,NOS,1,0.000,335.00,,,3.000,,,,,,1876,1,,
302,P-0302,Fancy dresses,63,,,,192.00,268.00,20.00,0.00,0.00,0.00,239.00,NOS,NOS,NOS,1,0.000,335.00,,,1.000,,,,,,1877,1,,
302,P-0302,Fancy dresses,63,,,,192.00,268.00,20.00,0.00,0.00,0.00,239.00,NOS,NOS,NOS,1,0.000,335.00,,,3.000,,,,,,1878,1,,
302,P-0302,Fancy dresses,63,,,,192.00,268.00,20.00,0.00,0.00,0.00,239.00,NOS,NOS,NOS,1,0.000,335.00,,,1.000,,,,,,1879,1,,
302,P-0302,Fancy dresses,63,,,,192.00,268.00,20.00,0.00,0.00,0.00,239.00,NOS,NOS,NOS,1,0.000,335.00,,,2.000,,,,,,1880,1,,
302,P-0302,Fancy dresses,63,,,,192.00,268.00,20.00,0.00,0.00,0.00,239.00,NOS,NOS,NOS,1,0.000,335.00,,,1.000,,,,,,1881,1,,
302,P-0302,Fancy dresses,63,,,,192.00,268.00,20.00,0.00,0.00,0.00,239.00,NOS,NOS,NOS,1,0.000,335.00,,,1.000,,,,,,1882,1,,
302,P-0302,Fancy dresses,63,,,,192.00,268.00,20.00,0.00,0.00,0.00,239.00,NOS,NOS,NOS,1,0.000,335.00,,,1.000,,,,,,1883,1,,
317,P-0317,fancy tshirt,26,,,,130.00,180.00,20.00,0.00,0.00,0.00,149.00,NOS,NOS,NOS,1,0.000,225.00,,,8.000,,,,,,1979,1,,
317,P-0317,fancy tshirt,26,,,,130.00,180.00,20.00,0.00,0.00,0.00,149.00,NOS,NOS,NOS,1,0.000,225.00,,,8.000,,,,,,1980,1,,
317,P-0317,fancy tshirt,26,,,,130.00,180.00,20.00,0.00,0.00,0.00,149.00,NOS,NOS,NOS,1,0.000,225.00,,,4.000,,,,,,1981,1,,
317,P-0317,fancy tshirt,26,,,,130.00,180.00,20.00,0.00,0.00,0.00,149.00,NOS,NOS,NOS,1,0.000,225.00,,,5.000,,,,,,1982,1,,
317,P-0317,fancy tshirt,26,,,,130.00,180.00,20.00,0.00,0.00,0.00,149.00,NOS,NOS,NOS,1,0.000,225.00,,,6.000,,,,,,1983,1,,
317,P-0317,fancy tshirt,26,,,,130.00,180.00,20.00,0.00,0.00,0.00,149.00,NOS,NOS,NOS,1,0.000,225.00,,,11.000,,,,,,1984,1,,
1602,P-1602,Fanny Boy 1210,19,,,,210.00,400.00,20.00,0.00,0.00,0.00,299.00,NOS,NOS,NOS,1,0.000,630.00,,,0.000,,,,,,4156,1,,
232,P-0232,Fashionable kurtis,55,gbb,,,140.00,200.00,20.00,0.00,0.00,0.00,159.00,NOS,NOS,NOS,1,0.000,250.00,,,1.000,,,,Free,,1640,1,,
232,P-0232,Fashionable kurtis,55,gbb,,,140.00,200.00,20.00,0.00,0.00,0.00,159.00,NOS,NOS,NOS,1,0.000,250.00,,,5.000,,,,Free,,1641,1,,
232,P-0232,Fashionable kurtis,55,gbb,,,140.00,200.00,20.00,0.00,0.00,0.00,159.00,NOS,NOS,NOS,1,0.000,250.00,,,3.000,,,,Free,,1642,1,,
232,P-0232,Fashionable kurtis,55,gbb,,,140.00,200.00,20.00,0.00,0.00,0.00,159.00,NOS,NOS,NOS,1,0.000,250.00,,,7.000,,,,Free,,1643,1,,
232,P-0232,Fashionable kurtis,55,gbb,,,140.00,200.00,20.00,0.00,0.00,0.00,159.00,NOS,NOS,NOS,1,0.000,250.00,,,5.000,,,,Free,,1644,1,,
232,P-0232,Fashionable kurtis,55,gbb,,,140.00,200.00,20.00,0.00,0.00,0.00,159.00,NOS,NOS,NOS,1,0.000,250.00,,,8.000,,,,Free,,1645,1,,
232,P-0232,Fashionable kurtis,55,gbb,,,140.00,200.00,20.00,0.00,0.00,0.00,159.00,NOS,NOS,NOS,1,0.000,250.00,,,8.000,,,,Free,,1646,1,,
232,P-0232,Fashionable kurtis,55,gbb,,,140.00,200.00,20.00,0.00,0.00,0.00,159.00,NOS,NOS,NOS,1,0.000,250.00,,,1.000,,,,Free,,1647,1,,
233,P-0233,Fashionable kurtis  OP stock,55,gbb,,,299.00,400.00,20.00,0.00,0.00,0.00,299.00,NOS,NOS,NOS,1,0.000,500.00,,,14.000,,,,Free,,1648,1,,
233,P-0233,Fashionable kurtis  OP stock,55,gbb,,,299.00,400.00,20.00,0.00,0.00,0.00,299.00,NOS,NOS,NOS,1,0.000,500.00,,,1.000,,,,Free,,1649,1,,
233,P-0233,Fashionable kurtis  OP stock,55,gbb,,,299.00,400.00,20.00,0.00,0.00,0.00,299.00,NOS,NOS,NOS,1,0.000,500.00,,,2.000,,,,Free,,1650,1,,
233,P-0233,Fashionable kurtis  OP stock,55,gbb,,,299.00,400.00,20.00,0.00,0.00,0.00,299.00,NOS,NOS,NOS,1,0.000,500.00,,,17.000,,,,Free,,1651,1,,
2382,P-2382,Fast track 1150,7,,,,150.00,275.00,20.00,0.00,0.00,0.00,159.00,NOS,NOS,NOS,1,0.000,450.00,,,0.000,,,,,,4969,1,,
1160,P-1160,Fast Track 1175,7,,,,175.00,300.00,20.00,0.00,0.00,0.00,199.00,NOS,NOS,NOS,1,0.000,525.00,,,0.000,,,,,,3610,1,,
2359,P-2359,Fast track 1185,7,,,,185.00,325.00,20.00,0.00,0.00,0.00,198.00,NOS,NOS,NOS,1,0.000,555.00,,,0.000,,,,,,4946,1,,
1158,P-1158,Fast Track 1190,7,,,,190.00,260.00,20.00,0.00,0.00,0.00,199.00,NOS,NOS,NOS,1,0.000,325.00,,,0.000,,,,,,3608,1,,
1159,P-1159,Fast Track 1195,7,,,,195.00,350.00,20.00,0.00,0.00,0.00,199.00,NOS,NOS,NOS,1,0.000,585.00,,,0.000,,,,,,3609,1,,
2363,P-2363,Fast track 1215,7,,,,215.00,375.00,20.00,0.00,0.00,0.00,299.00,NOS,NOS,NOS,1,0.000,645.00,,,0.000,,,,,,4950,1,,
3233,P-3233,Fast track 1230,7,,,,230.00,400.00,20.00,0.00,0.00,0.00,299.00,NOS,NOS,NOS,1,0.000,690.00,,,0.000,,,,,,5998,1,,
2376,P-2376,Fast track 1240,7,,,,240.00,425.00,20.00,0.00,0.00,0.00,299.00,NOS,NOS,NOS,1,0.000,720.00,,,0.000,,,,,,4963,1,,
2375,P-2375,Fast track 1250,7,,,,250.00,425.00,20.00,0.00,0.00,0.00,299.00,NOS,NOS,NOS,1,0.000,750.00,,,0.000,,,,,,4962,1,,
580,P-0580,Fast track 1255,83,,,,255.00,475.00,20.00,0.00,0.00,0.00,350.00,NOS,NOS,NOS,1,0.000,780.00,,,0.000,,,,,,2649,1,,
3234,P-3234,Fast track 1265,7,,,,265.00,450.00,20.00,0.00,0.00,0.00,299.00,NOS,NOS,NOS,1,0.000,795.00,,,0.000,,,,,,5899,1,,
3544,P-3544,FAST TRACK 1275,7,,,,275.00,475.00,20.00,0.00,0.00,0.00,299.00,NOS,NOS,OTH,1,0.000,825.00,,,0.000,,,,,,6228,1,,
1165,P-1165,Fast Track 1280,7,,,,280.00,488.00,20.00,0.00,0.00,0.00,299.00,NOS,NOS,NOS,1,0.000,840.00,,,0.000,,,,,,3615,1,,
3232,P-3232,Fast track 1305,7,,,,305.00,525.00,20.00,0.00,0.00,0.00,399.00,NOS,NOS,NOS,1,0.000,915.00,,,0.000,,,,,,5898,1,,
2379,P-2379,Fast track 1308,7,,,,308.00,525.00,20.00,0.00,0.00,0.00,399.00,NOS,NOS,NOS,1,0.000,924.00,,,0.000,,,,,,4966,1,,
544,P-0544,Fast track 1325,83,,,,325.00,550.00,20.00,0.00,0.00,0.00,350.00,NOS,NOS,NOS,1,0.000,975.00,,,0.000,,,,,,2613,1,,
582,P-0582,Fast track 1330,83,,,,330.00,460.00,20.00,0.00,0.00,0.00,350.00,NOS,NOS,NOS,1,0.000,575.00,,,0.000,,,,,,2651,1,,
1773,P-1773,Fast track 1360,7,,,,360.00,650.00,20.00,0.00,0.00,0.00,399.00,NOS,NOS,NOS,1,0.000,1080.00,,,0.000,,,,,,4329,1,,
1803,P-1803,Fast track 1380,7,,,,380.00,675.00,20.00,0.00,0.00,0.00,399.00,NOS,NOS,NOS,1,0.000,1140.00,,,0.000,,,,,,4360,1,,
545,P-0545,Fast track 1405,83,,,,405.00,550.00,20.00,0.00,0.00,0.00,450.00,NOS,NOS,NOS,1,0.000,688.00,,,0.000,,,,,,2614,1,,
1806,P-1806,Fast track 1410,7,,,,410.00,725.00,20.00,0.00,0.00,0.00,499.00,NOS,NOS,NOS,1,0.000,1230.00,,,0.000,,,,,,4363,1,,
581,P-0581,Fast track 1425,83,,,,425.00,750.00,20.00,0.00,0.00,0.00,350.00,NOS,NOS,NOS,1,0.000,1275.00,,,0.000,,,,,,2650,1,,
1984,P-1984,Fast Track 1445,16,,,,445.00,750.00,20.00,0.00,0.00,0.00,499.00,NOS,NOS,NOS,1,0.000,1335.00,,,0.000,,,,,,4550,1,,
1985,P-1985,Fast Track 1455,16,,,,455.00,775.00,20.00,0.00,0.00,0.00,499.00,NOS,NOS,NOS,1,0.000,1365.00,,,0.000,,,,,,4551,1,,
1932,P-1932,Fast Track 1475,7,,,,475.00,825.00,20.00,0.00,0.00,0.00,499.00,NOS,NOS,NOS,1,0.000,1425.00,,,0.000,,,,,,4496,1,,
1805,P-1805,Fast track 1485,7,,,,485.00,875.00,20.00,0.00,0.00,0.00,499.00,NOS,NOS,NOS,1,0.000,1455.00,,,0.000,,,,,,4362,1,,
610,P-0610,Fast Track 1490,83,,,,490.00,672.00,0.00,0.00,0.00,0.00,499.00,NOS,NOS,NOS,1,0.000,840.00,,,0.000,,,,,,2679,1,,
39,P-0039,fast track 4xl 1141,7,,,,141.00,240.00,20.00,0.00,0.00,0.00,150.00,NOS,NOS,NOS,1,0.000,300.00,MEN'S COUNTER,courner,3.000,,,,,,1076,1,,
1495,P-1495,FAST TRACK T SHIRT 1180,7,,,,180.00,325.00,20.00,0.00,0.00,0.00,200.00,NOS,NOS,NOS,1,0.000,540.00,,,0.000,,,,,,4054,1,,
1489,P-1489,FAST TRACK T SHIRT 1235,7,,,,235.00,425.00,20.00,0.00,0.00,0.00,240.00,NOS,NOS,NOS,1,0.000,705.00,,,0.000,,,,,,4048,1,,
1485,P-1485,FAST TRACK T SHIRT 1240,7,,,,240.00,450.00,20.00,0.00,0.00,0.00,246.00,NOS,NOS,NOS,1,0.000,720.00,,,0.000,,,,,,4044,1,,
1490,P-1490,FAST TRACK T SHIRT 1295,7,,,,295.00,525.00,20.00,0.00,0.00,0.00,300.00,NOS,NOS,NOS,1,0.000,885.00,,,0.000,,,,,,4049,1,,
1497,P-1497,FAST TRACK T-SHIRT 1280,7,,,,280.00,500.00,20.00,0.00,0.00,0.00,299.00,NOS,NOS,NOS,1,0.000,840.00,,,0.000,,,,,,4056,1,,
1157,P-1157,Fast Track1210,7,,,,210.00,375.00,20.00,0.00,0.00,0.00,291.00,NOS,NOS,NOS,1,0.000,630.00,,,0.000,,,,,,3607,1,,
36,P-0036,Fastrack 6300 1240,7,,,,240.00,320.00,20.00,0.00,0.00,0.00,250.00,NOS,NOS,NOS,1,1.000,400.00,Godwon,1,11.000,,,,L,,1072,1,,
36,P-0036,Fastrack 6300 1240,7,,,,240.00,320.00,20.00,0.00,0.00,0.00,250.00,NOS,NOS,NOS,1,1.000,400.00,Godwon,1,12.000,,,,XXL,,1073,1,,
37,P-0037,fasttrack denim lower 1345,4,,,,345.00,490.00,0.00,0.00,0.00,0.00,400.00,NOS,NOS,NOS,1,1.000,588.00,MEN'S COUNTER,CC2-1,6.000,,,,,,1074,1,,
29,P-0029,fasttrack seltos 1280,7,,,,280.00,380.00,0.00,0.00,0.00,0.00,300.00,NOS,NOS,NOS,1,1.000,475.00,MEN'S COUNTER,CC2,12.000,,,,,,1065,1,,
30,P-0030,fasttrack space 1230,7,,,,230.00,340.00,20.00,0.00,0.00,0.00,250.00,NOS,NOS,NOS,1,1.000,425.00,MEN'S COUNTER,CC2,12.000,,,,,,1066,1,,
3372,P-3372,FB 1085,20,,,,85.00,163.00,20.00,0.00,0.00,0.00,99.00,NOS,NOS,NOS,1,0.000,255.00,,,0.000,,,,,,6052,1,,
2219,P-2219,FB 1090,33,,,,90.00,188.00,20.00,0.00,0.00,0.00,99.00,NOS,NOS,NOS,1,0.000,270.00,,,0.000,,,,,,4804,1,,
2214,P-2214,FB 1100,33,,,,100.00,188.00,20.00,0.00,0.00,0.00,199.00,NOS,NOS,NOS,1,0.000,300.00,,,0.000,,,,,,4799,1,,
2234,P-2234,FB 1140,7,,,,140.00,250.00,20.00,0.00,0.00,0.00,179.00,NOS,NOS,NOS,1,0.000,420.00,,,0.000,,,,,,4819,1,,
2240,P-2240,FB 1265,7,,,,265.00,450.00,20.00,0.00,0.00,0.00,299.00,NOS,NOS,NOS,1,0.000,795.00,,,0.000,,,,,,4825,1,,
3390,P-3390,FB 1270,20,,,,270.00,475.00,20.00,0.00,0.00,0.00,299.00,NOS,NOS,NOS,1,0.000,810.00,,,0.000,,,,,,6070,1,,
1370,P-1370,Feeding Bottle 1290,120,,,,290.00,400.00,20.00,0.00,0.00,0.00,299.00,NOS,NOS,NOS,1,0.000,500.00,,,0.000,,,,,,3821,1,,
1365,P-1365,Feeding Bottle 1305,127,,,,305.00,420.00,20.00,0.00,0.00,0.00,399.00,NOS,NOS,NOS,1,0.000,525.00,,,0.000,,,,,,3816,1,,
2,P-0170,Female  jegging opening stock,29,,,,165.00,180.00,0.00,0.00,0.00,0.00,200.00,NOS,NOS,NOS,1,1.000,225.00,,,6.000,,,,,,1348,1,,
170,P-0170,Female  jegging opening stock,29,gbb,,,375.00,650.00,20.00,0.00,0.00,0.00,399.00,NOS,NOS,NOS,1,0.000,1125.00,,,4.000,,,,,,1341,1,,
170,P-0170,Female  jegging opening stock,29,gbb,,,375.00,650.00,20.00,0.00,0.00,0.00,399.00,NOS,NOS,NOS,1,0.000,1125.00,,,4.000,,,,,,1342,1,,
170,P-0170,Female  jegging opening stock,29,gbb,,,375.00,650.00,20.00,0.00,0.00,0.00,399.00,NOS,NOS,NOS,1,0.000,1125.00,,,3.000,,,,,,1343,1,,
170,P-0170,Female  jegging opening stock,29,gbb,,,375.00,650.00,20.00,0.00,0.00,0.00,399.00,NOS,NOS,NOS,1,0.000,1125.00,,,6.000,,,,,,1344,1,,
170,P-0170,Female  jegging opening stock,29,gbb,,,375.00,650.00,20.00,0.00,0.00,0.00,399.00,NOS,NOS,NOS,1,0.000,1125.00,,,3.000,,,,,,1345,1,,
170,P-0170,Female  jegging opening stock,29,gbb,,,375.00,650.00,20.00,0.00,0.00,0.00,399.00,NOS,NOS,NOS,1,0.000,1125.00,,,2.000,,,,,,1346,1,,
170,P-0170,Female  jegging opening stock,29,gbb,,,375.00,650.00,20.00,0.00,0.00,0.00,399.00,NOS,NOS,NOS,1,0.000,1125.00,,,11.000,,,,,,1347,1,,
172,P-0172,Female capry opening stock,38,gbb,,,240.00,340.00,20.00,0.00,0.00,0.00,249.00,NOS,NOS,NOS,1,0.000,425.00,,,5.000,,,,,,1351,1,,
172,P-0172,Female capry opening stock,38,gbb,,,240.00,340.00,20.00,0.00,0.00,0.00,249.00,NOS,NOS,NOS,1,0.000,425.00,,,5.000,,,,,,1352,1,,
172,P-0172,Female capry opening stock,38,gbb,,,240.00,340.00,20.00,0.00,0.00,0.00,249.00,NOS,NOS,NOS,1,0.000,425.00,,,1.000,,,,,,1353,1,,
171,P-0171,female divider  opening stock,37,gbb,,,130.00,220.00,20.00,0.00,0.00,0.00,149.00,NOS,NOS,NOS,1,0.000,275.00,,,9.000,,,,,,1349,1,,
171,P-0171,female divider  opening stock,37,gbb,,,130.00,220.00,20.00,0.00,0.00,0.00,149.00,NOS,NOS,NOS,1,0.000,275.00,,,10.000,,,,,,1350,1,,
164,P-0164,Female jeans jeans OP stock,22,,,,260.00,750.00,20.00,0.00,0.00,0.00,400.00,NOS,NOS,NOS,1,0.000,1410.00,,,0.000,,,,,,1308,1,,
168,P-0168,Female jeans opening stock,22,gbb,,,480.00,825.00,20.00,0.00,0.00,0.00,499.00,NOS,NOS,NOS,1,0.000,1440.00,,,10.000,,,,,,1320,1,,
168,P-0168,Female jeans opening stock,22,gbb,,,480.00,825.00,20.00,0.00,0.00,0.00,499.00,NOS,NOS,NOS,1,0.000,1440.00,,,3.000,,,,,,1321,1,,
168,P-0168,Female jeans opening stock,22,gbb,,,480.00,825.00,20.00,0.00,0.00,0.00,499.00,NOS,NOS,NOS,1,0.000,1440.00,,,4.000,,,,,,1322,1,,
168,P-0168,Female jeans opening stock,22,gbb,,,480.00,825.00,20.00,0.00,0.00,0.00,499.00,NOS,NOS,NOS,1,0.000,1440.00,,,7.000,,,,,,1323,1,,
168,P-0168,Female jeans opening stock,22,gbb,,,480.00,825.00,20.00,0.00,0.00,0.00,499.00,NOS,NOS,NOS,1,0.000,1440.00,,,17.000,,,,,,1324,1,,
168,P-0168,Female jeans opening stock,22,gbb,,,480.00,825.00,20.00,0.00,0.00,0.00,499.00,NOS,NOS,NOS,1,0.000,1440.00,,,15.000,,,,,,1325,1,,
168,P-0168,Female jeans opening stock,22,gbb,,,480.00,825.00,20.00,0.00,0.00,0.00,499.00,NOS,NOS,NOS,1,0.000,1440.00,,,4.000,,,,,,1326,1,,
168,P-0168,Female jeans opening stock,22,gbb,,,480.00,825.00,20.00,0.00,0.00,0.00,499.00,NOS,NOS,NOS,1,0.000,1440.00,,,13.000,,,,,,1327,1,,
226,P-0226,FG Fashion girl,52,gbb,,,125.00,172.00,20.00,0.00,0.00,0.00,139.00,NOS,NOS,NOS,1,0.000,215.00,,,4.000,,,,,,1632,1,,
1903,P-1903,Fiji 1320,87,,,,320.00,550.00,20.00,0.00,0.00,0.00,399.00,NOS,NOS,NOS,1,0.000,960.00,,,0.000,,,,,,4462,1,,
2165,P-2165,First baby 1266,60,,,,266.00,450.00,20.00,0.00,0.00,0.00,299.00,NOS,NOS,NOS,1,0.000,798.00,,,0.000,,,,,,4750,1,,
3118,P-3118,First baby 1276,20,,,,276.00,475.00,20.00,0.00,0.00,0.00,299.00,NOS,NOS,NOS,1,0.000,828.00,,,0.000,,,,,,5721,1,,
3325,P-3325,First baby 1277,60,,,,277.00,475.00,20.00,0.00,0.00,0.00,299.00,NOS,NOS,NOS,1,0.000,831.00,,,0.000,,,,,,6004,1,,
3102,P-3102,First Baby 1282,20,,,,282.00,488.00,20.00,0.00,0.00,0.00,299.00,NOS,NOS,NOS,1,0.000,846.00,,,0.000,,,,,,5737,1,,
2525,P-2525,First baby 1290,60,,,,290.00,500.00,20.00,0.00,0.00,0.00,299.00,NOS,NOS,NOS,1,0.000,870.00,,,0.000,,,,,,5111,1,,
2523,P-2523,First baby 1294,60,,,,294.00,500.00,20.00,0.00,0.00,0.00,299.00,NOS,NOS,NOS,1,0.000,882.00,,,0.000,,,,,,5109,1,,
2528,P-2528,First baby 1301,60,,,,301.00,525.00,20.00,0.00,0.00,0.00,399.00,NOS,NOS,NOS,1,0.000,903.00,,,0.000,,,,,,5114,1,,
2529,P-2529,First baby 1313,60,,,,313.00,550.00,20.00,0.00,0.00,0.00,399.00,NOS,NOS,NOS,1,0.000,939.00,,,0.000,,,,,,5115,1,,
3336,P-3336,first baby 1332,60,,,,332.00,575.00,20.00,0.00,0.00,0.00,369.00,NOS,NOS,NOS,1,0.000,996.00,,,0.000,,,,,,6016,1,,
3335,P-3335,first baby 1336,60,,,,336.00,575.00,20.00,0.00,0.00,0.00,399.00,NOS,NOS,NOS,1,0.000,1025.00,,,0.000,,,,,,6015,1,,
2524,P-2524,First baby 1342,60,,,,342.00,588.00,20.00,0.00,0.00,0.00,399.00,NOS,NOS,NOS,1,0.000,1026.00,,,0.000,,,,,,5110,1,,
3338,P-3338,First baby 1343,33,,,,343.00,588.00,20.00,0.00,0.00,0.00,399.00,NOS,NOS,NOS,1,0.000,1029.00,,,0.000,,,,,,6017,1,,
2526,P-2526,First baby 1348,60,,,,348.00,600.00,20.00,0.00,0.00,0.00,399.00,NOS,NOS,NOS,1,0.000,1044.00,,,0.000,,,,,,5112,1,,
2209,P-2209,First baby 1353,60,,,,353.00,600.00,20.00,0.00,0.00,0.00,399.00,NOS,NOS,NOS,1,0.000,1059.00,,,0.000,,,,,,4794,1,,
3113,P-3113,First baby 1357,20,,,,357.00,625.00,20.00,0.00,0.00,0.00,399.00,NOS,NOS,NOS,1,0.000,1071.00,,,0.000,,,,,,5726,1,,
2210,P-2210,First baby 1360,60,,,,360.00,625.00,20.00,0.00,0.00,0.00,399.00,NOS,NOS,NOS,1,0.000,1080.00,,,0.000,,,,,,4795,1,,
926,P-0926,First BABY 1372,56,,,,372.00,520.00,0.00,0.00,0.00,0.00,450.00,NOS,NOS,NOS,1,0.000,650.00,,,0.000,,,,,,3375,1,,
3107,P-3107,First Baby 1382,20,,,,382.00,650.00,20.00,0.00,0.00,0.00,399.00,NOS,NOS,NOS,1,0.000,1146.00,,,0.000,,,,,,5732,1,,
3116,P-3116,First baby 1385,20,,,,385.00,675.00,20.00,0.00,0.00,0.00,399.00,NOS,NOS,NOS,1,0.000,1155.00,,,0.000,,,,,,5723,1,,
3117,P-3117,First baby 1386,20,,,,386.00,675.00,20.00,0.00,0.00,0.00,399.00,NOS,NOS,NOS,1,0.000,1158.00,,,0.000,,,,,,5722,1,,
3114,P-3114,First baby 1389,20,,,,389.00,675.00,20.00,0.00,0.00,0.00,399.00,NOS,NOS,NOS,1,0.000,1167.00,,,0.000,,,,,,5725,1,,
3337,P-3337,first baby 1391,60,,,,391.00,675.00,20.00,0.00,0.00,0.00,399.00,NOS,NOS,NOS,1,0.000,1173.00,,,0.000,,,,,,6014,1,,
939,P-0939,First baby 1407,60,,,,407.00,700.00,20.00,0.00,0.00,0.00,450.00,NOS,NOS,NOS,1,0.000,1221.00,,,0.000,,,,,,3389,1,,
931,P-0931,First BABY 1413,56,,,,413.00,725.00,20.00,0.00,0.00,0.00,550.00,NOS,NOS,NOS,1,0.000,1239.00,,,0.000,,,,,,3380,1,,
3115,P-3115,First baby 1415,20,,,,415.00,725.00,20.00,0.00,0.00,0.00,499.00,NOS,NOS,NOS,1,0.000,1245.00,,,0.000,,,,,,5724,1,,
923,P-0923,First Baby 1425,56,,,,425.00,800.00,20.00,0.00,0.00,0.00,600.00,NOS,NOS,NOS,1,0.000,1416.00,,,0.000,,,,,,3372,1,,
981,P-0981,First baby 1443,60,,,,443.00,610.00,20.00,0.00,0.00,0.00,499.00,NOS,NOS,NOS,1,0.000,763.00,,,0.000,,,,,,3431,1,,
929,P-0929,First BABY 1454,56,,,,454.00,640.00,20.00,0.00,0.00,0.00,550.00,NOS,NOS,NOS,1,0.000,800.00,,,0.000,,,,,,3378,1,,
930,P-0930,First BABY 1478,56,,,,478.00,660.00,20.00,0.00,0.00,0.00,550.00,NOS,NOS,NOS,1,0.000,825.00,,,0.000,,,,,,3379,1,,
2211,P-2211,First baby 1490,60,,,,490.00,850.00,20.00,0.00,0.00,0.00,499.00,NOS,NOS,NOS,1,0.000,1470.00,,,0.000,,,,,,4796,1,,
921,P-0921,First Baby 1502,56,,,,502.00,700.00,20.00,0.00,0.00,0.00,600.00,NOS,NOS,NOS,1,0.000,875.00,,,0.000,,,,,,3370,1,,
3155,P-3155,First baby 1518,60,,,,518.00,900.00,20.00,0.00,0.00,0.00,599.00,NOS,NOS,NOS,1,0.000,1554.00,,,0.000,,,,,,5816,1,,
2536,P-2536,First baby 1519,60,,,,519.00,900.00,20.00,0.00,0.00,0.00,599.00,NOS,NOS,NOS,1,0.000,1557.00,,,0.000,,,,,,5123,1,,
999,P-0999,First baby 1531,60,,,,531.00,740.00,20.00,0.00,0.00,0.00,599.00,NOS,NOS,NOS,1,0.000,925.00,,,0.000,,,,,,3449,1,,
2789,P-2789,First baby 1543,56,,,,543.00,925.00,20.00,0.00,0.00,0.00,599.00,NOS,NOS,NOS,1,0.000,1629.00,,,0.000,,,,,,5409,1,,
1745,P-1745,First baby 1572,56,,,,572.00,1025.00,20.00,0.00,0.00,0.00,599.00,NOS,NOS,NOS,1,0.000,1716.00,,,0.000,,,,,,4301,1,,
920,P-0920,First Baby 1578,56,,,,578.00,800.00,0.00,0.00,0.00,0.00,600.00,NOS,NOS,NOS,1,0.000,1000.00,,,0.000,,,,,,3369,1,,
925,P-0925,First BABY 1620,56,,,,620.00,860.00,20.00,0.00,0.00,0.00,800.00,NOS,NOS,NOS,1,0.000,1075.00,,,0.000,,,,,,3374,1,,
1746,P-1746,First baby 1625,56,,,,625.00,1100.00,20.00,0.00,0.00,0.00,699.00,NOS,NOS,NOS,1,0.000,1875.00,,,0.000,,,,,,4302,1,,
932,P-0932,First BABY 1643,56,,,,643.00,880.00,20.00,0.00,0.00,0.00,750.00,NOS,NOS,NOS,1,0.000,1100.00,,,0.000,,,,,,3381,1,,
2786,P-2786,First baby 1645,63,,,,645.00,1100.00,20.00,0.00,0.00,0.00,699.00,NOS,NOS,NOS,1,0.000,1935.00,,,0.000,,,,,,5406,1,,
928,P-0928,First BABY 1648,56,,,,648.00,880.00,0.00,0.00,0.00,0.00,750.00,NOS,NOS,NOS,1,0.000,1100.00,,,0.000,,,,,,3377,1,,
2778,P-2778,First baby 1663,63,,,,663.00,1150.00,20.00,0.00,0.00,0.00,699.00,NOS,NOS,NOS,1,0.000,1989.00,,,0.000,,,,,,5398,1,,
2779,P-2779,First baby 1667,63,,,,667.00,1150.00,20.00,0.00,0.00,0.00,699.00,NOS,NOS,NOS,1,0.000,2001.00,,,0.000,,,,,,5399,1,,
1536,P-1536,First baby 1679,56,,,,679.00,1200.00,20.00,0.00,0.00,0.00,699.00,NOS,NOS,NOS,1,0.000,2037.00,,,0.000,,,,,,4090,1,,
940,P-0940,First baby 1684,60,,,,684.00,960.00,20.00,0.00,0.00,0.00,700.00,NOS,NOS,NOS,1,0.000,1199.00,,,0.000,,,,,,3390,1,,
2784,P-2784,first baby 1687,56,,,,687.00,1188.00,20.00,0.00,0.00,0.00,699.00,NOS,NOS,NOS,1,0.000,2061.00,,,0.000,,,,,,5404,1,,
1537,P-1537,First baby 1690,56,,,,690.00,1225.00,20.00,0.00,0.00,0.00,699.00,NOS,NOS,NOS,1,0.000,2070.00,,,0.000,,,,,,4091,1,,
2787,P-2787,First baby 1704,63,,,,704.00,1200.00,20.00,0.00,0.00,0.00,799.00,NOS,NOS,NOS,1,0.000,2112.00,,,0.000,,,,,,5407,1,,
927,P-0927,First BABY 1708,56,,,,708.00,1200.00,20.00,0.00,0.00,0.00,750.00,NOS,NOS,NOS,1,0.000,2124.00,,,0.000,,,,,,3376,1,,
3580,P-3580,First Baby 1719,60,,,,719.00,1150.00,20.00,0.00,0.00,0.00,799.00,NOS,NOS,NOS,1,0.000,2001.00,,,0.000,,,,,,6264,1,,
3289,P-3289,first baby 1725,33,,,,725.00,1250.00,20.00,0.00,0.00,0.00,799.00,NOS,NOS,NOS,1,0.000,2175.00,,,0.000,,,,,,5956,1,,
2785,P-2785,First baby 1746,63,,,,746.00,1288.00,20.00,0.00,0.00,0.00,799.00,NOS,NOS,NOS,1,0.000,2238.00,,,0.000,,,,,,5405,1,,
1560,P-1560,First baby 1761,56,,,,761.00,1350.00,20.00,0.00,0.00,0.00,799.00,NOS,NOS,NOS,1,0.000,2283.00,,,0.000,,,,,,4114,1,,
2134,P-2134,first baby 1773,60,,,,773.00,1325.00,20.00,0.00,0.00,0.00,799.00,NOS,NOS,NOS,1,0.000,2319.00,,,0.000,,,,,,4719,1,,
3110,P-3110,First baby 1791,20,,,,791.00,1350.00,20.00,0.00,0.00,0.00,799.00,NOS,NOS,NOS,1,0.000,2373.00,,,0.000,,,,,,5729,1,,
1747,P-1747,First baby 1797,56,,,,797.00,1400.00,20.00,0.00,0.00,0.00,799.00,NOS,NOS,NOS,1,0.000,2391.00,,,0.000,,,,,,4303,1,,
2135,P-2135,first baby 1814,60,,,,814.00,1388.00,20.00,0.00,0.00,0.00,899.00,NOS,NOS,NOS,1,0.000,2442.00,,,0.000,,,,,,4720,1,,
1538,P-1538,First baby 1850,56,,,,850.00,1500.00,20.00,0.00,0.00,0.00,899.00,NOS,NOS,NOS,1,0.000,2550.00,,,0.000,,,,,,4092,1,,
3112,P-3112,First baby 1863,20,,,,863.00,1475.00,20.00,0.00,0.00,0.00,999.00,NOS,NOS,NOS,1,0.000,2589.00,,,0.000,,,,,,5727,1,,
3109,P-3109,First baby 1886,20,,,,886.00,1500.00,20.00,0.00,0.00,0.00,899.00,NOS,NOS,NOS,1,0.000,2658.00,,,0.000,,,,,,5730,1,,
3111,P-3111,First baby 1956,20,,,,956.00,1625.00,20.00,0.00,0.00,0.00,999.00,NOS,NOS,NOS,1,0.000,2868.00,,,0.000,,,,,,5728,1,,
3287,P-3287,First day 1357,33,,,,357.00,625.00,20.00,0.00,0.00,0.00,399.00,NOS,NOS,NOS,1,0.000,1071.00,,,0.000,,,,,,5954,1,,
3286,P-3286,First day 1380,33,,,,380.00,650.00,20.00,0.00,0.00,0.00,499.00,NOS,NOS,NOS,1,0.000,1140.00,,,0.000,,,,,,5953,1,,
2197,P-2197,First day 1389,60,,,,389.00,675.00,20.00,0.00,0.00,0.00,399.00,NOS,NOS,NOS,1,0.000,1167.00,,,0.000,,,,,,4782,1,,
987,P-0987,First day 1400,60,,,,400.00,688.00,0.00,0.00,0.00,0.00,499.00,NOS,NOS,NOS,1,0.000,1200.00,,,0.000,,,,,,3437,1,,
3284,P-3284,First day 1403,33,,,,403.00,688.00,20.00,0.00,0.00,0.00,499.00,NOS,NOS,NOS,1,0.000,1209.00,,,0.000,,,,,,5951,1,,
904,P-0904,first day 1413,20,,,,413.00,570.00,0.00,0.00,0.00,0.00,450.00,NOS,NOS,NOS,1,0.000,715.00,,,0.000,,,,,,3353,1,,
2132,P-2132,First day 1425,33,,,,425.00,725.00,20.00,0.00,0.00,0.00,499.00,NOS,NOS,NOS,1,0.000,1275.00,,,0.000,,,,,,4717,1,,
895,P-0895,First day 1437,20,,,,437.00,750.00,0.00,0.00,0.00,0.00,450.00,NOS,NOS,NOS,1,0.000,1311.00,,,0.000,,,,,,3344,1,,
883,P-0883,First day 1471,33,,,,471.00,650.00,20.00,0.00,0.00,0.00,500.00,NOS,NOS,NOS,1,0.000,815.00,,,0.000,,,,,,3332,1,,
3285,P-3285,First day 1494,33,,,,494.00,850.00,20.00,0.00,0.00,0.00,499.00,NOS,NOS,NOS,1,0.000,1482.00,,,0.000,,,,,,5952,1,,
882,P-0882,First day 1518,33,,,,518.00,720.00,0.00,0.00,0.00,0.00,550.00,NOS,NOS,NOS,1,0.000,899.00,,,0.000,,,,,,3331,1,,
1772,P-1772,First day 1542,56,,,,542.00,975.00,20.00,0.00,0.00,0.00,599.00,NOS,NOS,NOS,1,0.000,1626.00,,,0.000,,,,,,4328,1,,
1510,P-1510,first day 1708,56,,,,708.00,1250.00,20.00,0.00,0.00,0.00,799.00,NOS,NOS,NOS,1,0.000,2124.00,,,0.000,,,,,,4064,1,,
1508,P-1508,First day 1732,56,,,,732.00,1300.00,20.00,0.00,0.00,0.00,799.00,NOS,NOS,NOS,1,0.000,2196.00,,,0.000,,,,,,4062,1,,
1509,P-1509,first day 1743,56,,,,743.00,1325.00,20.00,0.00,0.00,0.00,799.00,NOS,NOS,NOS,1,0.000,2229.00,,,0.000,,,,,,4063,1,,
1507,P-1507,First day 1767,56,,,,767.00,1350.00,20.00,0.00,0.00,0.00,799.00,NOS,NOS,NOS,1,0.000,2301.00,,,0.000,,,,,,4061,1,,
2788,P-2788,First day1448,56,,,,448.00,775.00,20.00,0.00,0.00,0.00,499.00,NOS,NOS,NOS,1,0.000,1344.00,,,0.000,,,,,,5408,1,,
1543,P-1543,First Day1507,56,,,,507.00,900.00,20.00,2.50,2.50,0.00,599.00,NOS,NOS,NOS,1,0.000,1521.00,,,0.000,,,,,,4097,1,,
1544,P-1544,First Day1519,56,,,,519.00,925.00,20.00,2.50,2.50,0.00,599.00,NOS,NOS,NOS,1,0.000,1557.00,,,0.000,,,,,,4098,1,,
1545,P-1545,First Day1542,56,,,,542.00,975.00,20.00,2.50,2.50,0.00,599.00,NOS,NOS,NOS,1,0.000,1626.00,,,0.000,,,,,,4099,1,,
1546,P-1546,First Day1555,56,,,,555.00,988.00,20.00,2.50,2.50,0.00,599.00,NOS,NOS,NOS,1,0.000,1665.00,,,0.000,,,,,,4100,1,,
3130,P-3130,First steps 1106,33,,,,106.00,200.00,20.00,0.00,0.00,0.00,109.00,NOS,NOS,NOS,1,0.000,318.00,,,0.000,,,,,,5709,1,,
3131,P-3131,First steps 1110,33,,,,110.00,200.00,20.00,0.00,0.00,0.00,159.00,NOS,NOS,NOS,1,0.000,330.00,,,0.000,,,,,,5708,1,,
3129,P-3129,First steps 1123,121,,,,123.00,225.00,20.00,0.00,0.00,0.00,179.00,NOS,NOS,NOS,1,0.000,369.00,,,0.000,,,,,,5710,1,,
52,P-0052,Formal opening stock,13,,,,350.00,520.00,20.00,0.00,0.00,0.00,400.00,NOS,NOS,NOS,1,0.000,650.00,MEN'S COUNTER,CC3-1,2.000,,,,,,1095,1,,
52,P-0052,Formal opening stock,13,,,,350.00,520.00,20.00,0.00,0.00,0.00,400.00,NOS,NOS,NOS,1,0.000,650.00,MEN'S COUNTER,CC3-1,3.000,,,,32,,1096,1,,
52,P-0052,Formal opening stock,13,,,,350.00,520.00,20.00,0.00,0.00,0.00,400.00,NOS,NOS,NOS,1,0.000,650.00,MEN'S COUNTER,CC3-1,1.000,,,,32,,1097,1,,
52,P-0052,Formal opening stock,13,,,,350.00,520.00,20.00,0.00,0.00,0.00,400.00,NOS,NOS,NOS,1,0.000,650.00,MEN'S COUNTER,CC3-1,2.000,,,,,,1098,1,,
52,P-0052,Formal opening stock,13,,,,350.00,520.00,20.00,0.00,0.00,0.00,400.00,NOS,NOS,NOS,1,0.000,650.00,MEN'S COUNTER,CC3-1,5.000,,,,34,,1099,1,,
52,P-0052,Formal opening stock,13,,,,350.00,520.00,20.00,0.00,0.00,0.00,400.00,NOS,NOS,NOS,1,0.000,650.00,MEN'S COUNTER,CC3-1,6.000,,,,36,,1100,1,,
52,P-0052,Formal opening stock,13,,,,350.00,520.00,20.00,0.00,0.00,0.00,400.00,NOS,NOS,NOS,1,0.000,650.00,MEN'S COUNTER,CC3-1,4.000,,,,36,,1101,1,,
52,P-0052,Formal opening stock,13,,,,350.00,520.00,20.00,0.00,0.00,0.00,400.00,NOS,NOS,NOS,1,0.000,650.00,MEN'S COUNTER,CC3-1,4.000,,,,36,,1102,1,,
52,P-0052,Formal opening stock,13,,,,350.00,520.00,20.00,0.00,0.00,0.00,400.00,NOS,NOS,NOS,1,0.000,650.00,MEN'S COUNTER,CC3-1,3.000,,,,38,,1103,1,,
52,P-0052,Formal opening stock,13,,,,350.00,520.00,20.00,0.00,0.00,0.00,400.00,NOS,NOS,NOS,1,0.000,650.00,MEN'S COUNTER,CC3-1,3.000,,,,,,1104,1,,
52,P-0052,Formal opening stock,13,,,,350.00,520.00,20.00,0.00,0.00,0.00,400.00,NOS,NOS,NOS,1,0.000,650.00,MEN'S COUNTER,CC3-1,2.000,,,,38,,1105,1,,
52,P-0052,Formal opening stock,13,,,,350.00,520.00,20.00,0.00,0.00,0.00,400.00,NOS,NOS,NOS,1,0.000,650.00,MEN'S COUNTER,CC3-1,5.000,,,,,,1106,1,,
52,P-0052,Formal opening stock,13,,,,350.00,520.00,20.00,0.00,0.00,0.00,400.00,NOS,NOS,NOS,1,0.000,650.00,MEN'S COUNTER,CC3-1,5.000,,,,,,1107,1,,
2632,P-2632,Formal Pants 1335,13,,,,335.00,575.00,20.00,0.00,0.00,0.00,399.00,NOS,NOS,NOS,1,0.000,1005.00,,,0.000,,,,,,5239,1,,
2633,P-2633,Formal Pants 1385,13,,,,385.00,675.00,20.00,0.00,0.00,0.00,399.00,NOS,NOS,NOS,1,0.000,1155.00,,,0.000,,,,,,5221,1,,
2676,P-2676,Formal pants 3500 1345,13,,,,345.00,588.00,20.00,0.00,0.00,0.00,399.00,NOS,NOS,NOS,1,0.000,1035.00,,,0.000,,,,,,5258,1,,
2675,P-2675,Formal pants 3546 1345,13,,,,345.00,588.00,20.00,0.00,0.00,0.00,399.00,NOS,NOS,NOS,1,0.000,1035.00,,,0.000,,,,,,5257,1,,
2674,P-2674,Formal pants 4508 1385,13,,,,385.00,675.00,20.00,0.00,0.00,0.00,399.00,NOS,NOS,NOS,1,0.000,1155.00,,,0.000,,,,,,5256,1,,
1242,P-1242,Formal Pants W,13,,,,350.00,560.00,0.00,0.00,0.00,0.00,399.00,NOS,NOS,NOS,1,0.000,700.00,,,0.000,,,,,,3692,1,,
374,P-0374,Formal touser signature 1275,13,,,,275.00,400.00,20.00,0.00,0.00,0.00,299.00,NOS,NOS,NOS,1,0.000,500.00,,,0.000,,,,,,2233,1,,
3303,P-3303,Free day 1325,60,,,,325.00,575.00,20.00,0.00,0.00,0.00,399.00,NOS,NOS,NOS,1,0.000,975.00,,,0.000,,,,,,5971,1,,
3304,P-3304,Free day 1358,60,,,,358.00,625.00,20.00,0.00,0.00,0.00,399.00,NOS,NOS,NOS,1,0.000,1074.00,,,0.000,,,,,,5972,1,,
3421,P-3421,Free day 1375,20,,,,375.00,650.00,20.00,0.00,0.00,0.00,399.00,NOS,NOS,NOS,1,0.000,1125.00,,,0.000,,,,,,6105,1,,
2669,P-2669,Free mind 1265,7,,,,265.00,450.00,20.00,0.00,0.00,0.00,300.00,NOS,NOS,NOS,1,0.000,795.00,,,0.000,,,,,,5284,1,,
2670,P-2670,Free mind 1335,7,,,,335.00,575.00,20.00,0.00,0.00,0.00,350.00,NOS,NOS,NOS,1,0.000,1005.00,,,0.000,,,,,,5283,1,,
2645,P-2645,Freemind 1245,7,,,,245.00,425.00,20.00,0.00,0.00,0.00,299.00,NOS,NOS,NOS,1,0.000,735.00,,,0.000,,,,,,5231,1,,
2644,P-2644,Freemind 1255,7,,,,255.00,450.00,20.00,0.00,0.00,0.00,299.00,NOS,NOS,NOS,1,0.000,765.00,,,0.000,,,,,,5230,1,,
2652,P-2652,Freemind 1290,7,,,,290.00,500.00,20.00,0.00,0.00,0.00,299.00,NOS,NOS,NOS,1,0.000,870.00,,,0.000,,,,,,5241,1,,
1153,P-1153,FREEMIND 1300,7,,,,300.00,420.00,0.00,0.00,0.00,0.00,399.00,NOS,NOS,NOS,1,0.000,525.00,,,0.000,,,,,,3603,1,,
1155,P-1155,FREEMIND 1310,7,,,,310.00,440.00,20.00,0.00,0.00,0.00,399.00,NOS,NOS,NOS,1,0.000,550.00,,,0.000,,,,,,3605,1,,
1156,P-1156,FREEMIND 1320,7,,,,320.00,550.00,20.00,0.00,0.00,0.00,399.00,NOS,NOS,NOS,1,0.000,960.00,,,0.000,,,,,,3606,1,,
1154,P-1154,FREEMIND 1330,7,,,,330.00,460.00,0.00,0.00,0.00,0.00,399.00,NOS,NOS,NOS,1,0.000,575.00,,,0.000,,,,,,3604,1,,
2860,P-2860,Freemind 1335,19,,,,335.00,575.00,20.00,0.00,0.00,0.00,399.00,NOS,NOS,NOS,1,0.000,1005.00,,,0.000,,,,,,5482,1,,
2859,P-2859,Freemind 1365,19,,,,365.00,625.00,20.00,0.00,0.00,0.00,399.00,NOS,NOS,NOS,1,0.000,1095.00,,,0.000,,,,,,5481,1,,
1498,P-1498,FREEMIND T-SHIRT 1350,7,,,,350.00,625.00,20.00,0.00,0.00,0.00,399.00,NOS,NOS,NOS,1,0.000,1050.00,,,0.000,,,,,,4057,1,,
692,P-0692,Frock,53,,,,23.00,320.00,0.00,0.00,0.00,0.00,24.00,NOS,NOS,NOS,1,0.000,400.00,,,1.000,,,,,,2946,1,,
150,P-0150,FUN & FUNNY 1319,20,gbb,,,319.00,440.00,0.00,0.00,0.00,0.00,339.00,NOS,NOS,NOS,1,0.000,550.00,Boy's counter,,1.000,,,,,,1291,1,,
142,P-0142,FUN & FUNNY G-100 1325,20,gbb,,,325.00,400.00,0.00,0.00,0.00,0.00,300.00,NOS,NOS,NOS,1,0.000,500.00,Boy's counter,,1.000,,,,,,1283,1,,
141,P-0141,FUN & FUNNY G-106 1319,20,gbb,,,319.00,440.00,20.00,0.00,0.00,0.00,300.00,NOS,NOS,NOS,1,0.000,550.00,Boy's counter,,3.000,,,,,,1282,1,,
568,P-0568,Funny boy 1205,87,,,,205.00,290.00,0.00,0.00,0.00,0.00,250.00,NOS,NOS,NOS,1,0.000,368.00,,,0.000,,,,,,2637,1,,
1646,P-1646,Funny boyz 1145,56,,,,145.00,275.00,20.00,0.00,0.00,0.00,199.00,NOS,NOS,NOS,1,0.000,435.00,,,0.000,,,,,,4202,1,,
1629,P-1629,Funny boyz 1160,19,,,,160.00,288.00,20.00,0.00,0.00,0.00,200.00,NOS,NOS,NOS,1,0.000,480.00,,,0.000,,,,,,4184,1,,
531,P-0531,Funny boyz 1165,87,,,,165.00,300.00,20.00,0.00,0.00,0.00,200.00,NOS,NOS,NOS,1,0.000,495.00,,,0.000,,,,,,2600,1,,
528,P-0528,Funny boyz 1175,87,,,,175.00,250.00,20.00,0.00,0.00,0.00,200.00,NOS,NOS,NOS,1,0.000,315.00,,,0.000,,,,,,2597,1,,
3545,P-3545,Funny Boyz 1180,33,,,,180.00,325.00,20.00,0.00,0.00,0.00,199.00,NOS,NOS,OTH,1,0.000,540.00,,,0.000,,,,,,6229,1,,
569,P-0569,Funny boyz 1185,87,,,,185.00,350.00,20.00,0.00,0.00,0.00,200.00,NOS,NOS,NOS,1,0.000,555.00,,,0.000,,,,,,2638,1,,
3409,P-3409,Funny boyz 1195,33,,,,195.00,350.00,20.00,0.00,0.00,0.00,199.00,NOS,NOS,NOS,1,0.000,585.00,,,0.000,,,,,,6090,1,,
567,P-0567,Funny Boyz 1205,87,,,,205.00,350.00,0.00,0.00,0.00,0.00,250.00,NOS,NOS,NOS,1,0.000,615.00,,,0.000,,,,,,2636,1,,
1605,P-1605,Funny boyZ 1210,19,,,,210.00,400.00,20.00,0.00,0.00,0.00,299.00,NOS,NOS,NOS,1,0.000,630.00,,,0.000,,,,,,4159,1,,
555,P-0555,Funny boyz 1225,87,,,,225.00,320.00,0.00,0.00,0.00,0.00,250.00,NOS,NOS,NOS,1,0.000,400.00,,,0.000,,,,,,2624,1,,
1704,P-1704,Funny boyz 1230,19,,,,230.00,425.00,20.00,0.00,0.00,0.00,299.00,NOS,NOS,NOS,1,0.000,690.00,,,0.000,,,,,,4260,1,,
1703,P-1703,Funny boyz 1235,19,,,,235.00,425.00,20.00,0.00,0.00,0.00,299.00,NOS,NOS,NOS,1,0.000,705.00,,,0.000,,,,,,4259,1,,
2206,P-2206,Funny Day 1338,60,,,,338.00,588.00,20.00,0.00,0.00,0.00,399.00,NOS,NOS,NOS,1,0.000,1014.00,,,0.000,,,,,,4791,1,,
2127,P-2127,Funny day 1358,33,,,,358.00,625.00,20.00,0.00,0.00,0.00,399.00,NOS,NOS,NOS,1,0.000,1074.00,,,0.000,,,,,,4712,1,,
2205,P-2205,Funny Day 1370,60,,,,370.00,650.00,20.00,0.00,0.00,0.00,399.00,NOS,NOS,NOS,1,0.000,1110.00,,,0.000,,,,,,4790,1,,
737,P-0737,Fur jacket,103,,,,560.00,760.00,20.00,0.00,0.00,0.00,599.00,NOS,NOS,NOS,1,0.000,950.00,,,4.000,,,,,,3131,1,,
737,P-0737,Fur jacket,103,,,,560.00,760.00,20.00,0.00,0.00,0.00,599.00,NOS,NOS,NOS,1,0.000,950.00,,,1.000,,,,,,3133,1,,
737,P-0737,Fur jacket,103,,,,560.00,760.00,20.00,0.00,0.00,0.00,599.00,NOS,NOS,NOS,1,0.000,950.00,,,12.000,,,,,,3134,1,,
737,P-0737,Fur jacket,103,,,,560.00,760.00,20.00,0.00,0.00,0.00,599.00,NOS,NOS,NOS,1,0.000,950.00,,,1.000,,,,,,3132,1,,
3385,P-3385,Gaba 1286,20,,,,286.00,488.00,20.00,0.00,0.00,0.00,299.00,NOS,NOS,NOS,1,0.000,858.00,,,0.000,,,,,,6065,1,,
3413,P-3413,Gaba 1330,60,,,,330.00,575.00,20.00,0.00,0.00,0.00,399.00,NOS,NOS,NOS,1,0.000,990.00,,,0.000,,,,,,6094,1,,
143,P-0143,gaba 1425,20,gbb,,,425.00,580.00,20.00,0.00,0.00,0.00,300.00,NOS,NOS,NOS,1,0.000,725.00,Boy's counter,,1.000,,,,,,1284,1,,
3546,P-3546,Gaba 1500,33,,,,500.00,850.00,20.00,0.00,0.00,0.00,599.00,NOS,NOS,OTH,1,0.000,1500.00,,,0.000,,,,,,6230,1,,
3565,P-3565,Gaba 1510,33,,,,510.00,875.00,20.00,0.00,0.00,0.00,599.00,NOS,NOS,NOS,1,0.000,1530.00,,,0.000,,,,,,6249,1,,
3564,P-3564,Gaba 1550,33,,,,550.00,950.00,20.00,0.00,0.00,0.00,599.00,NOS,NOS,NOS,1,0.000,1650.00,,,0.000,,,,,,6248,1,,
3562,P-3562,Gaba 1555,33,,,,555.00,950.00,20.00,0.00,0.00,0.00,599.00,NOS,NOS,NOS,1,0.000,1665.00,,,0.000,,,,,,6246,1,,
3563,P-3563,Gaba 1580,33,,,,580.00,1000.00,20.00,0.00,0.00,0.00,599.00,NOS,NOS,NOS,1,0.000,1740.00,,,0.000,,,,,,6245,1,,
3419,P-3419,Gaba 1630,33,,,,630.00,1075.00,20.00,0.00,0.00,0.00,699.00,NOS,NOS,NOS,1,0.000,1890.00,,,0.000,,,,,,6100,1,,
1532,P-1532,Gaba 1650,19,,,,650.00,1150.00,20.00,0.00,0.00,0.00,599.00,NOS,NOS,NOS,1,0.000,1950.00,,,0.000,,,,,,4086,1,,
1533,P-1533,Gaba 1690,19,,,,690.00,1225.00,20.00,0.00,0.00,0.00,699.00,NOS,NOS,NOS,1,0.000,2070.00,,,0.000,,,,,,4087,1,,
154,P-0154,Gada 7854 1460,20,gbb,,,460.00,652.00,20.00,0.00,0.00,0.00,399.00,NOS,NOS,NOS,1,0.000,815.00,Boy's counter,,1.000,,,,,,1295,1,,
1642,P-1642,Galty 1160,56,,,,160.00,315.00,20.00,0.00,0.00,0.00,199.00,NOS,NOS,NOS,1,0.000,480.00,,,0.000,,,,,,4197,1,,
1634,P-1634,Galty 1162,32,,,,162.00,315.00,20.00,0.00,0.00,0.00,299.00,NOS,NOS,NOS,1,0.000,486.00,,,0.000,,,,,,4189,1,,
1442,P-1442,Gamcha,132,,,,50.00,100.00,20.00,0.00,0.00,0.00,59.00,NOS,NOS,NOS,1,0.000,150.00,,,3.000,,,,,,3917,1,,
2561,P-2561,Garggi 11425,134,,,,1425.00,2425.00,20.00,0.00,0.00,0.00,1499.00,NOS,NOS,NOS,1,0.000,4275.00,,,0.000,,,,,,5168,1,,
2569,P-2569,Garggi 1715,134,,,,715.00,1250.00,20.00,0.00,0.00,0.00,799.00,NOS,NOS,NOS,1,0.000,2150.00,,,0.000,,,,,,5160,1,,
951,P-0951,Gargi 1236,60,,,,236.00,340.00,20.00,0.00,0.00,0.00,299.00,NOS,NOS,NOS,1,0.000,425.00,,,0.000,,,,,,3401,1,,
948,P-0948,Gargi 1242,60,,,,242.00,340.00,20.00,0.00,0.00,0.00,299.00,NOS,NOS,NOS,1,0.000,425.00,,,0.000,,,,,,3398,1,,
935,P-0935,Gargi 1271,60,,,,271.00,380.00,20.00,0.00,0.00,0.00,300.00,NOS,NOS,NOS,1,0.000,475.00,,,0.000,,,,,,3385,1,,
937,P-0937,Gargi 1277,60,,,,277.00,400.00,20.00,0.00,0.00,0.00,300.00,NOS,NOS,NOS,1,0.000,500.00,,,0.000,,,,,,3387,1,,
950,P-0950,Gargi 1283,60,,,,283.00,400.00,20.00,0.00,0.00,0.00,299.00,NOS,NOS,NOS,1,0.000,500.00,,,0.000,,,,,,3400,1,,
949,P-0949,Gargi 1295,60,,,,295.00,420.00,20.00,0.00,0.00,0.00,299.00,NOS,NOS,NOS,1,0.000,525.00,,,0.000,,,,,,3399,1,,
893,P-0893,Gargi 1313,60,,,,313.00,440.00,20.00,0.00,0.00,0.00,350.00,NOS,NOS,NOS,1,0.000,550.00,,,0.000,,,,,,3342,1,,
891,P-0891,Gargi 1319,60,,,,319.00,440.00,20.00,0.00,0.00,0.00,350.00,NOS,NOS,NOS,1,0.000,550.00,,,0.000,,,,,,3340,1,,
936,P-0936,Gargi 1325,60,,,,325.00,460.00,20.00,0.00,0.00,0.00,300.00,NOS,NOS,NOS,1,0.000,575.00,,,0.000,,,,,,3386,1,,
892,P-0892,Gargi 1354,60,,,,354.00,500.00,20.00,0.00,0.00,0.00,400.00,NOS,NOS,NOS,1,0.000,625.00,,,0.000,,,,,,3341,1,,
1517,P-1517,Gargi 1366,56,,,,366.00,650.00,20.00,0.00,0.00,0.00,399.00,NOS,NOS,NOS,1,0.000,1098.00,,,0.000,,,,,,4071,1,,
618,P-0618,Geet 1316,91,,,,316.00,440.00,20.00,0.00,0.00,0.00,399.00,NOS,NOS,NOS,1,0.000,550.00,,,0.000,,,,,,2687,1,,
642,P-0642,Genius 1452,91,,,,452.00,614.00,20.00,0.00,0.00,0.00,499.00,NOS,NOS,NOS,1,0.000,768.00,,,0.000,,,,,,2711,1,,
1419,P-1419,Gents classic bermuda TS 130,8,,,,210.00,505.00,20.00,0.00,0.00,0.00,299.00,NOS,NOS,NOS,1,0.000,505.00,,,4.000,,,,L,,8904122407834,1,,
1419,P-1419,Gents classic bermuda TS 130,8,,,,210.00,505.00,20.00,0.00,0.00,0.00,299.00,NOS,NOS,NOS,1,0.000,505.00,,,3.000,,,,XXL,,8904122407858,1,,
1421,P-1421,Gents classic capry TS-129,14,,,,210.00,609.00,20.00,0.00,0.00,0.00,299.00,NOS,NOS,NOS,1,0.000,609.00,,,4.000,,,,XL,,8904122407896,1,,
1421,P-1421,Gents classic capry TS-129,14,,,,210.00,609.00,20.00,0.00,0.00,0.00,299.00,NOS,NOS,NOS,1,0.000,609.00,,,3.000,,,,M,,8904122407872,1,,
668,P-0668,Gents Track suit OP,98,,,,678.00,1150.00,20.00,0.00,0.00,0.00,699.00,NOS,NOS,NOS,1,0.000,2034.00,,,1.000,,,,,,2816,1,,
668,P-0668,Gents Track suit OP,98,,,,678.00,1150.00,20.00,0.00,0.00,0.00,699.00,NOS,NOS,NOS,1,0.000,2034.00,,,4.000,,,,,,2817,1,,
668,P-0668,Gents Track suit OP,98,,,,678.00,1150.00,20.00,0.00,0.00,0.00,699.00,NOS,NOS,NOS,1,0.000,2034.00,,,4.000,,,,,,2818,1,,
668,P-0668,Gents Track suit OP,98,,,,678.00,1150.00,20.00,0.00,0.00,0.00,699.00,NOS,NOS,NOS,1,0.000,2034.00,,,7.000,,,,,,2819,1,,
668,P-0668,Gents Track suit OP,98,,,,678.00,1150.00,20.00,0.00,0.00,0.00,699.00,NOS,NOS,NOS,1,0.000,2034.00,,,2.000,,,,,,2820,1,,
668,P-0668,Gents Track suit OP,98,,,,678.00,1150.00,20.00,0.00,0.00,0.00,699.00,NOS,NOS,NOS,1,0.000,2034.00,,,6.000,,,,,,2821,1,,
668,P-0668,Gents Track suit OP,98,,,,678.00,1150.00,20.00,0.00,0.00,0.00,699.00,NOS,NOS,NOS,1,0.000,2034.00,,,1.000,,,,,,2822,1,,
668,P-0668,Gents Track suit OP,98,,,,678.00,1150.00,20.00,0.00,0.00,0.00,699.00,NOS,NOS,NOS,1,0.000,2034.00,,,2.000,,,,,,2823,1,,
982,P-0982,Giff kids 1248,60,,,,248.00,340.00,20.00,0.00,0.00,0.00,299.00,NOS,NOS,NOS,1,0.000,425.00,,,0.000,,,,,,3432,1,,
1403,P-1403,Gift set,121,,,,140.00,315.00,20.00,0.00,0.00,0.00,169.00,NOS,NOS,NOS,1,0.000,480.00,,,1.000,,,,,,3859,1,,
1403,P-1403,Gift set,121,,,,140.00,315.00,20.00,0.00,0.00,0.00,169.00,NOS,NOS,NOS,1,0.000,480.00,,,1.000,,,,,,3860,1,,
1403,P-1403,Gift set,121,,,,140.00,315.00,20.00,0.00,0.00,0.00,169.00,NOS,NOS,NOS,1,0.000,480.00,,,2.000,,,,,,3861,1,,
1403,P-1403,Gift set,121,,,,140.00,315.00,20.00,0.00,0.00,0.00,169.00,NOS,NOS,NOS,1,0.000,480.00,,,5.000,,,,,,3862,1,,
3435,P-3435,Gift set 1155,121,,,,155.00,315.00,20.00,0.00,0.00,0.00,199.00,NOS,NOS,NOS,1,0.000,465.00,,,0.000,,,,,,6119,1,,
640,P-0640,GINIIS 1230,91,,,,230.00,320.00,20.00,0.00,0.00,0.00,299.00,NOS,NOS,NOS,1,0.000,400.00,,,0.000,,,,,,2709,1,,
641,P-0641,GINIIS 1250,91,,,,250.00,340.00,20.00,0.00,0.00,0.00,299.00,NOS,NOS,NOS,1,0.000,425.00,,,0.000,,,,,,2710,1,,
1902,P-1902,Giniis 1325,87,,,,325.00,550.00,20.00,0.00,0.00,0.00,399.00,NOS,NOS,NOS,1,0.000,975.00,,,0.000,,,,,,4461,1,,
3326,P-3326,Gionee 1319,60,,,,319.00,550.00,20.00,0.00,0.00,0.00,399.00,NOS,NOS,NOS,1,0.000,957.00,,,0.000,,,,,,6005,1,,
1098,P-1098,Girlden 1165,60,,,,165.00,250.00,20.00,0.00,0.00,0.00,200.00,NOS,NOS,NOS,1,0.000,315.00,,,0.000,,,,,,3548,1,,
1096,P-1096,Girlden 1171,60,,,,171.00,250.00,20.00,0.00,0.00,0.00,200.00,NOS,NOS,NOS,1,0.000,315.00,,,0.000,,,,,,3546,1,,
1172,P-1172,Girlden 1207,60,,,,207.00,300.00,20.00,0.00,0.00,0.00,259.00,NOS,NOS,NOS,1,0.000,375.00,,,0.000,,,,,,3622,1,,
167,P-0167,Girls Jeans  opening stock,24,gbb,,,425.00,700.00,20.00,0.00,0.00,0.00,499.00,NOS,NOS,NOS,1,0.000,1275.00,,,2.000,,,,,,1311,1,,
167,P-0167,Girls Jeans  opening stock,24,gbb,,,425.00,700.00,20.00,0.00,0.00,0.00,499.00,NOS,NOS,NOS,1,0.000,1275.00,,,5.000,,,,,,1312,1,,
167,P-0167,Girls Jeans  opening stock,24,gbb,,,425.00,700.00,20.00,0.00,0.00,0.00,499.00,NOS,NOS,NOS,1,0.000,1275.00,,,6.000,,,,,,1313,1,,
167,P-0167,Girls Jeans  opening stock,24,gbb,,,425.00,700.00,20.00,0.00,0.00,0.00,499.00,NOS,NOS,NOS,1,0.000,1275.00,,,6.000,,,,,,1314,1,,
167,P-0167,Girls Jeans  opening stock,24,gbb,,,425.00,700.00,20.00,0.00,0.00,0.00,499.00,NOS,NOS,NOS,1,0.000,1275.00,,,6.000,,,,,,1315,1,,
167,P-0167,Girls Jeans  opening stock,24,gbb,,,425.00,700.00,20.00,0.00,0.00,0.00,499.00,NOS,NOS,NOS,1,0.000,1275.00,,,3.000,,,,,,1316,1,,
167,P-0167,Girls Jeans  opening stock,24,gbb,,,425.00,700.00,20.00,0.00,0.00,0.00,499.00,NOS,NOS,NOS,1,0.000,1275.00,,,2.000,,,,,,1317,1,,
167,P-0167,Girls Jeans  opening stock,24,gbb,,,425.00,700.00,20.00,0.00,0.00,0.00,499.00,NOS,NOS,NOS,1,0.000,1275.00,,,4.000,,,,,,1318,1,,
167,P-0167,Girls Jeans  opening stock,24,gbb,,,425.00,700.00,20.00,0.00,0.00,0.00,499.00,NOS,NOS,NOS,1,0.000,1275.00,,,10.000,,,,,,1319,1,,
163,P-0163,Girls Jeans RGN,24,,,,300.00,800.00,20.00,0.00,0.00,0.00,300.00,NOS,NOS,NOS,1,0.000,1870.00,,,26.000,,,,,,1307,1,,
2315,P-2315,Girls jeans rgn,24,,,,380.00,750.00,20.00,0.00,0.00,0.00,400.00,NOS,NOS,NOS,1,0.000,900.00,,,12.000,,,,,,4901,1,,
2316,P-2316,Girls rgn capry,38,,,,240.00,600.00,20.00,0.00,0.00,0.00,250.00,NOS,NOS,NOS,1,0.000,900.00,,,0.000,,,,,,4900,1,,
2316,P-2316,Girls rgn capry,38,,,,240.00,600.00,20.00,0.00,0.00,0.00,250.00,NOS,NOS,NOS,1,0.000,900.00,,,1.000,,,,,,4902,1,,
2316,P-2316,Girls rgn capry,38,,,,240.00,600.00,20.00,0.00,0.00,0.00,250.00,NOS,NOS,NOS,1,0.000,900.00,,,1.000,,,,,,4903,1,,
615,P-0615,Girls style 1283,91,,,,283.00,390.00,20.00,0.00,0.00,0.00,299.00,NOS,NOS,NOS,1,0.000,488.00,,,0.000,,,,,,2684,1,,
616,P-0616,Girls style 1311,91,,,,311.00,440.00,20.00,0.00,0.00,0.00,399.00,NOS,NOS,NOS,1,0.000,550.00,,,0.000,,,,,,2685,1,,
620,P-0620,Girls Style 1311-1,91,,,,311.00,430.00,0.00,0.00,0.00,0.00,399.00,NOS,NOS,NOS,1,0.000,538.00,,,0.000,,,,,,2689,1,,
619,P-0619,Girls Style 1334,91,,,,334.00,460.00,20.00,0.00,0.00,0.00,399.00,NOS,NOS,NOS,1,0.000,575.00,,,0.000,,,,,,2688,1,,
626,P-0626,Girls Style 1370,91,,,,370.00,504.00,20.00,0.00,0.00,0.00,399.00,NOS,NOS,NOS,1,0.000,630.00,,,0.000,,,,,,2695,1,,
643,P-0643,Girls style 1379,91,,,,379.00,520.00,20.00,0.00,0.00,0.00,399.00,NOS,NOS,NOS,1,0.000,650.00,,,0.000,,,,,,2712,1,,
627,P-0627,Girls Style 1395,91,,,,395.00,540.00,20.00,0.00,0.00,0.00,399.00,NOS,NOS,NOS,1,0.000,675.00,,,0.000,,,,,,2696,1,,
3005,P-3005,Girls Style 1484,91,,,,484.00,875.00,20.00,0.00,0.00,0.00,499.00,NOS,NOS,NOS,1,0.000,1452.00,,,0.000,,,,,,5629,1,,
3007,P-3007,Girls style 1494,91,,,,494.00,900.00,20.00,0.00,0.00,0.00,499.00,NOS,NOS,NOS,1,0.000,1482.00,,,0.000,,,,,,5631,1,,
3006,P-3006,Girls style 1495,91,,,,495.00,900.00,20.00,0.00,0.00,0.00,499.00,NOS,NOS,NOS,1,0.000,1485.00,,,0.000,,,,,,5630,1,,
3003,P-3003,Girls style 1561,91,,,,561.00,1000.00,20.00,0.00,0.00,0.00,599.00,NOS,NOS,NOS,1,0.000,1683.00,,,0.000,,,,,,5627,1,,
3004,P-3004,Girls style 1572,91,,,,572.00,1050.00,20.00,0.00,0.00,0.00,599.00,NOS,NOS,NOS,1,0.000,1716.00,,,0.000,,,,,,5628,1,,
3519,P-3519,Girls zone 11025,133,,,,1025.00,1750.00,20.00,0.00,0.00,0.00,799.00,NOS,NOS,NOS,1,0.000,2160.00,,,0.000,,,,,,6203,1,,
2729,P-2729,Girls zone 11040,63,,,,1040.00,1775.00,20.00,0.00,0.00,0.00,1050.00,NOS,NOS,NOS,1,0.000,3120.00,,,0.000,,,,,,5343,1,,
2721,P-2721,GIRLS ZONE 11055,63,,,,1055.00,1800.00,20.00,0.00,0.00,0.00,1999.00,NOS,NOS,NOS,1,0.000,3165.00,,,0.000,,,,,,5335,1,,
2727,P-2727,Girls zone 11195,143,,,,1195.00,2050.00,20.00,0.00,0.00,0.00,900.00,NOS,NOS,NOS,1,0.000,3585.00,,,0.000,,,,,,5341,1,,
3512,P-3512,Girls zone 11205,141,,,,1205.00,2050.00,20.00,0.00,0.00,0.00,1299.00,NOS,NOS,NOS,1,0.000,3615.00,,,0.000,,,,,,6195,1,,
3516,P-3516,Girls zone 11210,141,,,,1210.00,2075.00,20.00,0.00,0.00,0.00,1299.00,NOS,NOS,NOS,1,0.000,3630.00,,,0.000,,,,,,6199,1,,
397,P-0397,Girls Zone 1218963,63,,,,1280.00,1840.00,20.00,0.00,0.00,0.00,1300.00,NOS,NOS,NOS,1,0.000,2300.00,,,0.000,,,,"24,26",,2458,1,,
397,P-0397,Girls Zone 1218963,63,,,,1280.00,1840.00,20.00,0.00,0.00,0.00,1300.00,NOS,NOS,NOS,1,0.000,2300.00,,,0.000,,,,"28,30",,2459,1,,
397,P-0397,Girls Zone 1218963,63,,,,1280.00,1840.00,20.00,0.00,0.00,0.00,1300.00,NOS,NOS,NOS,1,0.000,2300.00,,,0.000,,,,"32,34",,2460,1,,
2568,P-2568,girls zone 1475,134,,,,475.00,825.00,20.00,0.00,0.00,0.00,499.00,NOS,NOS,NOS,1,0.000,1425.00,,,0.000,,,,,,5161,1,,
2570,P-2570,Girls zone 1480,134,,,,480.00,825.00,20.00,0.00,0.00,0.00,499.00,NOS,NOS,NOS,1,0.000,1440.00,,,0.000,,,,,,5159,1,,
2571,P-2571,Girls zone 1495,134,,,,495.00,850.00,20.00,0.00,0.00,0.00,499.00,NOS,NOS,NOS,1,0.000,1485.00,,,0.000,,,,,,5158,1,,
2724,P-2724,GIRLS ZONE 1505,141,,,,505.00,875.00,20.00,0.00,0.00,0.00,599.00,NOS,NOS,NOS,1,0.000,1515.00,,,0.000,,,,,,5338,1,,
2722,P-2722,GIRLS ZONE 1515,141,,,,515.00,875.00,20.00,0.00,0.00,0.00,599.00,NOS,NOS,NOS,1,0.000,1545.00,,,0.000,,,,,,5336,1,,
2725,P-2725,GIRLS ZONE 1525,141,,,,525.00,900.00,20.00,0.00,0.00,0.00,599.00,NOS,NOS,NOS,1,0.000,1575.00,,,0.000,,,,,,5339,1,,
3513,P-3513,Girls zone 1555,141,,,,555.00,950.00,20.00,0.00,0.00,0.00,599.00,NOS,NOS,NOS,1,0.000,1665.00,,,0.000,,,,,,6196,1,,
3514,P-3514,Girls zone 1570,141,,,,570.00,1000.00,20.00,0.00,0.00,0.00,599.00,NOS,NOS,NOS,1,0.000,1710.00,,,0.000,,,,,,6197,1,,
3515,P-3515,Girls zone 1590,141,,,,590.00,1050.00,20.00,0.00,0.00,0.00,599.00,NOS,NOS,NOS,1,0.000,1770.00,,,0.000,,,,,,6198,1,,
2730,P-2730,Girls zone 1595,63,,,,595.00,1000.00,20.00,0.00,0.00,0.00,600.00,NOS,NOS,NOS,1,0.000,1785.00,,,0.000,,,,,,5344,1,,
3518,P-3518,Girls zone 1720,141,,,,720.00,1250.00,20.00,0.00,0.00,0.00,799.00,NOS,NOS,NOS,1,0.000,2160.00,,,0.000,,,,,,6201,1,,
2723,P-2723,GIRLS ZONE 1730,141,,,,730.00,1250.00,20.00,0.00,0.00,0.00,799.00,NOS,NOS,NOS,1,0.000,2190.00,,,0.000,,,,,,5337,1,,
398,P-0398,Girls Zone 174983,63,,,,910.00,1240.00,0.00,0.00,0.00,0.00,950.00,NOS,NOS,NOS,1,0.000,1550.00,,,0.000,,,,,,2462,1,,
2562,P-2562,Girls Zone 1785,134,,,,785.00,1350.00,20.00,0.00,0.00,0.00,799.00,NOS,NOS,NOS,1,0.000,2355.00,,,0.000,,,,,,5167,1,,
2728,P-2728,Girls zone 1805,141,,,,805.00,1375.00,20.00,0.00,0.00,0.00,850.00,NOS,NOS,NOS,1,0.000,2415.00,,,0.000,,,,,,5342,1,,
2719,P-2719,GIRLS ZONE 1805,63,,,,805.00,1375.00,20.00,0.00,0.00,0.00,899.00,NOS,NOS,NOS,1,0.000,2415.00,,,0.000,,,,,,5333,1,,
2565,P-2565,girls zone 1820,134,,,,820.00,1400.00,20.00,0.00,0.00,0.00,899.00,NOS,NOS,NOS,1,0.000,2460.00,,,0.000,,,,,,5164,1,,
3520,P-3520,Girls zone 1835,56,,,,835.00,1450.00,20.00,0.00,0.00,0.00,999.00,NOS,NOS,NOS,1,0.000,2505.00,,,0.000,,,,,,6202,1,,
2726,P-2726,Girls zone 1855,143,,,,855.00,1450.00,20.00,0.00,0.00,0.00,900.00,NOS,NOS,NOS,1,0.000,2565.00,,,0.000,,,,,,5340,1,,
2720,P-2720,GIRLS ZONE 1885,63,,,,885.00,1500.00,20.00,0.00,0.00,0.00,899.00,NOS,NOS,NOS,1,0.000,2655.00,,,0.000,,,,,,5334,1,,
2718,P-2718,GIRLS ZONE 1905,63,,,,905.00,1538.70,20.00,0.00,0.00,0.00,999.00,NOS,NOS,NOS,1,0.000,2715.00,,,0.000,,,,,,5332,1,,
2566,P-2566,girls zone 1915,134,,,,915.00,1575.00,20.00,0.00,0.00,0.00,999.00,NOS,NOS,NOS,1,0.000,2745.00,,,0.000,,,,,,5163,1,,
3517,P-3517,Girls zone 1920,141,,,,920.00,1575.00,20.00,0.00,0.00,0.00,999.00,NOS,NOS,NOS,1,0.000,2760.00,,,0.000,,,,,,6200,1,,
2717,P-2717,GIRLS ZONE 1950,63,,,,950.00,1625.00,20.00,0.00,0.00,0.00,999.00,NOS,NOS,NOS,1,0.000,2850.00,,,0.000,,,,,,5331,1,,
2716,P-2716,GIRLS ZONE 1970,63,,,,970.00,1650.70,20.00,0.00,0.00,0.00,999.00,NOS,NOS,NOS,1,0.000,2910.00,,,0.000,,,,,,5330,1,,
2567,P-2567,girls zone 1990,134,,,,990.00,1688.00,20.00,0.00,0.00,0.00,999.00,NOS,NOS,NOS,1,0.000,2970.00,,,0.000,,,,,,5162,1,,
399,P-0399,Girls Zone 23721,63,,,,480.00,640.00,0.00,0.00,0.00,0.00,950.00,NOS,NOS,NOS,1,0.000,800.00,,,0.000,,,,,,2463,1,,
400,P-0400,Girls Zone 25144,63,,,,865.00,1180.00,0.00,0.00,0.00,0.00,900.00,NOS,NOS,NOS,1,0.000,1475.00,,,0.000,,,,,,2464,1,,
1472,P-1472,Girls Zone 302497 1870,134,,,,870.00,1500.00,20.00,0.00,0.00,0.00,899.00,NOS,NOS,NOS,1,0.000,2610.00,,,0.000,,,,,,4034,1,,
1474,P-1474,Girls Zone 9504S 11065,136,,,,1065.00,1825.00,20.00,0.00,0.00,0.00,1099.00,NOS,NOS,NOS,1,0.000,3195.00,,,0.000,,,,,,4036,1,,
1475,P-1475,Girls Zone 9558B 11230,137,,,,1230.00,2100.00,20.00,0.00,0.00,0.00,1299.00,NOS,NOS,NOS,1,0.000,3690.00,,,0.000,,,,,,4037,1,,
703,P-0703,Giza Cotton Fever 1390,2,,,,380.00,688.00,20.00,0.00,0.00,0.00,399.00,NOS,NOS,NOS,1,0.000,1170.00,,,0.000,,,,,,3004,1,,
2460,P-2460,Glare 1250,20,,,,250.00,425.00,20.00,0.00,0.00,0.00,299.00,NOS,NOS,NOS,1,0.000,750.00,,,0.000,,,,,,5046,1,,
2425,P-2425,Glare 1270,20,,,,270.00,475.00,20.00,0.00,0.00,0.00,299.00,NOS,NOS,NOS,1,0.000,810.00,,,0.000,,,,,,5011,1,,
2424,P-2424,Glare 1288,20,,,,288.00,500.00,20.00,0.00,0.00,0.00,299.00,NOS,NOS,NOS,1,0.000,864.00,,,0.000,,,,,,5010,1,,
2459,P-2459,Glare 1290,20,,,,290.00,500.00,20.00,0.00,0.00,0.00,299.00,NOS,NOS,NOS,1,0.000,870.00,,,0.000,,,,,,5045,1,,
2276,P-2276,Glare 1295,20,,,,295.00,500.00,20.00,0.00,0.00,0.00,299.00,NOS,NOS,NOS,1,0.000,885.00,,,0.000,,,,,,4861,1,,
2426,P-2426,Glare 1300,20,,,,300.00,525.00,20.00,0.00,0.00,0.00,399.00,NOS,NOS,NOS,1,0.000,900.00,,,0.000,,,,,,5012,1,,
2431,P-2431,Glare 1305,20,,,,305.00,525.00,20.00,0.00,0.00,0.00,399.00,NOS,NOS,NOS,1,0.000,915.00,,,0.000,,,,,,5017,1,,
2427,P-2427,Glare 1308,20,,,,308.00,525.00,20.00,0.00,0.00,0.00,399.00,NOS,NOS,NOS,1,0.000,924.00,,,0.000,,,,,,5013,1,,
3557,P-3557,Glare 1316,33,,,,316.00,550.00,20.00,0.00,0.00,0.00,399.00,NOS,NOS,NOS,1,0.000,948.00,,,0.000,,,,,,6241,1,,
2275,P-2275,Glare 1330,20,,,,330.00,575.00,20.00,0.00,0.00,0.00,395.00,NOS,NOS,NOS,1,0.000,990.00,,,0.000,,,,,,4860,1,,
2432,P-2432,Glare 1335,20,,,,335.00,575.00,20.00,0.00,0.00,0.00,399.00,NOS,NOS,NOS,1,0.000,1005.00,,,0.000,,,,,,5018,1,,
3558,P-3558,Glare 1344,16,,,,344.00,588.00,20.00,0.00,0.00,0.00,399.00,NOS,NOS,NOS,1,0.000,1032.00,,,0.000,,,,,,6242,1,,
3559,P-3559,Glare 1361,16,,,,361.00,625.00,20.00,0.00,0.00,0.00,399.00,NOS,NOS,NOS,1,0.000,1083.00,,,0.000,,,,,,6243,1,,
1933,P-1933,Glare 1380,103,,,,380.00,650.00,20.00,0.00,0.00,0.00,399.00,NOS,NOS,NOS,1,0.000,1140.00,,,0.000,,,,,,4497,1,,
1934,P-1934,Glare 1400,103,,,,400.00,688.00,20.00,0.00,0.00,0.00,499.00,NOS,NOS,NOS,1,0.000,1200.00,,,0.000,,,,,,4498,1,,
2649,P-2649,Global terrain 1335,7,,,,335.00,575.00,20.00,0.00,0.00,0.00,399.00,NOS,NOS,NOS,1,0.000,1005.00,,,0.000,,,,,,5237,1,,
34,P-0034,Global terrrain 0368 1230,7,,,,230.00,340.00,0.00,0.00,0.00,0.00,250.00,NOS,NOS,NOS,1,1.000,425.00,MEN'S COUNTER,CC2,6.000,,,,,,1070,1,,
3103,P-3103,Gloonee 1347,20,,,,347.00,600.00,20.00,0.00,0.00,0.00,399.00,NOS,NOS,NOS,1,0.000,1041.00,,,0.000,,,,,,5736,1,,
2208,P-2208,Gloonee 1361,60,,,,361.00,625.00,20.00,0.00,0.00,0.00,399.00,NOS,NOS,NOS,1,0.000,1083.00,,,0.000,,,,,,4793,1,,
2527,P-2527,Gloonee 1439,60,,,,439.00,750.00,20.00,0.00,0.00,0.00,499.00,NOS,NOS,NOS,1,0.000,1317.00,,,0.000,,,,,,5113,1,,
3154,P-3154,Go kidz 1250,60,,,,250.00,425.00,20.00,0.00,0.00,0.00,299.00,NOS,NOS,NOS,1,0.000,750.00,,,0.000,,,,,,5815,1,,
3153,P-3153,Go kidz 1294,60,,,,294.00,500.00,20.00,0.00,0.00,0.00,299.00,NOS,NOS,NOS,1,0.000,882.00,,,0.000,,,,,,5814,1,,
213,P-0213,Gobind  Indo western,35,gbb,,,940.00,1500.00,20.00,0.00,0.00,0.00,1490.00,NOS,NOS,NOS,1,0.000,1875.00,,,3.000,,,,12,,1600,1,,
213,P-0213,Gobind  Indo western,35,gbb,,,940.00,1500.00,20.00,0.00,0.00,0.00,1490.00,NOS,NOS,NOS,1,0.000,1875.00,,,3.000,,,,14,,1601,1,,
213,P-0213,Gobind  Indo western,35,gbb,,,940.00,1500.00,20.00,0.00,0.00,0.00,1490.00,NOS,NOS,NOS,1,0.000,1875.00,,,2.000,,,,16,,1602,1,,
1259,P-1259,Gobind  K/P 1180,21,,,,180.00,280.00,20.00,0.00,0.00,0.00,199.00,NOS,NOS,NOS,1,0.000,380.00,,,0.000,,,,,,3709,1,,
1260,P-1260,Gobind  K/P 1190,21,,,,190.00,280.00,20.00,0.00,0.00,0.00,199.00,NOS,NOS,NOS,1,0.000,350.00,,,0.000,,,,,,3710,1,,
1262,P-1262,Gobind  K/P 1215,21,,,,215.00,320.00,20.00,0.00,0.00,0.00,299.00,NOS,NOS,NOS,1,0.000,400.00,,,0.000,,,,,,3712,1,,
1258,P-1258,Gobind  sequence 1299,21,,,,299.00,440.00,20.00,0.00,0.00,0.00,349.00,NOS,NOS,NOS,1,0.000,550.00,,,0.000,,,,,,3708,1,,
1261,P-1261,Gobind  sequence 1329,21,,,,329.00,480.00,20.00,0.00,0.00,0.00,399.00,NOS,NOS,NOS,1,0.000,600.00,,,0.000,,,,,,3711,1,,
2303,P-2303,Gobind 1065,34,,,,65.00,175.00,20.00,0.00,0.00,0.00,99.00,NOS,NOS,NOS,1,0.000,195.00,,,0.000,,,,,,4888,1,,
2304,P-2304,Gobind 1075,34,,,,75.00,188.00,20.00,0.00,0.00,0.00,99.00,NOS,NOS,NOS,1,0.000,225.00,,,0.000,,,,,,4889,1,,
3066,P-3066,Gobind 1110,34,,,,110.00,275.00,20.00,0.00,0.00,0.00,169.00,NOS,NOS,NOS,1,0.000,330.00,,,0.000,,,,,,5775,1,,
2664,P-2664,Gobind 1115,21,,,,115.00,200.00,20.00,0.00,0.00,0.00,159.00,NOS,NOS,NOS,1,0.000,345.00,,,0.000,,,,,,5253,1,,
2661,P-2661,Gobind 1120,21,,,,120.00,225.00,20.00,0.00,0.00,0.00,159.00,NOS,NOS,NOS,1,0.000,360.00,,,0.000,,,,,,5250,1,,
1811,P-1811,Gobind 1125,43,,,,125.00,275.00,20.00,0.00,0.00,0.00,129.00,NOS,NOS,NOS,1,0.000,375.00,,,0.000,,,,,,4369,1,,
2743,P-2743,Gobind 1128,34,,,,128.00,250.00,20.00,0.00,0.00,0.00,129.00,NOS,NOS,NOS,1,0.000,384.00,,,0.000,,,,,,5360,1,,
2665,P-2665,Gobind 1130,21,,,,130.00,225.00,20.00,0.00,0.00,0.00,159.00,NOS,NOS,NOS,1,0.000,390.00,,,0.000,,,,,,5254,1,,
2746,P-2746,Gobind 1140,34,,,,140.00,250.00,20.00,0.00,0.00,0.00,149.00,NOS,NOS,NOS,1,0.000,420.00,,,0.000,,,,,,5363,1,,
1810,P-1810,Gobind 1145,71,,,,145.00,315.00,20.00,0.00,0.00,0.00,159.00,NOS,NOS,NOS,1,0.000,435.00,,,0.000,,,,,,4368,1,,
2339,P-2339,Gobind 1150,34,,,,150.00,275.00,20.00,0.00,0.00,0.00,199.00,NOS,NOS,NOS,1,0.000,450.00,,,0.000,,,,,,4926,1,,
1438,P-1438,Gobind 1160,34,,,,160.00,315.00,20.00,0.00,0.00,0.00,199.00,NOS,NOS,NOS,1,0.000,480.00,,,0.000,,,,,,3913,1,,
2332,P-2332,Gobind 1165,34,,,,165.00,288.00,20.00,0.00,0.00,0.00,179.00,NOS,NOS,NOS,1,0.000,495.00,,,0.000,,,,,,4914,1,,
3489,P-3489,Gobind 11675,3,,,,1675.00,3000.00,20.00,0.00,0.00,0.00,1799.00,NOS,NOS,NOS,1,0.000,5025.00,,,0.000,,,,,,6172,1,,
2330,P-2330,Gobind 1170,34,,,,170.00,300.00,20.00,0.00,0.00,0.00,199.00,NOS,NOS,NOS,1,0.000,510.00,,,0.000,,,,,,4912,1,,
2765,P-2765,Gobind 1175,34,,,,175.00,300.00,20.00,0.00,0.00,0.00,199.00,NOS,NOS,NOS,1,0.000,525.00,,,0.000,,,,,,5385,1,,
1436,P-1436,Gobind 1180,34,,,,180.00,315.00,20.00,0.00,0.00,0.00,199.00,NOS,NOS,NOS,1,0.000,540.00,,,0.000,,,,,,3911,1,,
2296,P-2296,Gobind 1190,34,,,,190.00,325.00,20.00,0.00,0.00,0.00,199.00,NOS,NOS,NOS,1,0.000,570.00,,,0.000,,,,,,4881,1,,
2298,P-2298,Gobind 1195,34,,,,195.00,350.00,20.00,0.00,0.00,0.00,199.00,NOS,NOS,NOS,1,0.000,585.00,,,0.000,,,,,,4883,1,,
1440,P-1440,Gobind 1200,34,,,,200.00,350.00,20.00,0.00,0.00,0.00,299.00,NOS,NOS,NOS,1,0.000,600.00,,,0.000,,,,,,3915,1,,
2334,P-2334,Gobind 1203,34,,,,203.00,350.00,20.00,0.00,0.00,0.00,288.00,NOS,NOS,NOS,1,0.000,609.00,,,0.000,,,,,,4915,1,,
3604,P-3604,GOBIND 1205,34,,,,205.00,350.00,20.00,0.00,0.00,0.00,299.00,NOS,NOS,NOS,1,0.000,615.00,,,0.000,,,,,,6288,1,,
2299,P-2299,Gobind 1210,34,,,,210.00,375.00,20.00,0.00,0.00,0.00,288.00,NOS,NOS,NOS,1,0.000,630.00,,,0.000,,,,,,4884,1,,
3069,P-3069,Gobind 1212,34,,,,212.00,375.00,20.00,0.00,0.00,0.00,259.00,NOS,NOS,NOS,1,0.000,636.00,,,0.000,,,,,,5772,1,,
2297,P-2297,Gobind 1215,34,,,,215.00,375.00,20.00,0.00,0.00,0.00,288.00,NOS,NOS,NOS,1,0.000,645.00,,,0.000,,,,,,4882,1,,
2054,P-2054,Gobind 1220,34,,,,220.00,375.00,20.00,0.00,0.00,0.00,299.00,NOS,NOS,NOS,1,0.000,660.00,,,0.000,,,,,,4639,1,,
1439,P-1439,Gobind 1225,34,,,,225.00,400.00,20.00,0.00,0.00,0.00,299.00,NOS,NOS,NOS,1,0.000,675.00,,,0.000,,,,,,3914,1,,
1825,P-1825,Gobind 1230,34,,,,230.00,400.00,20.00,0.00,0.00,0.00,299.00,NOS,NOS,NOS,1,0.000,690.00,,,0.000,,,,,,4384,1,,
3067,P-3067,Gobind 1232,34,,,,232.00,400.00,20.00,0.00,0.00,0.00,299.00,NOS,NOS,NOS,1,0.000,696.00,,,0.000,,,,,,5774,1,,
1437,P-1437,Gobind 1235,34,,,,235.00,415.00,20.00,0.00,0.00,0.00,199.00,NOS,NOS,NOS,1,0.000,705.00,,,0.000,,,,,,3912,1,,
2331,P-2331,Gobind 1240,34,,,,240.00,415.00,20.00,0.00,0.00,0.00,20.00,NOS,NOS,NOS,1,0.000,720.00,,,0.000,,,,,,4913,1,,
2755,P-2755,Gobind 1242,34,,,,242.00,425.00,20.00,0.00,0.00,0.00,299.00,NOS,NOS,NOS,1,0.000,726.00,,,0.000,,,,,,5373,1,,
1823,P-1823,Gobind 1245,34,,,,245.00,425.00,20.00,0.00,0.00,0.00,259.00,NOS,NOS,NOS,1,0.000,735.00,,,0.000,,,,,,4382,1,,
3068,P-3068,Gobind 1247,34,,,,247.00,425.00,20.00,0.00,0.00,0.00,299.00,NOS,NOS,NOS,1,0.000,741.00,,,0.000,,,,,,5773,1,,
2051,P-2051,Gobind 1250,34,,,,250.00,425.00,20.00,0.00,0.00,0.00,299.00,NOS,NOS,NOS,1,0.000,750.00,,,0.000,,,,,,4636,1,,
1820,P-1820,Gobind 1255,34,,,,255.00,450.00,20.00,0.00,0.00,0.00,299.00,NOS,NOS,NOS,1,0.000,765.00,,,0.000,,,,,,4378,1,,
2333,P-2333,Gobind 1260,34,,,,260.00,450.00,20.00,0.00,0.00,0.00,299.00,NOS,NOS,NOS,1,0.000,780.00,,,0.000,,,,,,4911,1,,
3060,P-3060,Gobind 1262,34,,,,262.00,450.00,20.00,0.00,0.00,0.00,299.00,NOS,NOS,NOS,1,0.000,786.00,,,0.000,,,,,,5782,1,,
2756,P-2756,Gobind 1265,34,,,,265.00,450.00,20.00,0.00,0.00,0.00,299.00,NOS,NOS,NOS,1,0.000,795.00,,,0.000,,,,,,5374,1,,
1426,P-1426,Gobind 1266,34,,,,266.00,475.00,20.00,0.00,0.00,0.00,299.00,NOS,NOS,NOS,1,0.000,798.00,,,0.000,,,,,,3901,1,,
3061,P-3061,Gobind 1267,34,,,,267.00,475.00,20.00,0.00,0.00,0.00,299.00,NOS,NOS,NOS,1,0.000,801.00,,,0.000,,,,,,5781,1,,
2329,P-2329,Gobind 1270,34,,,,270.00,475.00,20.00,0.00,0.00,0.00,299.00,NOS,NOS,NOS,1,0.000,810.00,,,0.000,,,,,,4924,1,,
2335,P-2335,Gobind 1272,34,,,,272.00,475.00,20.00,0.00,0.00,0.00,20.00,NOS,NOS,NOS,1,0.000,815.00,,,0.000,,,,,,4916,1,,
2305,P-2305,Gobind 1275,34,,,,275.00,475.00,20.00,0.00,0.00,0.00,299.00,NOS,NOS,NOS,1,0.000,825.00,,,0.000,,,,,,4890,1,,
2662,P-2662,Gobind 1280,21,,,,280.00,475.00,20.00,0.00,0.00,0.00,299.00,NOS,NOS,NOS,1,0.000,840.00,,,0.000,,,,,,5251,1,,
1819,P-1819,Gobind 1285,34,,,,285.00,500.00,20.00,0.00,0.00,0.00,299.00,NOS,NOS,NOS,1,0.000,855.00,,,0.000,,,,,,4377,1,,
1427,P-1427,Gobind 1286,34,,,,286.00,500.00,20.00,0.00,0.00,0.00,299.00,NOS,NOS,NOS,1,0.000,858.00,,,0.000,,,,,,3902,1,,
3046,P-3046,gobind 1287,34,,,,287.00,500.00,20.00,0.00,0.00,0.00,299.00,NOS,NOS,NOS,1,0.000,861.00,,,0.000,,,,,,5799,1,,
2052,P-2052,Gobind 1290,34,,,,290.00,500.00,20.00,0.00,0.00,0.00,299.00,NOS,NOS,NOS,1,0.000,870.00,,,0.000,,,,,,4637,1,,
3070,P-3070,Gobind 1293,34,,,,293.00,500.00,20.00,0.00,0.00,0.00,299.00,NOS,NOS,NOS,1,0.000,879.00,,,0.000,,,,,,5771,1,,
2337,P-2337,Gobind 1295,34,,,,295.00,500.00,20.00,0.00,0.00,0.00,299.00,NOS,NOS,NOS,1,0.000,885.00,,,0.000,,,,,,4918,1,,
3062,P-3062,Gobind 1297,34,,,,297.00,525.00,20.00,0.00,0.00,0.00,299.00,NOS,NOS,NOS,1,0.000,891.00,,,0.000,,,,,,5780,1,,
2306,P-2306,Gobind 1298,34,,,,298.00,525.00,20.00,0.00,0.00,0.00,299.00,NOS,NOS,NOS,1,0.000,900.00,,,0.000,,,,,,4891,1,,
2308,P-2308,Gobind 1299,34,,,,299.00,525.00,20.00,0.00,0.00,0.00,319.00,NOS,NOS,NOS,1,0.000,897.00,,,0.000,,,,,,4893,1,,
2338,P-2338,Gobind 1300,34,,,,300.00,525.00,20.00,0.00,0.00,0.00,349.00,NOS,NOS,NOS,1,0.000,900.00,,,0.000,,,,,,4925,1,,
1428,P-1428,Gobind 1305,34,,,,305.00,525.00,20.00,0.00,0.00,0.00,399.00,NOS,NOS,NOS,1,0.000,915.00,,,0.000,,,,,,3903,1,,
2663,P-2663,Gobind 1308,21,,,,308.00,525.00,20.00,0.00,0.00,0.00,399.00,NOS,NOS,NOS,1,0.000,925.00,,,0.000,,,,,,5252,1,,
2767,P-2767,Gobind 1310,34,,,,310.00,550.00,20.00,0.00,0.00,0.00,399.00,NOS,NOS,NOS,1,0.000,930.00,,,0.000,,,,,,5386,1,,
1818,P-1818,Gobind 1315,34,,,,315.00,550.00,20.00,0.00,0.00,0.00,399.00,NOS,NOS,NOS,1,0.000,945.00,,,0.000,,,,,,4376,1,,
2336,P-2336,Gobind 1317,34,,,,317.00,550.00,20.00,0.00,0.00,0.00,399.00,NOS,NOS,NOS,1,0.000,951.00,,,0.000,,,,,,4917,1,,
3065,P-3065,Gobind 1318,34,,,,318.00,550.00,20.00,0.00,0.00,0.00,399.00,NOS,NOS,NOS,1,0.000,954.00,,,0.000,,,,,,5777,1,,
2754,P-2754,GOBIND 1319,34,,,,319.00,550.00,20.00,0.00,0.00,0.00,399.00,NOS,NOS,NOS,1,0.000,957.00,,,0.000,,,,,,5372,1,,
3047,P-3047,Gobind 1320,34,,,,320.00,550.00,20.00,0.00,0.00,0.00,399.00,NOS,NOS,NOS,1,0.000,960.00,,,0.000,,,,,,5798,1,,
1831,P-1831,Gobind 1321,34,,,,321.00,575.00,20.00,0.00,0.00,0.00,399.00,NOS,NOS,NOS,1,0.000,963.00,,,0.000,,,,,,4390,1,,
1429,P-1429,Gobind 1325,34,,,,325.00,575.00,20.00,0.00,0.00,0.00,399.00,NOS,NOS,NOS,1,0.000,975.00,,,0.000,,,,,,3904,1,,
1845,P-1845,Gobind 1328,34,,,,328.00,575.00,20.00,0.00,0.00,0.00,399.00,NOS,NOS,NOS,1,0.000,984.00,,,0.000,,,,,,4405,1,,
2055,P-2055,Gobind 1329,34,,,,329.00,575.00,20.00,0.00,0.00,0.00,399.00,NOS,NOS,NOS,1,0.000,987.00,,,0.000,,,,,,4640,1,,
1434,P-1434,Gobind 1330,34,,,,330.00,575.00,20.00,0.00,0.00,0.00,399.00,NOS,NOS,NOS,1,0.000,990.00,,,0.000,,,,,,3909,1,,
2768,P-2768,Gobind 1331,34,,,,331.00,588.00,20.00,0.00,0.00,0.00,399.00,NOS,NOS,NOS,1,0.000,993.00,,,0.000,,,,,,5387,1,,
2735,P-2735,Gobind 1334,34,,,,334.00,575.00,20.00,0.00,0.00,0.00,399.00,NOS,NOS,NOS,1,0.000,1002.00,,,0.000,,,,,,5350,1,,
2764,P-2764,Gobind 1335,34,,,,335.00,575.00,20.00,0.00,0.00,0.00,399.00,NOS,NOS,NOS,1,0.000,1005.00,,,0.000,,,,,,5382,1,,
1821,P-1821,Gobind 1338,34,,,,338.00,600.00,20.00,0.00,0.00,0.00,359.00,NOS,NOS,NOS,1,0.000,1014.00,,,0.000,,,,,,4380,1,,
2660,P-2660,Gobind 1339,21,,,,339.00,575.00,20.00,0.00,0.00,0.00,399.00,NOS,NOS,NOS,1,0.000,1017.00,,,0.000,,,,,,5249,1,,
2758,P-2758,Gobind 1340,34,,,,340.00,588.00,20.00,0.00,0.00,0.00,399.00,NOS,NOS,NOS,1,0.000,1020.00,,,0.000,,,,,,5376,1,,
2734,P-2734,Gobind 1341,34,,,,341.00,588.00,20.00,0.00,0.00,0.00,399.00,NOS,NOS,NOS,1,0.000,1023.00,,,0.000,,,,,,5349,1,,
1839,P-1839,Gobind 1342,34,,,,342.00,600.00,20.00,0.00,0.00,0.00,399.00,NOS,NOS,NOS,1,0.000,1026.00,,,0.000,,,,,,4399,1,,
1826,P-1826,Gobind 1343,34,,,,343.00,600.00,20.00,0.00,0.00,0.00,349.00,NOS,NOS,NOS,1,0.000,1029.00,,,0.000,,,,,,4385,1,,
1848,P-1848,Gobind 1344,34,,,,344.00,615.00,20.00,0.00,0.00,0.00,399.00,NOS,NOS,NOS,1,0.000,1032.00,,,0.000,,,,,,4408,1,,
2312,P-2312,Gobind 1345,34,,,,345.00,600.00,20.00,0.00,0.00,0.00,399.00,NOS,NOS,NOS,1,0.000,1035.00,,,0.000,,,,,,4897,1,,
1432,P-1432,Gobind 1348,34,,,,348.00,600.00,20.00,0.00,0.00,0.00,399.00,NOS,NOS,NOS,1,0.000,1044.00,,,0.000,,,,,,3907,1,,
1295,P-1295,Gobind 1350,34,,,,350.00,625.00,20.00,0.00,0.00,0.00,399.00,NOS,NOS,NOS,1,0.000,1050.00,,,0.000,,,,,,3745,1,,
2753,P-2753,Gobind 1352,34,,,,352.00,600.00,20.00,0.00,0.00,0.00,399.00,NOS,NOS,NOS,1,0.000,1056.00,,,0.000,,,,,,5371,1,,
1435,P-1435,Gobind 1353,34,,,,353.00,625.00,20.00,0.00,0.00,0.00,399.00,NOS,NOS,NOS,1,0.000,1059.00,,,0.000,,,,,,3910,1,,
1286,P-1286,Gobind 1355,21,,,,355.00,625.00,20.00,0.00,0.00,0.00,399.00,NOS,NOS,NOS,1,0.000,1065.00,,,0.000,,,,,,3736,1,,
1285,P-1285,Gobind 1358,21,,,,358.00,650.00,20.00,0.00,0.00,0.00,399.00,NOS,NOS,NOS,1,0.000,1074.00,,,0.000,,,,,,3735,1,,
2053,P-2053,Gobind 1359,34,,,,359.00,625.00,20.00,0.00,0.00,0.00,399.00,NOS,NOS,NOS,1,0.000,1077.00,,,0.000,,,,,,4638,1,,
1301,P-1301,Gobind 1360,34,,,,360.00,625.00,20.00,0.00,0.00,0.00,399.00,NOS,NOS,NOS,1,0.000,1080.00,,,0.000,,,,,,3751,1,,
3610,P-3610,Gobind 1362,34,,,,362.00,625.00,20.00,0.00,0.00,0.00,399.00,NOS,NOS,NOS,1,0.000,1086.00,,,0.000,,,,,,6294,1,,
2313,P-2313,Gobind 1363,34,,,,363.00,625.00,20.00,0.00,0.00,0.00,399.00,NOS,NOS,NOS,1,0.000,1089.00,,,0.000,,,,,,4898,1,,
1433,P-1433,Gobind 1364,34,,,,364.00,650.00,20.00,0.00,0.00,0.00,399.00,NOS,NOS,NOS,1,0.000,1092.00,,,0.000,,,,,,3908,1,,
1844,P-1844,Gobind 1365,34,,,,365.00,638.00,20.00,0.00,0.00,0.00,399.00,NOS,NOS,NOS,1,0.000,1095.00,,,0.000,,,,,,4404,1,,
2752,P-2752,Gobind 1368,34,,,,368.00,625.00,20.00,0.00,0.00,0.00,399.00,NOS,NOS,NOS,1,0.000,1104.00,,,0.000,,,,,,5369,1,,
2666,P-2666,Gobind 1369,21,,,,369.00,650.00,20.00,0.00,0.00,0.00,399.00,NOS,NOS,NOS,1,0.000,1107.00,,,0.000,,,,,,5255,1,,
1296,P-1296,Gobind 1370,34,,,,370.00,650.00,20.00,0.00,0.00,0.00,399.00,NOS,NOS,NOS,1,0.000,1121.00,,,0.000,,,,,,3746,1,,
3611,P-3611,Gobind 1372,34,,,,372.00,650.00,20.00,0.00,0.00,0.00,399.00,NOS,NOS,NOS,1,0.000,1116.00,,,0.000,,,,,,6295,1,,
1843,P-1843,Gobind 1373,34,,,,373.00,650.00,20.00,0.00,0.00,0.00,399.00,NOS,NOS,NOS,1,0.000,1119.00,,,0.000,,,,,,4403,1,,
1857,P-1857,Gobind 1375,34,,,,375.00,650.00,20.00,0.00,0.00,0.00,399.00,NOS,NOS,NOS,1,0.000,1125.00,,,0.000,,,,,,4417,1,,
1830,P-1830,Gobind 1376,34,,,,376.00,650.00,20.00,0.00,0.00,0.00,399.00,NOS,NOS,NOS,1,0.000,1128.00,,,0.000,,,,,,4389,1,,
1856,P-1856,Gobind 1377,34,,,,377.00,688.00,20.00,0.00,0.00,0.00,399.00,NOS,NOS,NOS,1,0.000,1131.00,,,0.000,,,,,,4416,1,,
1855,P-1855,Gobind 1378,34,,,,378.00,668.00,20.00,0.00,0.00,0.00,399.00,NOS,NOS,NOS,1,0.000,1134.00,,,0.000,,,,,,4415,1,,
2742,P-2742,Gobind 1381,34,,,,381.00,650.00,20.00,0.00,0.00,0.00,399.00,NOS,NOS,NOS,1,0.000,1143.00,,,0.000,,,,,,5359,1,,
1849,P-1849,Gobind 1382,34,,,,382.00,668.00,20.00,0.00,0.00,0.00,399.00,NOS,NOS,NOS,1,0.000,1146.00,,,0.000,,,,,,4409,1,,
1430,P-1430,Gobind 1383,34,,,,383.00,675.00,20.00,0.00,0.00,0.00,399.00,NOS,NOS,NOS,1,0.000,1149.00,,,0.000,,,,,,3905,1,,
2751,P-2751,Gobind 1386,34,,,,386.00,675.00,20.00,0.00,0.00,0.00,399.00,NOS,NOS,NOS,1,0.000,1158.00,,,0.000,,,,,,5368,1,,
1840,P-1840,Gobind 1387,34,,,,387.00,688.00,20.00,0.00,0.00,0.00,399.00,NOS,NOS,NOS,1,0.000,1161.00,,,0.000,,,,,,4400,1,,
1300,P-1300,Gobind 1388,34,,,,388.00,688.00,20.00,0.00,0.00,0.00,399.00,NOS,NOS,NOS,1,0.000,1164.00,,,0.000,,,,,,3750,1,,
1842,P-1842,Gobind 1389,34,,,,389.00,688.00,20.00,0.00,0.00,0.00,399.00,NOS,NOS,NOS,1,0.000,1167.00,,,0.000,,,,,,4402,1,,
1431,P-1431,Gobind 1390,34,,,,390.00,688.00,20.00,0.00,0.00,0.00,399.00,NOS,NOS,NOS,1,0.000,1170.00,,,0.000,,,,,,3906,1,,
1297,P-1297,Gobind 1392,34,,,,392.00,688.00,20.00,0.00,0.00,0.00,399.00,NOS,NOS,NOS,1,0.000,1170.00,,,0.000,,,,,,3747,1,,
1841,P-1841,Gobind 1393,34,,,,393.00,688.00,20.00,0.00,0.00,0.00,399.00,NOS,NOS,NOS,1,0.000,1179.00,,,0.000,,,,,,4401,1,,
3599,P-3599,GOBIND 1394,34,,,,394.00,688.00,20.00,0.00,0.00,0.00,399.00,NOS,NOS,NOS,1,0.000,1182.00,,,0.000,,,,,,6283,1,,
1812,P-1812,Gobind 1395,34,,,,395.00,700.00,20.00,0.00,0.00,0.00,399.00,NOS,NOS,NOS,1,0.000,1185.00,,,0.000,,,,,,4379,1,,
1299,P-1299,Gobind 1398,34,,,,398.00,700.00,20.00,0.00,0.00,0.00,399.00,NOS,NOS,NOS,1,0.000,1194.00,,,0.000,,,,,,3749,1,,
1822,P-1822,Gobind 1399,34,,,,399.00,700.00,20.00,0.00,0.00,0.00,359.00,NOS,NOS,NOS,1,0.000,1197.00,,,0.000,,,,,,4381,1,,
2750,P-2750,Gobind 1400,34,,,,400.00,688.00,20.00,0.00,0.00,0.00,499.00,NOS,NOS,NOS,1,0.000,1200.00,,,0.000,,,,,,5367,1,,
2658,P-2658,Gobind 1402,21,,,,402.00,688.00,20.00,0.00,0.00,0.00,499.00,NOS,NOS,NOS,1,0.000,1206.00,,,0.000,,,,,,5247,1,,
2309,P-2309,Gobind 1403,34,,,,403.00,688.00,20.00,0.00,0.00,0.00,499.00,NOS,NOS,NOS,1,0.000,1209.00,,,0.000,,,,,,4894,1,,
1846,P-1846,Gobind 1404,34,,,,404.00,715.00,20.00,0.00,0.00,0.00,499.00,NOS,NOS,NOS,1,0.000,1212.00,,,0.000,,,,,,4406,1,,
1306,P-1306,Gobind 1405,34,,,,405.00,700.00,20.00,0.00,0.00,0.00,499.00,NOS,NOS,NOS,1,0.000,1215.00,,,0.000,,,,,,3756,1,,
1305,P-1305,Gobind 1406,34,,,,406.00,560.00,20.00,0.00,0.00,0.00,499.00,NOS,NOS,NOS,1,0.000,700.00,,,0.000,,,,,,3755,1,,
1854,P-1854,Gobind 1410,34,,,,410.00,715.00,20.00,0.00,0.00,0.00,4599.00,NOS,NOS,NOS,1,0.000,1230.00,,,0.000,,,,,,4414,1,,
1290,P-1290,Gobind 1415,45,,,,415.00,725.00,20.00,0.00,0.00,0.00,499.00,NOS,NOS,NOS,1,0.000,1245.00,,,0.000,,,,,,3740,1,,
2314,P-2314,Gobind 1416,34,,,,416.00,725.00,20.00,0.00,0.00,0.00,499.00,NOS,NOS,NOS,1,0.000,1248.00,,,0.000,,,,,,4899,1,,
1847,P-1847,Gobind 1420,34,,,,420.00,750.00,20.00,0.00,0.00,0.00,499.00,NOS,NOS,NOS,1,0.000,1260.00,,,0.000,,,,,,4407,1,,
1833,P-1833,Gobind 1421,34,,,,421.00,750.00,20.00,0.00,0.00,0.00,499.00,NOS,NOS,NOS,1,0.000,1263.00,,,0.000,,,,,,4392,1,,
1303,P-1303,Gobind 1426,34,,,,426.00,750.00,20.00,0.00,0.00,0.00,499.00,NOS,NOS,NOS,1,0.000,1278.00,,,0.000,,,,,,3753,1,,
1850,P-1850,Gobind 1427,34,,,,427.00,750.00,20.00,0.00,0.00,0.00,429.00,NOS,NOS,NOS,1,0.000,1281.00,,,0.000,,,,,,4410,1,,
1304,P-1304,Gobind 1428,34,,,,428.00,600.00,20.00,0.00,0.00,0.00,499.00,NOS,NOS,NOS,1,0.000,750.00,,,0.000,,,,,,3754,1,,
3063,P-3063,Gobind 1431,34,,,,431.00,750.00,20.00,0.00,0.00,0.00,499.00,NOS,NOS,NOS,1,0.000,1293.00,,,0.000,,,,,,5779,1,,
1815,P-1815,Gobind 1432,34,,,,432.00,750.00,20.00,0.00,0.00,0.00,499.00,NOS,NOS,NOS,1,0.000,1296.00,,,0.000,,,,,,4373,1,,
2310,P-2310,Gobind 1435,118,,,,435.00,750.00,20.00,0.00,0.00,0.00,499.00,NOS,NOS,NOS,1,0.000,1305.00,,,0.000,,,,,,4895,1,,
1288,P-1288,Gobind 1437,45,,,,437.00,775.00,20.00,0.00,0.00,0.00,499.00,NOS,NOS,NOS,1,0.000,1311.00,,,0.000,,,,,,3738,1,,
1293,P-1293,Gobind 1440,34,,,,440.00,775.00,20.00,0.00,0.00,0.00,499.00,NOS,NOS,NOS,1,0.000,1320.00,,,0.000,,,,,,3743,1,,
1816,P-1816,Gobind 1442,34,,,,442.00,775.00,20.00,0.00,0.00,0.00,499.00,NOS,NOS,NOS,1,0.000,1326.00,,,0.000,,,,,,4374,1,,
2039,P-2039,Gobind 1443,34,,,,443.00,750.00,20.00,0.00,0.00,0.00,499.00,NOS,NOS,NOS,1,0.000,1329.00,,,0.000,,,,,,4623,1,,
3608,P-3608,GOBIND 1447,3,,,,447.00,775.00,20.00,0.00,0.00,0.00,499.00,NOS,NOS,NOS,1,0.000,1341.00,,,0.000,,,,,,6292,1,,
1292,P-1292,Gobind 1448,34,,,,448.00,775.00,20.00,0.00,0.00,0.00,499.00,NOS,NOS,NOS,1,0.000,1344.00,,,0.000,,,,,,3742,1,,
1302,P-1302,Gobind 1449,34,,,,449.00,788.00,20.00,0.00,0.00,0.00,499.00,NOS,NOS,NOS,1,0.000,1347.00,,,0.000,,,,,,3752,1,,
2301,P-2301,Gobind 1450,34,,,,450.00,775.00,20.00,0.00,0.00,0.00,499.00,NOS,NOS,NOS,1,0.000,1350.00,,,0.000,,,,,,4886,1,,
3072,P-3072,Gobind 1452,34,,,,452.00,775.00,20.00,0.00,0.00,0.00,499.00,NOS,NOS,NOS,1,0.000,1356.00,,,0.000,,,,,,5769,1,,
1291,P-1291,Gobind 1454,34,,,,454.00,800.00,20.00,0.00,0.00,0.00,499.00,NOS,NOS,NOS,1,0.000,1362.00,,,0.000,,,,,,3741,1,,
3051,P-3051,Gobind 1455,34,,,,455.00,775.00,20.00,0.00,0.00,0.00,499.00,NOS,NOS,NOS,1,0.000,1365.00,,,0.000,,,,,,5793,1,,
1813,P-1813,gobind 1460,34,,,,460.00,825.00,20.00,0.00,0.00,0.00,499.00,NOS,NOS,NOS,1,0.000,1380.00,,,0.000,,,,,,4371,1,,
1817,P-1817,gobind 1465,34,,,,465.00,815.00,20.00,0.00,0.00,0.00,499.00,NOS,NOS,NOS,1,0.000,1395.00,,,0.000,,,,,,4375,1,,
1828,P-1828,Gobind 1466,34,,,,466.00,815.00,20.00,0.00,0.00,0.00,499.00,NOS,NOS,NOS,1,0.000,1398.00,,,0.000,,,,,,4387,1,,
2766,P-2766,Gobind 1467,34,,,,467.00,800.00,20.00,0.00,0.00,0.00,499.00,NOS,NOS,NOS,1,0.000,1401.00,,,0.000,,,,,,5384,1,,
1307,P-1307,Gobind 1469,34,,,,469.00,640.00,20.00,0.00,0.00,0.00,499.00,NOS,NOS,NOS,1,0.000,800.00,,,0.000,,,,,,3757,1,,
1308,P-1308,Gobind 1470,34,,,,470.00,825.00,20.00,0.00,0.00,0.00,499.00,NOS,NOS,NOS,1,0.000,1410.00,,,0.000,,,,,,3758,1,,
1309,P-1309,Gobind 1471,34,,,,471.00,825.00,20.00,0.00,0.00,0.00,499.00,NOS,NOS,NOS,1,0.000,1410.00,,,0.000,,,,,,3759,1,,
1310,P-1310,Gobind 1476,34,,,,476.00,850.00,20.00,0.00,0.00,0.00,499.00,NOS,NOS,NOS,1,0.000,1437.00,,,0.000,,,,,,3760,1,,
1836,P-1836,Gobind 1477,34,,,,477.00,850.00,20.00,0.00,0.00,0.00,499.00,NOS,NOS,NOS,1,0.000,1431.00,,,0.000,,,,,,4395,1,,
1835,P-1835,Gobind 1478,34,,,,478.00,850.00,20.00,0.00,0.00,0.00,499.00,NOS,NOS,NOS,1,0.000,1434.00,,,0.000,,,,,,4394,1,,
1814,P-1814,gobind 1480,34,,,,480.00,850.00,20.00,0.00,0.00,0.00,489.00,NOS,NOS,NOS,1,0.000,1440.00,,,0.000,,,,,,4372,1,,
1311,P-1311,Gobind 1482,34,,,,482.00,850.00,20.00,0.00,0.00,0.00,499.00,NOS,NOS,NOS,1,0.000,1440.00,,,0.000,,,,,,3761,1,,
2739,P-2739,Gobind 1483,34,,,,483.00,850.00,20.00,0.00,0.00,0.00,499.00,NOS,NOS,NOS,1,0.000,1449.00,,,0.000,,,,,,5356,1,,
2762,P-2762,Gobind 1485,34,,,,485.00,825.00,20.00,0.00,0.00,0.00,499.00,NOS,NOS,NOS,1,0.000,1455.00,,,0.000,,,,,,5380,1,,
1312,P-1312,Gobind 1487,34,,,,487.00,850.00,20.00,0.00,0.00,0.00,499.00,NOS,NOS,NOS,1,0.000,1461.00,,,0.000,,,,,,3762,1,,
2737,P-2737,Gobind 1489,34,,,,489.00,850.00,20.00,0.00,0.00,0.00,499.00,NOS,NOS,NOS,1,0.000,1467.00,,,0.000,,,,,,5354,1,,
1294,P-1294,Gobind 1490,34,,,,490.00,850.00,20.00,0.00,0.00,0.00,499.00,NOS,NOS,NOS,1,0.000,1470.00,,,0.000,,,,,,3744,1,,
1298,P-1298,Gobind 1493,34,,,,493.00,850.00,20.00,0.00,0.00,0.00,499.00,NOS,NOS,NOS,1,0.000,1479.00,,,0.000,,,,,,3748,1,,
1834,P-1834,Gobind 1499,34,,,,499.00,875.00,20.00,0.00,0.00,0.00,599.00,NOS,NOS,NOS,1,0.000,1497.00,,,0.000,,,,,,4393,1,,
2302,P-2302,Gobind 1500,34,,,,500.00,850.00,20.00,0.00,0.00,0.00,599.00,NOS,NOS,NOS,1,0.000,1500.00,,,0.000,,,,,,4887,1,,
2757,P-2757,Gobind 1502,34,,,,502.00,875.00,20.00,0.00,0.00,0.00,599.00,NOS,NOS,NOS,1,0.000,1506.00,,,0.000,,,,,,5375,1,,
1313,P-1313,Gobind 1504,34,,,,504.00,875.00,20.00,0.00,0.00,0.00,599.00,NOS,NOS,NOS,1,0.000,1512.00,,,0.000,,,,,,3763,1,,
1837,P-1837,Gobind 1505,34,,,,505.00,888.00,20.00,0.00,0.00,0.00,599.00,NOS,NOS,NOS,1,0.000,1515.00,,,0.000,,,,,,4397,1,,
2749,P-2749,Gobind 1506,34,,,,506.00,875.00,20.00,0.00,0.00,0.00,599.00,NOS,NOS,NOS,1,0.000,1518.00,,,0.000,,,,,,5366,1,,
1827,P-1827,Gobind 1510,34,,,,510.00,900.00,20.00,0.00,0.00,0.00,599.00,NOS,NOS,NOS,1,0.000,1530.00,,,0.000,,,,,,4386,1,,
2657,P-2657,Gobind 1512,21,,,,512.00,875.00,20.00,0.00,0.00,0.00,599.00,NOS,NOS,NOS,1,0.000,1536.00,,,0.000,,,,,,5245,1,,
1287,P-1287,Gobind 1515,45,,,,515.00,888.00,20.00,0.00,0.00,0.00,599.00,NOS,NOS,NOS,1,0.000,1545.00,,,0.000,,,,,,3737,1,,
2068,P-2068,Gobind 1516,34,,,,516.00,875.00,20.00,0.00,0.00,0.00,599.00,NOS,NOS,NOS,1,0.000,1538.00,,,0.000,,,,,,4653,1,,
2745,P-2745,Gobind 1517,34,,,,517.00,875.00,20.00,0.00,0.00,0.00,599.00,NOS,NOS,NOS,1,0.000,1551.00,,,0.000,,,,,,5362,1,,
2659,P-2659,Gobind 1520,21,,,,520.00,900.00,20.00,0.00,0.00,0.00,599.00,NOS,NOS,NOS,1,0.000,1560.00,,,0.000,,,,,,5248,1,,
1314,P-1314,Gobind 1521,34,,,,521.00,900.00,20.00,0.00,0.00,0.00,599.00,NOS,NOS,NOS,1,0.000,1563.00,,,0.000,,,,,,3764,1,,
2763,P-2763,Gobind 1522,34,,,,522.00,900.00,20.00,0.00,0.00,0.00,599.00,NOS,NOS,NOS,1,0.000,1566.00,,,0.000,,,,,,5381,1,,
2057,P-2057,Gobind 1525,34,,,,525.00,900.00,20.00,0.00,0.00,0.00,599.00,NOS,NOS,NOS,1,0.000,1575.00,,,0.000,,,,,,4642,1,,
1318,P-1318,Gobind 1527,34,,,,527.00,900.00,20.00,0.00,0.00,0.00,599.00,NOS,NOS,NOS,1,0.000,1581.00,,,0.000,,,,,,3768,1,,
3607,P-3607,GOBIND 1529,3,,,,529.00,900.00,20.00,0.00,0.00,0.00,599.00,NOS,NOS,NOS,1,0.000,1587.00,,,0.000,,,,,,6291,1,,
3052,P-3052,Gobind 1530,34,,,,530.00,900.00,20.00,0.00,0.00,0.00,599.00,NOS,NOS,NOS,1,0.000,1590.00,,,0.000,,,,,,5792,1,,
1319,P-1319,Gobind 1532,34,,,,532.00,740.00,20.00,0.00,0.00,0.00,599.00,NOS,NOS,NOS,1,0.000,925.00,,,0.000,,,,,,3769,1,,
2738,P-2738,Gobind 1534,34,,,,534.00,925.00,20.00,0.00,0.00,0.00,599.00,NOS,NOS,NOS,1,0.000,1602.00,,,0.000,,,,,,5355,1,,
1851,P-1851,Gobind 1538,34,,,,538.00,950.00,20.00,0.00,0.00,0.00,599.00,NOS,NOS,NOS,1,0.000,1614.00,,,0.000,,,,,,4411,1,,
3603,P-3603,GOBIND 1539,34,,,,539.00,925.00,20.00,0.00,0.00,0.00,599.00,NOS,NOS,NOS,1,0.000,1617.00,,,0.000,,,,,,6287,1,,
3073,P-3073,Gobind 1540,34,,,,540.00,925.00,20.00,0.00,0.00,0.00,599.00,NOS,NOS,NOS,1,0.000,1620.00,,,0.000,,,,,,5768,1,,
2300,P-2300,Gobind 1543,34,,,,543.00,925.00,20.00,0.00,0.00,0.00,599.00,NOS,NOS,NOS,1,0.000,1629.00,,,0.000,,,,,,4885,1,,
2747,P-2747,Gobind 1545,34,,,,545.00,950.00,20.00,0.00,0.00,0.00,599.00,NOS,NOS,NOS,1,0.000,1635.00,,,0.000,,,,,,5364,1,,
1317,P-1317,Gobind 1548,34,,,,548.00,760.00,20.00,0.00,0.00,0.00,599.00,NOS,NOS,NOS,1,0.000,950.00,,,0.000,,,,,,3767,1,,
3597,P-3597,GOBIND 1549,34,,,,549.00,950.00,20.00,0.00,0.00,0.00,599.00,NOS,NOS,NOS,1,0.000,1647.00,,,0.000,,,,,,6280,1,,
1853,P-1853,Gobind 1550,34,,,,550.00,975.00,20.00,0.00,0.00,0.00,599.00,NOS,NOS,NOS,1,0.000,1650.00,,,0.000,,,,,,4413,1,,
2741,P-2741,Gobind 1551,34,,,,551.00,950.00,20.00,0.00,0.00,0.00,599.00,NOS,NOS,NOS,1,0.000,1653.00,,,0.000,,,,,,5358,1,,
1289,P-1289,Gobind 1555,34,,,,555.00,975.00,20.00,0.00,0.00,0.00,599.00,NOS,NOS,NOS,1,0.000,1665.00,,,0.000,,,,,,3739,1,,
3601,P-3601,GOBIND 1557,34,,,,557.00,950.00,20.00,0.00,0.00,0.00,599.00,NOS,NOS,NOS,1,0.000,1671.00,,,0.000,,,,,,6285,1,,
1829,P-1829,Gobind 1560,34,,,,560.00,988.00,20.00,0.00,0.00,0.00,599.00,NOS,NOS,NOS,1,0.000,1680.00,,,0.000,,,,,,4388,1,,
2740,P-2740,Gobind 1562,34,,,,562.00,975.00,20.00,0.00,0.00,0.00,599.00,NOS,NOS,NOS,1,0.000,1686.00,,,0.000,,,,,,5357,1,,
1824,P-1824,Gobind 1566,34,,,,566.00,1000.00,20.00,0.00,0.00,0.00,599.00,NOS,NOS,NOS,1,0.000,1698.00,,,0.000,,,,,,4383,1,,
2736,P-2736,Gobind 1567,34,,,,567.00,975.00,20.00,0.00,0.00,0.00,599.00,NOS,NOS,NOS,1,0.000,1701.00,,,0.000,,,,,,5352,1,,
1316,P-1316,Gobind 1572,34,,,,572.00,988.00,20.00,0.00,0.00,0.00,599.00,NOS,NOS,NOS,1,0.000,1710.00,,,0.000,,,,,,3766,1,,
3602,P-3602,GOBIND 1573,34,,,,573.00,975.00,20.00,0.00,0.00,0.00,599.00,NOS,NOS,NOS,1,0.000,1719.00,,,0.000,,,,,,6286,1,,
2760,P-2760,Gobind 1574,34,,,,574.00,975.00,20.00,0.00,0.00,0.00,599.00,NOS,NOS,NOS,1,0.000,1722.00,,,0.000,,,,,,5378,1,,
3609,P-3609,GOBIND 1575,3,,,,575.00,1000.00,20.00,0.00,0.00,0.00,599.00,NOS,NOS,NOS,1,0.000,1671.00,,,0.000,,,,,,6293,1,,
2069,P-2069,Gobind 1576,34,,,,576.00,1000.00,20.00,0.00,0.00,0.00,599.00,NOS,NOS,NOS,1,0.000,1728.00,,,0.000,,,,,,4654,1,,
2048,P-2048,Gobind 1580,34,,,,580.00,988.00,20.00,0.00,0.00,0.00,599.00,NOS,NOS,NOS,1,0.000,1740.00,,,0.000,,,,,,4633,1,,
1315,P-1315,Gobind 1582,34,,,,582.00,800.00,20.00,0.00,0.00,0.00,599.00,NOS,NOS,NOS,1,0.000,999.00,,,0.000,,,,,,3765,1,,
3049,P-3049,Gobind 1590,34,,,,590.00,1000.00,20.00,0.00,0.00,0.00,599.00,NOS,NOS,NOS,1,0.000,1770.00,,,0.000,,,,,,5796,1,,
3048,P-3048,Gobind 1595,34,,,,595.00,1025.00,20.00,0.00,0.00,0.00,599.00,NOS,NOS,NOS,1,0.000,1785.00,,,0.000,,,,,,5797,1,,
2748,P-2748,Gobind 1602,34,,,,602.00,1025.00,20.00,0.00,0.00,0.00,699.00,NOS,NOS,NOS,1,0.000,1806.00,,,0.000,,,,,,5365,1,,
2759,P-2759,Gobind 1607,34,,,,607.00,1050.00,20.00,0.00,0.00,0.00,699.00,NOS,NOS,NOS,1,0.000,1821.00,,,0.000,,,,,,5377,1,,
1838,P-1838,Gobind 1610,34,,,,610.00,1088.00,20.00,0.00,0.00,0.00,699.00,NOS,NOS,NOS,1,0.000,1830.00,,,0.000,,,,,,4398,1,,
3596,P-3596,GOBIND 1613,34,,,,613.00,1050.00,20.00,0.00,0.00,0.00,699.00,NOS,NOS,NOS,1,0.000,1839.00,,,0.000,,,,,,6279,1,,
2761,P-2761,Gobind 1619,34,,,,619.00,1050.00,20.00,0.00,0.00,0.00,699.00,NOS,NOS,NOS,1,0.000,1875.00,,,0.000,,,,,,5379,1,,
1852,P-1852,Gobind 1622,34,,,,622.00,1088.00,20.00,0.00,0.00,0.00,699.00,NOS,NOS,NOS,1,0.000,1866.00,,,0.000,,,,,,4412,1,,
3598,P-3598,GOBIND 1628,34,,,,628.00,1088.00,20.00,0.00,0.00,0.00,699.00,NOS,NOS,NOS,1,0.000,1884.00,,,0.000,,,,,,6282,1,,
3055,P-3055,Gobind 1630,34,,,,630.00,1088.00,20.00,0.00,0.00,0.00,699.00,NOS,NOS,NOS,1,0.000,1890.00,,,0.000,,,,,,5789,1,,
3054,P-3054,Gobind 1640,34,,,,640.00,1088.00,20.00,0.00,0.00,0.00,699.00,NOS,NOS,NOS,1,0.000,1920.00,,,0.000,,,,,,5790,1,,
3059,P-3059,Gobind 1647,34,,,,647.00,1100.00,20.00,0.00,0.00,0.00,699.00,NOS,NOS,NOS,1,0.000,1941.00,,,0.000,,,,,,5783,1,,
2656,P-2656,Gobind 1649,21,,,,649.00,1100.00,20.00,0.00,0.00,0.00,699.00,NOS,NOS,NOS,1,0.000,1947.00,,,0.000,,,,,,5246,1,,
3595,P-3595,Gobind 1650,3,,,,650.00,1125.00,20.00,0.00,0.00,0.00,699.00,NOS,NOS,NOS,1,0.000,1950.00,,,0.000,,,,,,6276,1,,
3050,P-3050,Gobind 1658,34,,,,658.00,1125.00,20.00,0.00,0.00,0.00,699.00,NOS,NOS,NOS,1,0.000,1974.00,,,0.000,,,,,,5795,1,,
3058,P-3058,Gobind 1661,34,,,,661.00,1125.00,20.00,0.00,0.00,0.00,699.00,NOS,NOS,NOS,1,0.000,1983.00,,,0.000,,,,,,5786,1,,
3057,P-3057,Gobind 1665,34,,,,665.00,1150.00,20.00,0.00,0.00,0.00,699.00,NOS,NOS,NOS,1,0.000,1995.00,,,0.000,,,,,,5787,1,,
3071,P-3071,Gobind 1670,34,,,,670.00,1150.00,20.00,0.00,0.00,0.00,699.00,NOS,NOS,NOS,1,0.000,2010.00,,,0.000,,,,,,5770,1,,
2744,P-2744,Gobind 1675,34,,,,675.00,1150.00,20.00,0.00,0.00,0.00,699.00,NOS,NOS,NOS,1,0.000,2025.00,,,0.000,,,,,,5361,1,,
3064,P-3064,Gobind 1680,34,,,,680.00,1175.00,20.00,0.00,0.00,0.00,699.00,NOS,NOS,NOS,1,0.000,2040.00,,,0.000,,,,,,5778,1,,
2049,P-2049,Gobind 1690,34,,,,690.00,1188.00,20.00,0.00,0.00,0.00,699.00,NOS,NOS,NOS,1,0.000,2070.00,,,0.000,,,,,,4634,1,,
2311,P-2311,Gobind 1700,34,,,,700.00,1200.00,20.00,0.00,0.00,0.00,799.00,NOS,NOS,NOS,1,0.000,2100.00,,,0.000,,,,,,4896,1,,
3053,P-3053,Gobind 1713,34,,,,713.00,1225.00,20.00,0.00,0.00,0.00,799.00,NOS,NOS,NOS,1,0.000,2139.00,,,0.000,,,,,,5791,1,,
3605,P-3605,GOBIND 1715,3,,,,715.00,1225.00,20.00,0.00,0.00,0.00,799.00,NOS,NOS,NOS,1,0.000,2145.00,,,0.000,,,,,,6289,1,,
3600,P-3600,GOBIND 1720,3,,,,720.00,1225.00,20.00,0.00,0.00,0.00,799.00,NOS,NOS,NOS,1,0.000,2160.00,,,0.000,,,,,,6284,1,,
3056,P-3056,Gobind 1726,34,,,,726.00,1250.00,20.00,0.00,0.00,0.00,799.00,NOS,NOS,NOS,1,0.000,2178.00,,,0.000,,,,,,5788,1,,
3074,P-3074,Gobind 1730,34,,,,730.00,1250.00,20.00,0.00,0.00,0.00,799.00,NOS,NOS,NOS,1,0.000,2190.00,,,0.000,,,,,,5767,1,,
1832,P-1832,Gobind 1770,34,,,,770.00,1350.00,20.00,0.00,0.00,0.00,799.00,NOS,NOS,NOS,1,0.000,2310.00,,,0.000,,,,,,4391,1,,
3612,P-3612,Gobind 1778,34,,,,778.00,1350.00,20.00,0.00,0.00,0.00,799.00,NOS,NOS,NOS,1,0.000,2334.00,,,0.000,,,,,,6296,1,,
2056,P-2056,Gobind 1790,34,,,,790.00,1350.00,20.00,0.00,0.00,0.00,799.00,NOS,NOS,NOS,1,0.000,2370.00,,,0.000,,,,,,4641,1,,
2050,P-2050,Gobind 1855,34,,,,855.00,1450.00,20.00,0.00,0.00,0.00,899.00,NOS,NOS,NOS,1,0.000,2565.00,,,0.000,,,,,,4635,1,,
3606,P-3606,GOBIND 1860,3,,,,860.00,1475.00,20.00,0.00,0.00,0.00,899.00,NOS,NOS,NOS,1,0.000,2580.00,,,0.000,,,,,,6290,1,,
2769,P-2769,Gobind 1975,34,,,,975.00,1700.00,20.00,0.00,0.00,0.00,999.00,NOS,NOS,NOS,1,0.000,2925.00,,,0.000,,,,,,5388,1,,
3488,P-3488,Gobind 1995,3,,,,995.00,1750.75,20.00,0.00,0.00,0.00,999.00,NOS,NOS,NOS,1,0.000,2985.00,,,0.000,,,,,,6171,1,,
1859,P-1859,Gobind 5 piece 11025,90,,,,1025.00,2050.00,20.00,0.00,0.00,0.00,1029.00,NOS,NOS,NOS,1,0.000,3075.00,,,0.000,,,,,,4476,1,,
3614,P-3614,Gobind 5 piece 11080,90,,,,1080.00,2175.00,20.00,0.00,0.00,0.00,1099.00,NOS,NOS,NOS,1,0.000,3240.00,,,0.000,,,,,,6298,1,,
3483,P-3483,Gobind 5 piece 11150,9,,,,1150.00,2300.00,20.00,0.00,0.00,0.00,1199.00,NOS,NOS,NOS,1,0.000,3450.00,,,0.000,,,,,,6164,1,,
1858,P-1858,Gobind 5 piece 11175,90,,,,1175.00,2350.00,20.00,0.00,0.00,0.00,1179.00,NOS,NOS,NOS,1,0.000,3525.00,,,0.000,,,,,,4475,1,,
2043,P-2043,Gobind 5 piece 11190,90,,,,1190.00,2050.00,20.00,0.00,0.00,0.00,1199.00,NOS,NOS,NOS,1,0.000,3570.00,,,0.000,,,,,,4628,1,,
2042,P-2042,Gobind 5 piece 11200,90,,,,1200.00,2400.00,20.00,0.00,0.00,0.00,1299.00,NOS,NOS,NOS,1,0.000,3600.00,,,0.000,,,,,,4627,1,,
2041,P-2041,Gobind 5 piece 11330,90,,,,1330.00,2650.00,20.00,0.00,0.00,0.00,1399.00,NOS,NOS,NOS,1,0.000,3990.00,,,0.000,,,,,,4625,1,,
2040,P-2040,Gobind 5 piece 11350,90,,,,1350.00,2700.00,20.00,0.00,0.00,0.00,1399.00,NOS,NOS,NOS,1,0.000,4050.00,,,0.000,,,,,,4624,1,,
3615,P-3615,Gobind 5 piece 11360,89,,,,1360.00,3000.00,20.00,0.00,0.00,0.00,1399.00,NOS,NOS,NOS,1,0.000,4080.00,,,0.000,,,,,,6299,1,,
1861,P-1861,Gobind 5 piece 11430,90,,,,1430.00,2860.00,20.00,0.00,0.00,0.00,1449.00,NOS,NOS,NOS,1,0.000,4290.00,,,0.000,,,,,,4478,1,,
3486,P-3486,Gobind 5 piece 11430.5,9,,,,1430.00,3000.00,20.00,0.00,0.00,0.00,1499.00,NOS,NOS,NOS,1,0.000,4290.00,,,0.000,,,,,,6167,1,,
491,P-0491,Gobind 5 piece 11490,90,,,,1490.00,3000.00,20.00,0.00,0.00,0.00,1800.00,NOS,NOS,NOS,1,0.000,4470.00,,,0.000,,,,,,2559,1,,
491,P-0491,Gobind 5 piece 11490,90,,,,1490.00,3000.00,20.00,0.00,0.00,0.00,1800.00,NOS,NOS,NOS,1,0.000,4470.00,,,0.000,,,,,,2560,1,,
2323,P-2323,Gobind 5 piece 11500,89,,,,1500.00,3000.00,20.00,0.00,0.00,0.00,1699.00,NOS,NOS,NOS,1,0.000,4500.00,,,0.000,,,,,,4910,1,,
3484,P-3484,gobind 5 piece 11550,90,,,,1550.00,3125.00,20.00,0.00,0.00,0.00,1669.00,NOS,NOS,NOS,1,0.000,4650.00,,,0.000,,,,,,6165,1,,
2321,P-2321,Gobind 5 piece 11625,89,,,,1625.00,3250.00,20.00,0.00,0.00,0.00,1799.00,NOS,NOS,NOS,1,0.000,4875.00,,,0.000,,,,,,4908,1,,
2322,P-2322,Gobind 5 piece 11660,89,,,,1660.00,3325.00,20.00,0.00,0.00,0.00,1699.00,NOS,NOS,NOS,1,0.000,4980.00,,,0.000,,,,,,4909,1,,
2318,P-2318,Gobind 5 piece 11670,89,,,,1670.00,3350.00,20.00,0.00,0.00,0.00,1799.00,NOS,NOS,NOS,1,0.000,5010.00,,,0.000,,,,,,4905,1,,
2317,P-2317,Gobind 5 piece 11675,89,,,,1675.00,3350.00,20.00,0.00,0.00,0.00,1799.00,NOS,NOS,NOS,1,0.000,5025.00,,,0.000,,,,,,4904,1,,
3485,P-3485,Gobind 5 piece 11680,9,,,,1680.00,3375.00,20.00,0.00,0.00,0.00,1699.00,NOS,NOS,NOS,1,0.000,5040.00,,,0.000,,,,,,6166,1,,
3482,P-3482,Gobind 5 piece 11780,9,,,,1780.00,3575.00,20.00,0.00,0.00,0.00,1799.00,NOS,NOS,NOS,1,0.000,5340.00,,,0.000,,,,,,6163,1,,
3613,P-3613,Gobind 5 piece 11790,89,,,,1790.00,3588.00,20.00,0.00,0.00,0.00,1799.00,NOS,NOS,NOS,1,0.000,5370.00,,,0.000,,,,,,6297,1,,
2047,P-2047,Gobind 5 piece 1700,90,,,,700.00,1400.00,20.00,0.00,0.00,0.00,799.00,NOS,NOS,NOS,1,0.000,2100.00,,,0.000,,,,,,4632,1,,
488,P-0488,Gobind 5 piece 1860,90,,,,860.00,1380.00,20.00,0.00,0.00,0.00,1000.00,NOS,NOS,NOS,1,0.000,1725.00,,,0.000,,,,,,2553,1,,
488,P-0488,Gobind 5 piece 1860,90,,,,860.00,1380.00,20.00,0.00,0.00,0.00,1000.00,NOS,NOS,NOS,1,0.000,1725.00,,,0.000,,,,,,2554,1,,
489,P-0489,Gobind 5 piece 1920,90,,,,920.00,1480.00,20.00,0.00,0.00,0.00,1100.00,NOS,NOS,NOS,1,0.000,1850.00,,,0.000,,,,,,2555,1,,
489,P-0489,Gobind 5 piece 1920,90,,,,920.00,1480.00,20.00,0.00,0.00,0.00,1100.00,NOS,NOS,NOS,1,0.000,1850.00,,,0.000,,,,,,2556,1,,
1860,P-1860,Gobind 5 piece 1975,90,,,,975.00,1950.00,20.00,0.00,0.00,0.00,999.00,NOS,NOS,NOS,1,0.000,2925.00,,,0.000,,,,,,4477,1,,
490,P-0490,Gobind 5 piece 1980,90,,,,980.00,1632.00,20.00,0.00,0.00,0.00,1200.00,NOS,NOS,NOS,1,0.000,2040.00,,,0.000,,,,,,2557,1,,
490,P-0490,Gobind 5 piece 1980,90,,,,980.00,1632.00,20.00,0.00,0.00,0.00,1200.00,NOS,NOS,NOS,1,0.000,2040.00,,,0.000,,,,,,2558,1,,
195,P-0195,Gobind baba suit OP stock,34,gbb,,,380.00,520.00,20.00,0.00,0.00,0.00,300.00,NOS,NOS,NOS,1,0.000,650.00,,,5.000,,,,,,1442,1,,
195,P-0195,Gobind baba suit OP stock,34,gbb,,,380.00,520.00,20.00,0.00,0.00,0.00,300.00,NOS,NOS,NOS,1,0.000,650.00,,,2.000,,,,,,1443,1,,
195,P-0195,Gobind baba suit OP stock,34,gbb,,,380.00,520.00,20.00,0.00,0.00,0.00,300.00,NOS,NOS,NOS,1,0.000,650.00,,,4.000,,,,,,1444,1,,
195,P-0195,Gobind baba suit OP stock,34,gbb,,,380.00,520.00,20.00,0.00,0.00,0.00,300.00,NOS,NOS,NOS,1,0.000,650.00,,,1.000,,,,,,1445,1,,
195,P-0195,Gobind baba suit OP stock,34,gbb,,,380.00,520.00,20.00,0.00,0.00,0.00,300.00,NOS,NOS,NOS,1,0.000,650.00,,,1.000,,,,,,1446,1,,
195,P-0195,Gobind baba suit OP stock,34,gbb,,,380.00,520.00,20.00,0.00,0.00,0.00,300.00,NOS,NOS,NOS,1,0.000,650.00,,,1.000,,,,,,1447,1,,
195,P-0195,Gobind baba suit OP stock,34,gbb,,,380.00,520.00,20.00,0.00,0.00,0.00,300.00,NOS,NOS,NOS,1,0.000,650.00,,,1.000,,,,,,1448,1,,
195,P-0195,Gobind baba suit OP stock,34,gbb,,,380.00,520.00,20.00,0.00,0.00,0.00,300.00,NOS,NOS,NOS,1,0.000,650.00,,,1.000,,,,,,1449,1,,
206,P-0206,Gobind baba suit OP stock,34,gbb,,,700.00,1140.00,20.00,0.00,0.00,0.00,999.00,NOS,NOS,NOS,1,0.000,1425.00,,,1.000,,,,3,,1505,1,,
206,P-0206,Gobind baba suit OP stock,34,gbb,,,700.00,1140.00,20.00,0.00,0.00,0.00,999.00,NOS,NOS,NOS,1,0.000,1425.00,,,2.000,,,,10,,1506,1,,
206,P-0206,Gobind baba suit OP stock,34,gbb,,,700.00,1140.00,20.00,0.00,0.00,0.00,999.00,NOS,NOS,NOS,1,0.000,1425.00,,,1.000,,,,10,,1507,1,,
206,P-0206,Gobind baba suit OP stock,34,gbb,,,700.00,1140.00,20.00,0.00,0.00,0.00,999.00,NOS,NOS,NOS,1,0.000,1425.00,,,1.000,,,,9,,1508,1,,
206,P-0206,Gobind baba suit OP stock,34,gbb,,,700.00,1140.00,20.00,0.00,0.00,0.00,999.00,NOS,NOS,NOS,1,0.000,1425.00,,,1.000,,,,9,,1509,1,,
206,P-0206,Gobind baba suit OP stock,34,gbb,,,700.00,1140.00,20.00,0.00,0.00,0.00,999.00,NOS,NOS,NOS,1,0.000,1425.00,,,2.000,,,,9,,1510,1,,
206,P-0206,Gobind baba suit OP stock,34,gbb,,,700.00,1140.00,20.00,0.00,0.00,0.00,999.00,NOS,NOS,NOS,1,0.000,1425.00,,,2.000,,,,8,,1511,1,,
206,P-0206,Gobind baba suit OP stock,34,gbb,,,700.00,1140.00,20.00,0.00,0.00,0.00,999.00,NOS,NOS,NOS,1,0.000,1425.00,,,3.000,,,,8,,1512,1,,
206,P-0206,Gobind baba suit OP stock,34,gbb,,,700.00,1140.00,20.00,0.00,0.00,0.00,999.00,NOS,NOS,NOS,1,0.000,1425.00,,,1.000,,,,8,,1513,1,,
206,P-0206,Gobind baba suit OP stock,34,gbb,,,700.00,1140.00,20.00,0.00,0.00,0.00,999.00,NOS,NOS,NOS,1,0.000,1425.00,,,3.000,,,,7,,1514,1,,
206,P-0206,Gobind baba suit OP stock,34,gbb,,,700.00,1140.00,20.00,0.00,0.00,0.00,999.00,NOS,NOS,NOS,1,0.000,1425.00,,,2.000,,,,7,,1515,1,,
206,P-0206,Gobind baba suit OP stock,34,gbb,,,700.00,1140.00,20.00,0.00,0.00,0.00,999.00,NOS,NOS,NOS,1,0.000,1425.00,,,1.000,,,,7,,1516,1,,
206,P-0206,Gobind baba suit OP stock,34,gbb,,,700.00,1140.00,20.00,0.00,0.00,0.00,999.00,NOS,NOS,NOS,1,0.000,1425.00,,,1.000,,,,7,,1517,1,,
206,P-0206,Gobind baba suit OP stock,34,gbb,,,700.00,1140.00,20.00,0.00,0.00,0.00,999.00,NOS,NOS,NOS,1,0.000,1425.00,,,1.000,,,,6,,1518,1,,
206,P-0206,Gobind baba suit OP stock,34,gbb,,,700.00,1140.00,20.00,0.00,0.00,0.00,999.00,NOS,NOS,NOS,1,0.000,1425.00,,,1.000,,,,6,,1519,1,,
206,P-0206,Gobind baba suit OP stock,34,gbb,,,700.00,1140.00,20.00,0.00,0.00,0.00,999.00,NOS,NOS,NOS,1,0.000,1425.00,,,1.000,,,,6,,1520,1,,
206,P-0206,Gobind baba suit OP stock,34,gbb,,,700.00,1140.00,20.00,0.00,0.00,0.00,999.00,NOS,NOS,NOS,1,0.000,1425.00,,,1.000,,,,4,,1521,1,,
206,P-0206,Gobind baba suit OP stock,34,gbb,,,700.00,1140.00,20.00,0.00,0.00,0.00,999.00,NOS,NOS,NOS,1,0.000,1425.00,,,1.000,,,,16,,1522,1,,
206,P-0206,Gobind baba suit OP stock,34,gbb,,,700.00,1140.00,20.00,0.00,0.00,0.00,999.00,NOS,NOS,NOS,1,0.000,1425.00,,,3.000,,,,,,1523,1,,
206,P-0206,Gobind baba suit OP stock,34,gbb,,,700.00,1140.00,20.00,0.00,0.00,0.00,999.00,NOS,NOS,NOS,1,0.000,1425.00,,,1.000,,,,34,,1524,1,,
206,P-0206,Gobind baba suit OP stock,34,gbb,,,700.00,1140.00,20.00,0.00,0.00,0.00,999.00,NOS,NOS,NOS,1,0.000,1425.00,,,1.000,,,,34,,1525,1,,
206,P-0206,Gobind baba suit OP stock,34,gbb,,,700.00,1140.00,20.00,0.00,0.00,0.00,999.00,NOS,NOS,NOS,1,0.000,1425.00,,,2.000,,,,34,,1526,1,,
206,P-0206,Gobind baba suit OP stock,34,gbb,,,700.00,1140.00,20.00,0.00,0.00,0.00,999.00,NOS,NOS,NOS,1,0.000,1425.00,,,1.000,,,,36,,1527,1,,
206,P-0206,Gobind baba suit OP stock,34,gbb,,,700.00,1140.00,20.00,0.00,0.00,0.00,999.00,NOS,NOS,NOS,1,0.000,1425.00,,,1.000,,,,22,,1528,1,,
206,P-0206,Gobind baba suit OP stock,34,gbb,,,700.00,1140.00,20.00,0.00,0.00,0.00,999.00,NOS,NOS,NOS,1,0.000,1425.00,,,1.000,,,,32,,1529,1,,
2038,P-2038,Gobind Blazer 11230,114,,,,1230.00,2100.00,20.00,0.00,0.00,0.00,1299.00,NOS,NOS,NOS,1,0.000,3690.00,,,0.000,,,,,,4622,1,,
2037,P-2037,Gobind Blazer 1775,114,,,,775.00,1375.00,20.00,0.00,0.00,0.00,799.00,NOS,NOS,NOS,1,0.000,2325.00,,,0.000,,,,,,4621,1,,
2319,P-2319,Gobind blazer 1775,89,,,,775.00,1550.00,20.00,0.00,0.00,0.00,799.00,NOS,NOS,NOS,1,0.000,2325.00,,,0.000,,,,,,4906,1,,
1372,P-1372,Gobind Blazer 1800,114,,,,800.00,1280.00,0.00,0.00,0.00,0.00,899.00,NOS,NOS,NOS,1,0.000,1600.00,,,0.000,,,,,,3823,1,,
1371,P-1371,Gobind Blazer 1850,114,,,,850.00,1280.00,0.00,0.00,0.00,0.00,899.00,NOS,NOS,NOS,1,0.000,1600.00,,,0.000,,,,,,3822,1,,
2320,P-2320,Gobind Blazer 1910,89,,,,910.00,1825.00,20.00,0.00,0.00,0.00,999.00,NOS,NOS,NOS,1,0.000,2730.00,,,0.000,,,,,,4907,1,,
1272,P-1272,Gobind dangri 1170,34,,,,170.00,260.00,20.00,0.00,0.00,0.00,199.00,NOS,NOS,NOS,1,0.000,325.00,,,0.000,,,,,,3722,1,,
1271,P-1271,Gobind dangri 1187,34,,,,187.00,280.00,20.00,0.00,0.00,0.00,199.00,NOS,NOS,NOS,1,0.000,350.00,,,0.000,,,,,,3721,1,,
1270,P-1270,Gobind dangri 1190,34,,,,190.00,280.00,20.00,0.00,0.00,0.00,199.00,NOS,NOS,NOS,1,0.000,350.00,,,0.000,,,,,,3720,1,,
1273,P-1273,Gobind dangri 1195,34,,,,195.00,280.00,20.00,0.00,0.00,0.00,199.00,NOS,NOS,NOS,1,0.000,350.00,,,0.000,,,,,,3723,1,,
1274,P-1274,Gobind dangri 1200,34,,,,200.00,300.00,20.00,0.00,0.00,0.00,249.00,NOS,NOS,NOS,1,0.000,375.00,,,0.000,,,,,,3724,1,,
1275,P-1275,Gobind dangri 1210,34,,,,210.00,320.00,20.00,0.00,0.00,0.00,299.00,NOS,NOS,NOS,1,0.000,400.00,,,0.000,,,,,,3725,1,,
1248,P-1248,Gobind dangri set 1210,34,,,,210.00,320.00,20.00,0.00,0.00,0.00,299.00,NOS,NOS,NOS,1,0.000,400.00,,,0.000,,,,,,3698,1,,
321,P-0321,Gobind FB-14 /2752 1425,34,,,,425.00,640.00,0.00,0.00,0.00,0.00,499.00,NOS,NOS,NOS,1,0.000,800.00,,,5.000,,,,0,,2131,1,,
322,P-0322,Gobind FB-49 1537,34,,,,537.00,1000.00,20.00,0.00,0.00,0.00,888.00,NOS,NOS,NOS,1,0.000,1250.00,,,4.000,,,,22-24,,2132,1,,
322,P-0322,Gobind FB-49 1537,34,,,,537.00,1000.00,20.00,0.00,0.00,0.00,888.00,NOS,NOS,NOS,1,0.000,1250.00,,,4.000,,,,26-28,,2133,1,,
322,P-0322,Gobind FB-49 1537,34,,,,537.00,1000.00,20.00,0.00,0.00,0.00,888.00,NOS,NOS,NOS,1,0.000,1250.00,,,3.000,,,,30-32,,2134,1,,
1327,P-1327,Gobind gift set 1110,121,,,,110.00,172.00,20.00,0.00,0.00,0.00,169.00,NOS,NOS,NOS,1,0.000,215.00,,,0.000,,,,,,3778,1,,
1325,P-1325,Gobind gift set 1115,121,,,,115.00,180.00,20.00,0.00,0.00,0.00,169.00,NOS,NOS,NOS,1,0.000,225.00,,,0.000,,,,,,3776,1,,
1326,P-1326,Gobind gift set 1120,121,,,,120.00,190.00,20.00,0.00,0.00,0.00,159.00,NOS,NOS,NOS,1,0.000,238.00,,,0.000,,,,,,3777,1,,
1328,P-1328,Gobind gift set 1135,121,,,,135.00,200.00,20.00,0.00,0.00,0.00,159.00,NOS,NOS,NOS,1,0.000,250.00,,,0.000,,,,,,3779,1,,
212,P-0212,Gobind Indo Western OP Stock,35,gbb,,,600.00,960.00,20.00,0.00,0.00,0.00,900.00,NOS,NOS,NOS,1,0.000,1200.00,,,1.000,,,,1,,1544,1,,
212,P-0212,Gobind Indo Western OP Stock,35,gbb,,,600.00,960.00,20.00,0.00,0.00,0.00,900.00,NOS,NOS,NOS,1,0.000,1200.00,,,1.000,,,,2,,1545,1,,
212,P-0212,Gobind Indo Western OP Stock,35,gbb,,,600.00,960.00,20.00,0.00,0.00,0.00,900.00,NOS,NOS,NOS,1,0.000,1200.00,,,1.000,,,,2,,1546,1,,
212,P-0212,Gobind Indo Western OP Stock,35,gbb,,,600.00,960.00,20.00,0.00,0.00,0.00,900.00,NOS,NOS,NOS,1,0.000,1200.00,,,4.000,,,,2,,1547,1,,
212,P-0212,Gobind Indo Western OP Stock,35,gbb,,,600.00,960.00,20.00,0.00,0.00,0.00,900.00,NOS,NOS,NOS,1,0.000,1200.00,,,2.000,,,,2,,1548,1,,
212,P-0212,Gobind Indo Western OP Stock,35,gbb,,,600.00,960.00,20.00,0.00,0.00,0.00,900.00,NOS,NOS,NOS,1,0.000,1200.00,,,1.000,,,,2,,1549,1,,
212,P-0212,Gobind Indo Western OP Stock,35,gbb,,,600.00,960.00,20.00,0.00,0.00,0.00,900.00,NOS,NOS,NOS,1,0.000,1200.00,,,2.000,,,,3,,1551,1,,
212,P-0212,Gobind Indo Western OP Stock,35,gbb,,,600.00,960.00,20.00,0.00,0.00,0.00,900.00,NOS,NOS,NOS,1,0.000,1200.00,,,1.000,,,,3,,1552,1,,
212,P-0212,Gobind Indo Western OP Stock,35,gbb,,,600.00,960.00,20.00,0.00,0.00,0.00,900.00,NOS,NOS,NOS,1,0.000,1200.00,,,1.000,,,,4,,1553,1,,
212,P-0212,Gobind Indo Western OP Stock,35,gbb,,,600.00,960.00,20.00,0.00,0.00,0.00,900.00,NOS,NOS,NOS,1,0.000,1200.00,,,5.000,,,,4,,1554,1,,
212,P-0212,Gobind Indo Western OP Stock,35,gbb,,,600.00,960.00,20.00,0.00,0.00,0.00,900.00,NOS,NOS,NOS,1,0.000,1200.00,,,1.000,,,,4,,1555,1,,
212,P-0212,Gobind Indo Western OP Stock,35,gbb,,,600.00,960.00,20.00,0.00,0.00,0.00,900.00,NOS,NOS,NOS,1,0.000,1200.00,,,1.000,,,,5,,1556,1,,
212,P-0212,Gobind Indo Western OP Stock,35,gbb,,,600.00,960.00,20.00,0.00,0.00,0.00,900.00,NOS,NOS,NOS,1,0.000,1200.00,,,1.000,,,,5,,1557,1,,
212,P-0212,Gobind Indo Western OP Stock,35,gbb,,,600.00,960.00,20.00,0.00,0.00,0.00,900.00,NOS,NOS,NOS,1,0.000,1200.00,,,1.000,,,,5,,1558,1,,
212,P-0212,Gobind Indo Western OP Stock,35,gbb,,,600.00,960.00,20.00,0.00,0.00,0.00,900.00,NOS,NOS,NOS,1,0.000,1200.00,,,1.000,,,,,,1559,1,,
212,P-0212,Gobind Indo Western OP Stock,35,gbb,,,600.00,960.00,20.00,0.00,0.00,0.00,900.00,NOS,NOS,NOS,1,0.000,1200.00,,,1.000,,,,5,,1560,1,,
212,P-0212,Gobind Indo Western OP Stock,35,gbb,,,600.00,960.00,20.00,0.00,0.00,0.00,900.00,NOS,NOS,NOS,1,0.000,1200.00,,,2.000,,,,5,,1561,1,,
212,P-0212,Gobind Indo Western OP Stock,35,gbb,,,600.00,960.00,20.00,0.00,0.00,0.00,900.00,NOS,NOS,NOS,1,0.000,1200.00,,,2.000,,,,5,,1562,1,,
212,P-0212,Gobind Indo Western OP Stock,35,gbb,,,600.00,960.00,20.00,0.00,0.00,0.00,900.00,NOS,NOS,NOS,1,0.000,1200.00,,,1.000,,,,6,,1563,1,,
212,P-0212,Gobind Indo Western OP Stock,35,gbb,,,600.00,960.00,20.00,0.00,0.00,0.00,900.00,NOS,NOS,NOS,1,0.000,1200.00,,,1.000,,,,6,,1564,1,,
212,P-0212,Gobind Indo Western OP Stock,35,gbb,,,600.00,960.00,20.00,0.00,0.00,0.00,900.00,NOS,NOS,NOS,1,0.000,1200.00,,,1.000,,,,6,,1565,1,,
212,P-0212,Gobind Indo Western OP Stock,35,gbb,,,600.00,960.00,20.00,0.00,0.00,0.00,900.00,NOS,NOS,NOS,1,0.000,1200.00,,,1.000,,,,6,,1566,1,,
212,P-0212,Gobind Indo Western OP Stock,35,gbb,,,600.00,960.00,20.00,0.00,0.00,0.00,900.00,NOS,NOS,NOS,1,0.000,1200.00,,,2.000,,,,6,,1567,1,,
212,P-0212,Gobind Indo Western OP Stock,35,gbb,,,600.00,960.00,20.00,0.00,0.00,0.00,900.00,NOS,NOS,NOS,1,0.000,1200.00,,,1.000,,,,6,,1568,1,,
212,P-0212,Gobind Indo Western OP Stock,35,gbb,,,600.00,960.00,20.00,0.00,0.00,0.00,900.00,NOS,NOS,NOS,1,0.000,1200.00,,,2.000,,,,6,,1569,1,,
212,P-0212,Gobind Indo Western OP Stock,35,gbb,,,600.00,960.00,20.00,0.00,0.00,0.00,900.00,NOS,NOS,NOS,1,0.000,1200.00,,,1.000,,,,7,,1570,1,,
212,P-0212,Gobind Indo Western OP Stock,35,gbb,,,600.00,960.00,20.00,0.00,0.00,0.00,900.00,NOS,NOS,NOS,1,0.000,1200.00,,,2.000,,,,7,,1571,1,,
212,P-0212,Gobind Indo Western OP Stock,35,gbb,,,600.00,960.00,20.00,0.00,0.00,0.00,900.00,NOS,NOS,NOS,1,0.000,1200.00,,,1.000,,,,7,,1572,1,,
212,P-0212,Gobind Indo Western OP Stock,35,gbb,,,600.00,960.00,20.00,0.00,0.00,0.00,900.00,NOS,NOS,NOS,1,0.000,1200.00,,,1.000,,,,7,,1573,1,,
212,P-0212,Gobind Indo Western OP Stock,35,gbb,,,600.00,960.00,20.00,0.00,0.00,0.00,900.00,NOS,NOS,NOS,1,0.000,1200.00,,,1.000,,,,7,,1574,1,,
212,P-0212,Gobind Indo Western OP Stock,35,gbb,,,600.00,960.00,20.00,0.00,0.00,0.00,900.00,NOS,NOS,NOS,1,0.000,1200.00,,,1.000,,,,8,,1575,1,,
212,P-0212,Gobind Indo Western OP Stock,35,gbb,,,600.00,960.00,20.00,0.00,0.00,0.00,900.00,NOS,NOS,NOS,1,0.000,1200.00,,,1.000,,,,8,,1576,1,,
212,P-0212,Gobind Indo Western OP Stock,35,gbb,,,600.00,960.00,20.00,0.00,0.00,0.00,900.00,NOS,NOS,NOS,1,0.000,1200.00,,,1.000,,,,8,,1577,1,,
212,P-0212,Gobind Indo Western OP Stock,35,gbb,,,600.00,960.00,20.00,0.00,0.00,0.00,900.00,NOS,NOS,NOS,1,0.000,1200.00,,,2.000,,,,8,,1578,1,,
212,P-0212,Gobind Indo Western OP Stock,35,gbb,,,600.00,960.00,20.00,0.00,0.00,0.00,900.00,NOS,NOS,NOS,1,0.000,1200.00,,,1.000,,,,8,,1579,1,,
212,P-0212,Gobind Indo Western OP Stock,35,gbb,,,600.00,960.00,20.00,0.00,0.00,0.00,900.00,NOS,NOS,NOS,1,0.000,1200.00,,,2.000,,,,8,,1580,1,,
212,P-0212,Gobind Indo Western OP Stock,35,gbb,,,600.00,960.00,20.00,0.00,0.00,0.00,900.00,NOS,NOS,NOS,1,0.000,1200.00,,,1.000,,,,8,,1581,1,,
212,P-0212,Gobind Indo Western OP Stock,35,gbb,,,600.00,960.00,20.00,0.00,0.00,0.00,900.00,NOS,NOS,NOS,1,0.000,1200.00,,,3.000,,,,8,,1582,1,,
212,P-0212,Gobind Indo Western OP Stock,35,gbb,,,600.00,960.00,20.00,0.00,0.00,0.00,900.00,NOS,NOS,NOS,1,0.000,1200.00,,,1.000,,,,8,,1583,1,,
212,P-0212,Gobind Indo Western OP Stock,35,gbb,,,600.00,960.00,20.00,0.00,0.00,0.00,900.00,NOS,NOS,NOS,1,0.000,1200.00,,,1.000,,,,9,,1584,1,,
212,P-0212,Gobind Indo Western OP Stock,35,gbb,,,600.00,960.00,20.00,0.00,0.00,0.00,900.00,NOS,NOS,NOS,1,0.000,1200.00,,,2.000,,,,9,,1585,1,,
212,P-0212,Gobind Indo Western OP Stock,35,gbb,,,600.00,960.00,20.00,0.00,0.00,0.00,900.00,NOS,NOS,NOS,1,0.000,1200.00,,,1.000,,,,9,,1586,1,,
212,P-0212,Gobind Indo Western OP Stock,35,gbb,,,600.00,960.00,20.00,0.00,0.00,0.00,900.00,NOS,NOS,NOS,1,0.000,1200.00,,,1.000,,,,9,,1587,1,,
212,P-0212,Gobind Indo Western OP Stock,35,gbb,,,600.00,960.00,20.00,0.00,0.00,0.00,900.00,NOS,NOS,NOS,1,0.000,1200.00,,,1.000,,,,9,,1588,1,,
212,P-0212,Gobind Indo Western OP Stock,35,gbb,,,600.00,960.00,20.00,0.00,0.00,0.00,900.00,NOS,NOS,NOS,1,0.000,1200.00,,,5.000,,,,9,,1590,1,,
212,P-0212,Gobind Indo Western OP Stock,35,gbb,,,600.00,960.00,20.00,0.00,0.00,0.00,900.00,NOS,NOS,NOS,1,0.000,1200.00,,,1.000,,,,8,,1589,1,,
212,P-0212,Gobind Indo Western OP Stock,35,gbb,,,600.00,960.00,20.00,0.00,0.00,0.00,900.00,NOS,NOS,NOS,1,0.000,1200.00,,,1.000,,,,9,,1591,1,,
212,P-0212,Gobind Indo Western OP Stock,35,gbb,,,600.00,960.00,20.00,0.00,0.00,0.00,900.00,NOS,NOS,NOS,1,0.000,1200.00,,,2.000,,,,10,,1592,1,,
212,P-0212,Gobind Indo Western OP Stock,35,gbb,,,600.00,960.00,20.00,0.00,0.00,0.00,900.00,NOS,NOS,NOS,1,0.000,1200.00,,,1.000,,,,10,,1593,1,,
212,P-0212,Gobind Indo Western OP Stock,35,gbb,,,600.00,960.00,20.00,0.00,0.00,0.00,900.00,NOS,NOS,NOS,1,0.000,1200.00,,,2.000,,,,10,,1594,1,,
212,P-0212,Gobind Indo Western OP Stock,35,gbb,,,600.00,960.00,20.00,0.00,0.00,0.00,900.00,NOS,NOS,NOS,1,0.000,1200.00,,,1.000,,,,10,,1595,1,,
212,P-0212,Gobind Indo Western OP Stock,35,gbb,,,600.00,960.00,20.00,0.00,0.00,0.00,900.00,NOS,NOS,NOS,1,0.000,1200.00,,,1.000,,,,10,,1596,1,,
212,P-0212,Gobind Indo Western OP Stock,35,gbb,,,600.00,960.00,20.00,0.00,0.00,0.00,900.00,NOS,NOS,NOS,1,0.000,1200.00,,,1.000,,,,8,,1597,1,,
212,P-0212,Gobind Indo Western OP Stock,35,gbb,,,600.00,960.00,20.00,0.00,0.00,0.00,900.00,NOS,NOS,NOS,1,0.000,1200.00,,,1.000,,,,3,,1598,1,,
212,P-0212,Gobind Indo Western OP Stock,35,gbb,,,600.00,960.00,20.00,0.00,0.00,0.00,900.00,NOS,NOS,NOS,1,0.000,1200.00,,,1.000,,,,9,,1599,1,,
2044,P-2044,Gobind Jodhpuri suit 11090,90,,,,1090.00,2200.00,20.00,0.00,0.00,0.00,1099.00,NOS,NOS,NOS,1,0.000,3270.00,,,0.000,,,,,,4629,1,,
2045,P-2045,Gobind Jodhpuri suit 11140,90,,,,1140.00,2300.00,20.00,0.00,0.00,0.00,1199.00,NOS,NOS,NOS,1,0.000,3420.00,,,0.000,,,,,,4630,1,,
2046,P-2046,Gobind Jodhpuri suit 11290,90,,,,1290.00,2600.00,20.00,0.00,0.00,0.00,1299.00,NOS,NOS,NOS,1,0.000,3870.00,,,0.000,,,,,,4631,1,,
3481,P-3481,Gobind Jodhpuri suit 12050,9,,,,2050.00,4125.00,20.00,0.00,0.00,0.00,2999.00,NOS,NOS,NOS,1,0.000,6150.00,,,0.000,,,,,,6162,1,,
1277,P-1277,Gobind K/P  1210,21,,,,210.00,300.00,20.00,0.00,0.00,0.00,286.00,NOS,NOS,NOS,1,0.000,375.00,,,0.000,,,,,,3727,1,,
1280,P-1280,Gobind K/P  1230,21,,,,230.00,320.00,20.00,0.00,0.00,0.00,279.00,NOS,NOS,NOS,1,0.000,400.00,,,0.000,,,,,,3730,1,,
1279,P-1279,Gobind K/P  1240,21,,,,240.00,340.00,20.00,0.00,0.00,0.00,299.00,NOS,NOS,NOS,1,0.000,425.00,,,0.000,,,,,,3729,1,,
1282,P-1282,Gobind K/P  1260,21,,,,260.00,380.00,20.00,0.00,0.00,0.00,299.00,NOS,NOS,NOS,1,0.000,475.00,,,0.000,,,,,,3732,1,,
1278,P-1278,Gobind K/P  1280,21,,,,280.00,390.00,20.00,0.00,0.00,0.00,299.00,NOS,NOS,NOS,1,0.000,488.00,,,0.000,,,,,,3728,1,,
1281,P-1281,Gobind K/P  1300,21,,,,300.00,420.00,20.00,0.00,0.00,0.00,399.00,NOS,NOS,NOS,1,0.000,525.00,,,0.000,,,,,,3731,1,,
311,P-0311,Gobind K/P 20 OP,45,,,,370.00,500.00,20.00,0.00,0.00,0.00,399.00,NOS,NOS,NOS,1,0.000,625.00,,,3.000,,,,20,,1952,1,,
311,P-0311,Gobind K/P 20 OP,45,,,,370.00,500.00,20.00,0.00,0.00,0.00,399.00,NOS,NOS,NOS,1,0.000,625.00,,,1.000,,,,20,,1953,1,,
311,P-0311,Gobind K/P 20 OP,45,,,,370.00,500.00,20.00,0.00,0.00,0.00,399.00,NOS,NOS,NOS,1,0.000,625.00,,,1.000,,,,20,,1954,1,,
312,P-0312,Gobind K/P OP,21,,,,200.00,260.00,20.00,0.00,0.00,0.00,239.00,NOS,NOS,NOS,1,0.000,325.00,,,2.000,,,,34-38,,1955,1,,
312,P-0312,Gobind K/P OP,21,,,,200.00,260.00,20.00,0.00,0.00,0.00,239.00,NOS,NOS,NOS,1,0.000,325.00,,,1.000,,,,22-26,,1956,1,,
312,P-0312,Gobind K/P OP,21,,,,200.00,260.00,20.00,0.00,0.00,0.00,239.00,NOS,NOS,NOS,1,0.000,325.00,,,6.000,,,,28-32,,1957,1,,
312,P-0312,Gobind K/P OP,21,,,,200.00,260.00,20.00,0.00,0.00,0.00,239.00,NOS,NOS,NOS,1,0.000,325.00,,,3.000,,,,28-32,,1958,1,,
312,P-0312,Gobind K/P OP,21,,,,200.00,260.00,20.00,0.00,0.00,0.00,239.00,NOS,NOS,NOS,1,0.000,325.00,,,1.000,,,,10,,1960,1,,
312,P-0312,Gobind K/P OP,21,,,,200.00,260.00,20.00,0.00,0.00,0.00,239.00,NOS,NOS,NOS,1,0.000,325.00,,,4.000,,,,28-32,,1961,1,,
312,P-0312,Gobind K/P OP,21,,,,200.00,260.00,20.00,0.00,0.00,0.00,239.00,NOS,NOS,NOS,1,0.000,325.00,,,1.000,,,,28,,1962,1,,
312,P-0312,Gobind K/P OP,21,,,,200.00,260.00,20.00,0.00,0.00,0.00,239.00,NOS,NOS,NOS,1,0.000,325.00,,,1.000,,,,30,,1963,1,,
312,P-0312,Gobind K/P OP,21,,,,200.00,260.00,20.00,0.00,0.00,0.00,239.00,NOS,NOS,NOS,1,0.000,325.00,,,2.000,,,,26,,1964,1,,
312,P-0312,Gobind K/P OP,21,,,,200.00,260.00,20.00,0.00,0.00,0.00,239.00,NOS,NOS,NOS,1,0.000,325.00,,,3.000,,,,22-26,,1965,1,,
194,P-0194,Gobind K/P OP stock,34,gbb,,,1000.00,1200.00,20.00,0.00,0.00,0.00,1100.00,NOS,NOS,NOS,1,0.000,1500.00,Boy's counter,,2.000,,,,0,,1437,1,,
194,P-0194,Gobind K/P OP stock,34,gbb,,,1000.00,1200.00,20.00,0.00,0.00,0.00,1100.00,NOS,NOS,NOS,1,0.000,1500.00,Boy's counter,,2.000,,,,0,,1438,1,,
194,P-0194,Gobind K/P OP stock,34,gbb,,,1000.00,1200.00,20.00,0.00,0.00,0.00,1100.00,NOS,NOS,NOS,1,0.000,1500.00,Boy's counter,,2.000,,,,0,,1439,1,,
194,P-0194,Gobind K/P OP stock,34,gbb,,,1000.00,1200.00,20.00,0.00,0.00,0.00,1100.00,NOS,NOS,NOS,1,0.000,1500.00,Boy's counter,,2.000,,,,0,,1440,1,,
194,P-0194,Gobind K/P OP stock,34,gbb,,,1000.00,1200.00,20.00,0.00,0.00,0.00,1100.00,NOS,NOS,NOS,1,0.000,1500.00,Boy's counter,,1.000,,,,,,1441,1,,
1276,P-1276,Gobind K/P set,45,,,,360.00,500.00,20.00,0.00,0.00,0.00,399.00,NOS,NOS,NOS,1,0.000,625.00,,,0.000,,,,,,3726,1,,
197,P-0197,Gobind K/P side button OP stock,21,gbb,,,534.00,35.00,20.00,0.00,0.00,0.00,354.00,NOS,NOS,NOS,1,0.000,43.00,,,1.000,,,,7,,1470,1,,
197,P-0197,Gobind K/P side button OP stock,21,gbb,,,534.00,35.00,20.00,0.00,0.00,0.00,354.00,NOS,NOS,NOS,1,0.000,43.00,,,2.000,,,,5,,1471,1,,
197,P-0197,Gobind K/P side button OP stock,21,gbb,,,534.00,35.00,20.00,0.00,0.00,0.00,354.00,NOS,NOS,NOS,1,0.000,43.00,,,2.000,,,,4,,1472,1,,
197,P-0197,Gobind K/P side button OP stock,21,gbb,,,534.00,35.00,20.00,0.00,0.00,0.00,354.00,NOS,NOS,NOS,1,0.000,43.00,,,1.000,,,,3,,1473,1,,
197,P-0197,Gobind K/P side button OP stock,21,gbb,,,534.00,35.00,20.00,0.00,0.00,0.00,354.00,NOS,NOS,NOS,1,0.000,43.00,,,1.000,,,,2,,1474,1,,
244,P-0244,Gobind K/P with koti,45,gbb,,,525.00,800.00,20.00,0.00,0.00,0.00,599.00,NOS,NOS,NOS,1,0.000,1000.00,,,1.000,,,,2,,1665,1,,
244,P-0244,Gobind K/P with koti,45,gbb,,,525.00,800.00,20.00,0.00,0.00,0.00,599.00,NOS,NOS,NOS,1,0.000,1000.00,,,1.000,,,,5,,1666,1,,
244,P-0244,Gobind K/P with koti,45,gbb,,,525.00,800.00,20.00,0.00,0.00,0.00,599.00,NOS,NOS,NOS,1,0.000,1000.00,,,1.000,,,,5,,1667,1,,
244,P-0244,Gobind K/P with koti,45,gbb,,,525.00,800.00,20.00,0.00,0.00,0.00,599.00,NOS,NOS,NOS,1,0.000,1000.00,,,1.000,,,,5,,1668,1,,
244,P-0244,Gobind K/P with koti,45,gbb,,,525.00,800.00,20.00,0.00,0.00,0.00,599.00,NOS,NOS,NOS,1,0.000,1000.00,,,1.000,,,,7,,1669,1,,
244,P-0244,Gobind K/P with koti,45,gbb,,,525.00,800.00,20.00,0.00,0.00,0.00,599.00,NOS,NOS,NOS,1,0.000,1000.00,,,1.000,,,,10,,1670,1,,
244,P-0244,Gobind K/P with koti,45,gbb,,,525.00,800.00,20.00,0.00,0.00,0.00,599.00,NOS,NOS,NOS,1,0.000,1000.00,,,1.000,,,,10,,1671,1,,
244,P-0244,Gobind K/P with koti,45,gbb,,,525.00,800.00,20.00,0.00,0.00,0.00,599.00,NOS,NOS,NOS,1,0.000,1000.00,,,1.000,,,,14,,1672,1,,
305,P-0305,Gobind K/P with koti OP,45,,,,380.00,550.00,20.00,0.00,0.00,0.00,399.00,NOS,NOS,NOS,1,0.000,688.00,,,15.000,,,,22-26,,1906,1,,
305,P-0305,Gobind K/P with koti OP,45,,,,380.00,550.00,20.00,0.00,0.00,0.00,399.00,NOS,NOS,NOS,1,0.000,688.00,,,3.000,,,,22-26,,1907,1,,
305,P-0305,Gobind K/P with koti OP,45,,,,380.00,550.00,20.00,0.00,0.00,0.00,399.00,NOS,NOS,NOS,1,0.000,688.00,,,6.000,,,,22-26,,1908,1,,
305,P-0305,Gobind K/P with koti OP,45,,,,380.00,550.00,20.00,0.00,0.00,0.00,399.00,NOS,NOS,NOS,1,0.000,688.00,,,3.000,,,,34-38,,1909,1,,
305,P-0305,Gobind K/P with koti OP,45,,,,380.00,550.00,20.00,0.00,0.00,0.00,399.00,NOS,NOS,NOS,1,0.000,688.00,,,3.000,,,,34-38,,1910,1,,
305,P-0305,Gobind K/P with koti OP,45,,,,380.00,550.00,20.00,0.00,0.00,0.00,399.00,NOS,NOS,NOS,1,0.000,688.00,,,1.000,,,,34-38,,1911,1,,
305,P-0305,Gobind K/P with koti OP,45,,,,380.00,550.00,20.00,0.00,0.00,0.00,399.00,NOS,NOS,NOS,1,0.000,688.00,,,2.000,,,,28-32,,1912,1,,
305,P-0305,Gobind K/P with koti OP,45,,,,380.00,550.00,20.00,0.00,0.00,0.00,399.00,NOS,NOS,NOS,1,0.000,688.00,,,11.000,,,,28-32,,1913,1,,
305,P-0305,Gobind K/P with koti OP,45,,,,380.00,550.00,20.00,0.00,0.00,0.00,399.00,NOS,NOS,NOS,1,0.000,688.00,,,3.000,,,,28-32,,1914,1,,
200,P-0200,Gobind K/P with koti OP stock,45,gbb,,,464.00,463.00,20.00,0.00,0.00,0.00,643.00,NOS,NOS,NOS,1,0.000,46.00,,,1.000,,,,8,,1483,1,,
200,P-0200,Gobind K/P with koti OP stock,45,gbb,,,464.00,463.00,20.00,0.00,0.00,0.00,643.00,NOS,NOS,NOS,1,0.000,46.00,,,2.000,,,,8,,1484,1,,
200,P-0200,Gobind K/P with koti OP stock,45,gbb,,,464.00,463.00,20.00,0.00,0.00,0.00,643.00,NOS,NOS,NOS,1,0.000,46.00,,,1.000,,,,9,,1485,1,,
200,P-0200,Gobind K/P with koti OP stock,45,gbb,,,464.00,463.00,20.00,0.00,0.00,0.00,643.00,NOS,NOS,NOS,1,0.000,46.00,,,3.000,,,,9,,1486,1,,
200,P-0200,Gobind K/P with koti OP stock,45,gbb,,,464.00,463.00,20.00,0.00,0.00,0.00,643.00,NOS,NOS,NOS,1,0.000,46.00,,,2.000,,,,10,,1487,1,,
200,P-0200,Gobind K/P with koti OP stock,45,gbb,,,464.00,463.00,20.00,0.00,0.00,0.00,643.00,NOS,NOS,NOS,1,0.000,46.00,,,1.000,,,,12,,1488,1,,
200,P-0200,Gobind K/P with koti OP stock,45,gbb,,,464.00,463.00,20.00,0.00,0.00,0.00,643.00,NOS,NOS,NOS,1,0.000,46.00,,,1.000,,,,32,,1489,1,,
200,P-0200,Gobind K/P with koti OP stock,45,gbb,,,464.00,463.00,20.00,0.00,0.00,0.00,643.00,NOS,NOS,NOS,1,0.000,46.00,,,1.000,,,,36,,1490,1,,
200,P-0200,Gobind K/P with koti OP stock,45,gbb,,,464.00,463.00,20.00,0.00,0.00,0.00,643.00,NOS,NOS,NOS,1,0.000,46.00,,,1.000,,,,42,,1491,1,,
200,P-0200,Gobind K/P with koti OP stock,45,gbb,,,464.00,463.00,20.00,0.00,0.00,0.00,643.00,NOS,NOS,NOS,1,0.000,46.00,,,1.000,,,,44,,1492,1,,
196,P-0196,GOBIND P/K SET OP STOCK,21,gbb,,,450.00,679.00,20.00,0.00,0.00,0.00,399.00,NOS,NOS,NOS,1,0.000,849.00,,,2.000,,,,9,,1451,1,,
196,P-0196,GOBIND P/K SET OP STOCK,21,gbb,,,450.00,679.00,20.00,0.00,0.00,0.00,399.00,NOS,NOS,NOS,1,0.000,849.00,,,2.000,,,,,,1452,1,,
196,P-0196,GOBIND P/K SET OP STOCK,21,gbb,,,450.00,679.00,20.00,0.00,0.00,0.00,399.00,NOS,NOS,NOS,1,0.000,849.00,,,3.000,,,,8,,1453,1,,
196,P-0196,GOBIND P/K SET OP STOCK,21,gbb,,,450.00,679.00,20.00,0.00,0.00,0.00,399.00,NOS,NOS,NOS,1,0.000,849.00,,,2.000,,,,7,,1454,1,,
196,P-0196,GOBIND P/K SET OP STOCK,21,gbb,,,450.00,679.00,20.00,0.00,0.00,0.00,399.00,NOS,NOS,NOS,1,0.000,849.00,,,2.000,,,,7,,1455,1,,
196,P-0196,GOBIND P/K SET OP STOCK,21,gbb,,,450.00,679.00,20.00,0.00,0.00,0.00,399.00,NOS,NOS,NOS,1,0.000,849.00,,,2.000,,,,7,,1456,1,,
196,P-0196,GOBIND P/K SET OP STOCK,21,gbb,,,450.00,679.00,20.00,0.00,0.00,0.00,399.00,NOS,NOS,NOS,1,0.000,849.00,,,5.000,,,,5,,1458,1,,
196,P-0196,GOBIND P/K SET OP STOCK,21,gbb,,,450.00,679.00,20.00,0.00,0.00,0.00,399.00,NOS,NOS,NOS,1,0.000,849.00,,,1.000,,,,4,,1459,1,,
196,P-0196,GOBIND P/K SET OP STOCK,21,gbb,,,450.00,679.00,20.00,0.00,0.00,0.00,399.00,NOS,NOS,NOS,1,0.000,849.00,,,1.000,,,,4,,1460,1,,
196,P-0196,GOBIND P/K SET OP STOCK,21,gbb,,,450.00,679.00,20.00,0.00,0.00,0.00,399.00,NOS,NOS,NOS,1,0.000,849.00,,,2.000,,,,4,,1461,1,,
196,P-0196,GOBIND P/K SET OP STOCK,21,gbb,,,450.00,679.00,20.00,0.00,0.00,0.00,399.00,NOS,NOS,NOS,1,0.000,849.00,,,1.000,,,,3,,1462,1,,
196,P-0196,GOBIND P/K SET OP STOCK,21,gbb,,,450.00,679.00,20.00,0.00,0.00,0.00,399.00,NOS,NOS,NOS,1,0.000,849.00,,,2.000,,,,3,,1463,1,,
196,P-0196,GOBIND P/K SET OP STOCK,21,gbb,,,450.00,679.00,20.00,0.00,0.00,0.00,399.00,NOS,NOS,NOS,1,0.000,849.00,,,1.000,,,,2,,1465,1,,
196,P-0196,GOBIND P/K SET OP STOCK,21,gbb,,,450.00,679.00,20.00,0.00,0.00,0.00,399.00,NOS,NOS,NOS,1,0.000,849.00,,,1.000,,,,1,,1466,1,,
196,P-0196,GOBIND P/K SET OP STOCK,21,gbb,,,450.00,679.00,20.00,0.00,0.00,0.00,399.00,NOS,NOS,NOS,1,0.000,849.00,,,2.000,,,,1,,1467,1,,
196,P-0196,GOBIND P/K SET OP STOCK,21,gbb,,,450.00,679.00,20.00,0.00,0.00,0.00,399.00,NOS,NOS,NOS,1,0.000,849.00,,,1.000,,,,10,,1468,1,,
196,P-0196,GOBIND P/K SET OP STOCK,21,gbb,,,450.00,679.00,20.00,0.00,0.00,0.00,399.00,NOS,NOS,NOS,1,0.000,849.00,,,4.000,,,,6,,1469,1,,
309,P-0309,Gobind P/S OP,71,,,,340.00,400.00,20.00,0.00,0.00,0.00,329.00,NOS,NOS,NOS,1,0.000,500.00,,,1.000,,,,22-26,,1940,1,,
309,P-0309,Gobind P/S OP,71,,,,340.00,400.00,20.00,0.00,0.00,0.00,329.00,NOS,NOS,NOS,1,0.000,500.00,,,3.000,,,,22-26,,1941,1,,
309,P-0309,Gobind P/S OP,71,,,,340.00,400.00,20.00,0.00,0.00,0.00,329.00,NOS,NOS,NOS,1,0.000,500.00,,,3.000,,,,22-26,,1942,1,,
309,P-0309,Gobind P/S OP,71,,,,340.00,400.00,20.00,0.00,0.00,0.00,329.00,NOS,NOS,NOS,1,0.000,500.00,,,2.000,,,,22-26,,1943,1,,
309,P-0309,Gobind P/S OP,71,,,,340.00,400.00,20.00,0.00,0.00,0.00,329.00,NOS,NOS,NOS,1,0.000,500.00,,,3.000,,,,22-26,,1944,1,,
309,P-0309,Gobind P/S OP,71,,,,340.00,400.00,20.00,0.00,0.00,0.00,329.00,NOS,NOS,NOS,1,0.000,500.00,,,2.000,,,,22-26,,1945,1,,
310,P-0310,Gobind P/S OP,71,,,,385.00,540.00,20.00,0.00,0.00,0.00,499.00,NOS,NOS,NOS,1,0.000,675.00,,,1.000,,,,28-32,,1946,1,,
310,P-0310,Gobind P/S OP,71,,,,385.00,540.00,20.00,0.00,0.00,0.00,499.00,NOS,NOS,NOS,1,0.000,675.00,,,2.000,,,,28-32,,1947,1,,
310,P-0310,Gobind P/S OP,71,,,,385.00,540.00,20.00,0.00,0.00,0.00,499.00,NOS,NOS,NOS,1,0.000,675.00,,,6.000,,,,28-32,,1948,1,,
310,P-0310,Gobind P/S OP,71,,,,385.00,540.00,20.00,0.00,0.00,0.00,499.00,NOS,NOS,NOS,1,0.000,675.00,,,3.000,,,,28-32,,1950,1,,
310,P-0310,Gobind P/S OP,71,,,,385.00,540.00,20.00,0.00,0.00,0.00,499.00,NOS,NOS,NOS,1,0.000,675.00,,,2.000,,,,28-32,,1951,1,,
310,P-0310,Gobind P/S OP,71,,,,385.00,540.00,20.00,0.00,0.00,0.00,499.00,NOS,NOS,NOS,1,0.000,675.00,,,1.000,,,,28-32,,1949,1,,
1246,P-1246,Gobind seq kurta 1365,21,,,,365.00,540.00,20.00,0.00,0.00,0.00,400.00,NOS,NOS,NOS,1,0.000,675.00,,,0.000,,,,,,3696,1,,
1247,P-1247,Gobind seq kurta 1395,21,,,,395.00,560.00,20.00,0.00,0.00,0.00,450.00,NOS,NOS,NOS,1,0.000,700.00,,,0.000,,,,,,3697,1,,
1245,P-1245,Gobind seq kurta 1435,21,,,,435.00,640.00,20.00,0.00,0.00,0.00,450.00,NOS,NOS,NOS,1,0.000,800.00,,,0.000,,,,,,3695,1,,
1378,P-1378,Gobind sequence kurta pajama,21,,,,617.00,1000.00,20.00,0.00,0.00,0.00,699.00,NOS,NOS,NOS,1,0.000,1250.00,,,18.000,,,,,,3833,1,,
365,P-0365,Gobind sherwani OP,82,,,,300.00,408.00,20.00,0.00,0.00,0.00,399.00,NOS,NOS,NOS,1,0.000,510.00,,,1.000,,,,,,2114,1,,
365,P-0365,Gobind sherwani OP,82,,,,300.00,408.00,20.00,0.00,0.00,0.00,399.00,NOS,NOS,NOS,1,0.000,510.00,,,3.000,,,,,,2116,1,,
365,P-0365,Gobind sherwani OP,82,,,,300.00,408.00,20.00,0.00,0.00,0.00,399.00,NOS,NOS,NOS,1,0.000,510.00,,,2.000,,,,,,2115,1,,
365,P-0365,Gobind sherwani OP,82,,,,300.00,408.00,20.00,0.00,0.00,0.00,399.00,NOS,NOS,NOS,1,0.000,510.00,,,1.000,,,,,,2117,1,,
365,P-0365,Gobind sherwani OP,82,,,,300.00,408.00,20.00,0.00,0.00,0.00,399.00,NOS,NOS,NOS,1,0.000,510.00,,,1.000,,,,,,2118,1,,
365,P-0365,Gobind sherwani OP,82,,,,300.00,408.00,20.00,0.00,0.00,0.00,399.00,NOS,NOS,NOS,1,0.000,510.00,,,1.000,,,,,,2119,1,,
365,P-0365,Gobind sherwani OP,82,,,,300.00,408.00,20.00,0.00,0.00,0.00,399.00,NOS,NOS,NOS,1,0.000,510.00,,,1.000,,,,,,2120,1,,
365,P-0365,Gobind sherwani OP,82,,,,300.00,408.00,20.00,0.00,0.00,0.00,399.00,NOS,NOS,NOS,1,0.000,510.00,,,1.000,,,,,,2121,1,,
365,P-0365,Gobind sherwani OP,82,,,,300.00,408.00,20.00,0.00,0.00,0.00,399.00,NOS,NOS,NOS,1,0.000,510.00,,,2.000,,,,,,2122,1,,
443,P-0443,Gobind suit 1260,34,,,,260.00,460.00,20.00,0.00,0.00,0.00,299.00,NOS,NOS,NOS,1,0.000,780.00,,,0.000,,,,,,2270,1,,
444,P-0444,Gobind suit 1280,34,,,,280.00,490.00,20.00,0.00,0.00,0.00,299.00,NOS,NOS,NOS,1,0.000,840.00,,,0.000,,,,,,2271,1,,
474,P-0474,Gobind suit 1292,34,,,,292.00,420.00,0.00,0.00,0.00,0.00,399.00,NOS,NOS,NOS,1,0.000,525.00,,,0.000,,,,,,2299,1,,
471,P-0471,Gobind suit 1315,34,,,,315.00,448.00,20.00,0.00,0.00,0.00,399.00,NOS,NOS,NOS,1,0.000,560.00,,,0.000,,,,,,2296,1,,
461,P-0461,Gobind suit 1318,34,,,,318.00,560.00,0.00,0.00,0.00,0.00,499.00,NOS,NOS,NOS,1,0.000,954.00,,,0.000,,,,,,2282,1,,
484,P-0484,Gobind suit 1320,34,,,,320.00,560.00,20.00,0.00,0.00,0.00,399.00,NOS,NOS,NOS,1,0.000,960.00,,,0.000,,,,,,2549,1,,
446,P-0446,Gobind suit 1330,34,,,,330.00,470.00,20.00,0.00,0.00,0.00,399.00,NOS,NOS,NOS,1,0.000,588.00,,,0.000,,,,,,2510,1,,
475,P-0475,Gobind suit 1341,34,,,,341.00,480.00,20.00,0.00,0.00,0.00,399.00,NOS,NOS,NOS,1,0.000,600.00,,,0.000,,,,,,2301,1,,
445,P-0445,Gobind suit 1352,34,,,,352.00,500.00,20.00,0.00,0.00,0.00,399.00,NOS,NOS,NOS,1,0.000,625.00,,,0.000,,,,,,2509,1,,
427,P-0427,Gobind Suit 1365,34,,,,365.00,520.00,20.00,0.00,0.00,0.00,399.00,NOS,NOS,NOS,1,0.000,650.00,,,0.000,,,,,,2267,1,,
429,P-0429,Gobind suit 1370,34,,,,370.00,520.00,20.00,0.00,0.00,0.00,399.00,NOS,NOS,NOS,1,0.000,650.00,,,0.000,,,,,,2269,1,,
473,P-0473,Gobind suit 1377,34,,,,377.00,528.00,20.00,0.00,0.00,0.00,399.00,NOS,NOS,NOS,1,0.000,660.00,,,0.000,,,,,,2298,1,,
482,P-0482,Gobind suit 1382,34,,,,382.00,540.00,20.00,0.00,0.00,0.00,399.00,NOS,NOS,NOS,1,0.000,675.00,,,0.000,,,,,,2308,1,,
480,P-0480,Gobind suit 1385,34,,,,385.00,540.00,0.00,0.00,0.00,0.00,399.00,NOS,NOS,NOS,1,0.000,675.00,,,0.000,,,,,,2306,1,,
478,P-0478,Gobind suit 1387,34,,,,387.00,544.00,20.00,0.00,0.00,0.00,399.00,NOS,NOS,NOS,1,0.000,680.00,,,0.000,,,,,,2304,1,,
1269,P-1269,gobind suit 1388,34,,,,388.00,540.00,20.00,0.00,0.00,0.00,399.00,NOS,NOS,NOS,1,0.000,675.00,,,0.000,,,,,,3719,1,,
476,P-0476,Gobind suit 1393,34,,,,393.00,550.00,20.00,0.00,0.00,0.00,399.00,NOS,NOS,NOS,1,0.000,688.00,,,0.000,,,,,,2541,1,,
472,P-0472,Gobind suit 1403,34,,,,403.00,568.00,20.00,0.00,0.00,0.00,499.00,NOS,NOS,NOS,1,0.000,710.00,,,0.000,,,,,,2297,1,,
479,P-0479,Gobind suit 1405,34,,,,405.00,572.00,20.00,0.00,0.00,0.00,499.00,NOS,NOS,NOS,1,0.000,715.00,,,0.000,,,,,,2305,1,,
481,P-0481,Gobind suit 1408,34,,,,408.00,572.00,20.00,0.00,0.00,0.00,499.00,NOS,NOS,NOS,1,0.000,715.00,,,0.000,,,,,,2307,1,,
470,P-0470,Gobind suit 1409,34,,,,409.00,572.00,20.00,0.00,0.00,0.00,499.00,NOS,NOS,NOS,1,0.000,715.00,,,0.000,,,,,,2295,1,,
465,P-0465,Gobind suit 1419,34,,,,419.00,600.00,0.00,0.00,0.00,0.00,499.00,NOS,NOS,NOS,1,0.000,750.00,,,0.000,,,,,,2286,1,,
1264,P-1264,Gobind suit 1423,34,,,,423.00,580.00,20.00,0.00,0.00,0.00,499.00,NOS,NOS,NOS,1,0.000,725.00,,,0.000,,,,,,3714,1,,
1265,P-1265,Gobind suit 1427,34,,,,427.00,660.00,20.00,0.00,0.00,0.00,499.00,NOS,NOS,NOS,1,0.000,825.00,,,0.000,,,,,,3715,1,,
477,P-0477,Gobind suit 1437,34,,,,437.00,620.00,0.00,0.00,0.00,0.00,499.00,NOS,NOS,NOS,1,0.000,775.00,,,0.000,,,,,,2302,1,,
1263,P-1263,Gobind suit 1438,34,,,,438.00,630.00,20.00,0.00,0.00,0.00,499.00,NOS,NOS,NOS,1,0.000,788.00,,,0.000,,,,,,3713,1,,
483,P-0483,Gobind suit 1447,34,,,,447.00,640.00,20.00,0.00,0.00,0.00,499.00,NOS,NOS,NOS,1,0.000,800.00,,,0.000,,,,,,2310,1,,
458,P-0458,Gobind suit 1448,34,,,,448.00,640.00,20.00,0.00,0.00,0.00,499.00,NOS,NOS,NOS,1,0.000,800.00,,,0.000,,,,,,2280,1,,
455,P-0455,Gobind suit 1454,34,,,,454.00,640.00,0.00,0.00,0.00,0.00,499.00,NOS,NOS,NOS,1,0.000,800.00,,,0.000,,,,,,2519,1,,
456,P-0456,Gobind suit 1460,34,,,,460.00,652.00,20.00,0.00,0.00,0.00,499.00,NOS,NOS,NOS,1,0.000,815.00,,,0.000,,,,,,2520,1,,
464,P-0464,Gobind suit 1465,34,,,,465.00,656.00,0.00,0.00,0.00,0.00,499.00,NOS,NOS,NOS,1,0.000,820.00,,,0.000,,,,,,2285,1,,
454,P-0454,Gobind suit 1469,34,,,,469.00,660.00,0.00,0.00,0.00,0.00,499.00,NOS,NOS,NOS,1,0.000,825.00,,,0.000,,,,,,2278,1,,
462,P-0462,Gobind suit 1470,34,,,,470.00,664.00,20.00,0.00,0.00,0.00,499.00,NOS,NOS,NOS,1,0.000,830.00,,,0.000,,,,,,2283,1,,
468,P-0468,Gobind suit 1472,34,,,,472.00,664.00,20.00,0.00,0.00,0.00,499.00,NOS,NOS,NOS,1,0.000,830.00,,,0.000,,,,,,2292,1,,
457,P-0457,Gobind suit 1475,34,,,,475.00,840.00,0.00,0.00,0.00,0.00,499.00,NOS,NOS,NOS,1,0.000,1425.00,,,0.000,,,,,,2279,1,,
469,P-0469,Gobind suit 1476,34,,,,476.00,672.00,0.00,0.00,0.00,0.00,499.00,NOS,NOS,NOS,1,0.000,840.00,,,0.000,,,,,,2294,1,,
1266,P-1266,Gobind suit 1478,34,,,,478.00,660.00,20.00,0.00,0.00,0.00,499.00,NOS,NOS,NOS,1,0.000,825.00,,,0.000,,,,,,3716,1,,
467,P-0467,Gobind suit 1482,34,,,,482.00,680.00,0.00,0.00,0.00,0.00,499.00,NOS,NOS,NOS,1,0.000,850.00,,,0.000,,,,,,2288,1,,
463,P-0463,Gobind suit 1485,34,,,,485.00,678.00,20.00,0.00,0.00,0.00,499.00,NOS,NOS,NOS,1,0.000,848.00,,,0.000,,,,,,2284,1,,
485,P-0485,Gobind suit 1488,34,,,,488.00,700.00,0.00,0.00,0.00,0.00,499.00,NOS,NOS,NOS,1,0.000,875.00,,,0.000,,,,,,2550,1,,
448,P-0448,Gobind suit 1490,34,,,,490.00,688.00,0.00,0.00,0.00,0.00,499.00,NOS,NOS,NOS,1,0.000,860.00,,,0.000,,,,,,2272,1,,
428,P-0428,Gobind suit 1493,34,,,,493.00,700.00,20.00,0.00,0.00,0.00,499.00,NOS,NOS,NOS,1,0.000,875.00,,,0.000,,,,,,2268,1,,
487,P-0487,Gobind suit 1498,34,,,,498.00,700.00,20.00,0.00,0.00,0.00,499.00,NOS,NOS,NOS,1,0.000,875.00,,,0.000,,,,,,2552,1,,
459,P-0459,Gobind suit 1499,34,,,,499.00,700.00,20.00,0.00,0.00,0.00,509.00,NOS,NOS,NOS,1,0.000,875.00,,,0.000,,,,,,2281,1,,
1267,P-1267,gobind suit 1504,34,,,,504.00,700.00,20.00,0.00,0.00,0.00,599.00,NOS,NOS,NOS,1,0.000,875.00,,,0.000,,,,,,3717,1,,
486,P-0486,Gobind suit 1505,34,,,,505.00,710.00,0.00,0.00,0.00,0.00,599.00,NOS,NOS,NOS,1,0.000,888.00,,,0.000,,,,,,2551,1,,
453,P-0453,Gobind suit 1512,34,,,,512.00,720.00,0.00,0.00,0.00,0.00,599.00,NOS,NOS,NOS,1,0.000,900.00,,,0.000,,,,,,2277,1,,
449,P-0449,Gobind suit 1515,34,,,,515.00,732.00,0.00,0.00,0.00,0.00,599.00,NOS,NOS,NOS,1,0.000,915.00,,,0.000,,,,,,2273,1,,
447,P-0447,Gobind suit 1521,34,,,,521.00,740.00,0.00,0.00,0.00,0.00,599.00,NOS,NOS,NOS,1,0.000,925.00,,,0.000,,,,,,2511,1,,
450,P-0450,Gobind suit 1522,34,,,,522.00,740.00,20.00,0.00,0.00,0.00,599.00,NOS,NOS,NOS,1,0.000,925.00,,,0.000,,,,,,2274,1,,
452,P-0452,Gobind suit 1530,34,,,,530.00,750.00,20.00,0.00,0.00,0.00,599.00,NOS,NOS,NOS,1,0.000,938.00,,,0.000,,,,,,2276,1,,
466,P-0466,Gobind suit 1535,34,,,,535.00,940.00,0.00,0.00,0.00,0.00,599.00,NOS,NOS,NOS,1,0.000,1605.00,,,0.000,,,,,,2287,1,,
451,P-0451,Gobind suit 1554,34,,,,554.00,776.00,20.00,0.00,0.00,0.00,599.00,NOS,NOS,NOS,1,0.000,970.00,,,0.000,,,,,,2275,1,,
1268,P-1268,gobind suit 1555,34,,,,555.00,760.00,20.00,0.00,0.00,0.00,599.00,NOS,NOS,NOS,1,0.000,950.00,,,0.000,,,,,,3718,1,,
1253,P-1253,Gobind suit 1560,34,,,,560.00,800.00,20.00,0.00,0.00,0.00,599.00,NOS,NOS,NOS,1,0.000,999.00,,,0.000,,,,,,3703,1,,
1252,P-1252,Gobind suit 1690,34,,,,690.00,980.00,20.00,0.00,0.00,0.00,699.00,NOS,NOS,NOS,1,0.000,1225.00,,,0.000,,,,,,3702,1,,
1256,P-1256,Gobind suit 1710,34,,,,710.00,1000.00,20.00,0.00,0.00,0.00,799.00,NOS,NOS,NOS,1,0.000,1250.00,,,0.000,,,,,,3706,1,,
1251,P-1251,Gobind suit 1750,34,,,,750.00,1060.00,20.00,0.00,0.00,0.00,799.00,NOS,NOS,NOS,1,0.000,1325.00,,,0.000,,,,,,3701,1,,
1249,P-1249,Gobind suit 1760,34,,,,760.00,1080.00,20.00,0.00,0.00,0.00,799.00,NOS,NOS,NOS,1,0.000,1350.00,,,0.000,,,,,,3699,1,,
1250,P-1250,Gobind suit 1810,34,,,,810.00,1160.00,20.00,0.00,0.00,0.00,899.00,NOS,NOS,NOS,1,0.000,1450.00,,,0.000,,,,,,3700,1,,
1255,P-1255,Gobind suit 1820,34,,,,820.00,1160.00,20.00,0.00,0.00,0.00,999.00,NOS,NOS,NOS,1,0.000,1450.00,,,0.000,,,,,,3705,1,,
1257,P-1257,Gobind suit 1830,34,,,,830.00,1180.00,20.00,0.00,0.00,0.00,899.00,NOS,NOS,NOS,1,0.000,1475.00,,,0.000,,,,,,3707,1,,
460,P-0460,Gobind suit 1870,34,,,,870.00,1240.00,20.00,0.00,0.00,0.00,899.00,NOS,NOS,NOS,1,0.000,1550.00,,,0.000,,,,,,2524,1,,
1254,P-1254,Gobind suit 1940,34,,,,940.00,1320.00,20.00,0.00,0.00,0.00,999.00,NOS,NOS,NOS,1,0.000,1650.00,,,0.000,,,,,,3704,1,,
783,P-0783,Gobind Suit New Born,90,,,,200.00,300.00,20.00,0.00,0.00,0.00,291.00,NOS,NOS,NOS,1,0.000,375.00,,,3.000,,,,,,3221,1,,
308,P-0308,Gobind suit OP,34,,,,577.00,800.00,20.00,0.00,0.00,0.00,699.00,NOS,NOS,NOS,1,0.000,999.00,,,3.000,,,,28-32,,1932,1,,
308,P-0308,Gobind suit OP,34,,,,577.00,800.00,20.00,0.00,0.00,0.00,699.00,NOS,NOS,NOS,1,0.000,999.00,,,3.000,,,,28-32,,1933,1,,
308,P-0308,Gobind suit OP,34,,,,577.00,800.00,20.00,0.00,0.00,0.00,699.00,NOS,NOS,NOS,1,0.000,999.00,,,6.000,,,,28-32,,1934,1,,
308,P-0308,Gobind suit OP,34,,,,577.00,800.00,20.00,0.00,0.00,0.00,699.00,NOS,NOS,NOS,1,0.000,999.00,,,8.000,,,,28-32,,1935,1,,
308,P-0308,Gobind suit OP,34,,,,577.00,800.00,20.00,0.00,0.00,0.00,699.00,NOS,NOS,NOS,1,0.000,999.00,,,9.000,,,,28-32,,1936,1,,
308,P-0308,Gobind suit OP,34,,,,577.00,800.00,20.00,0.00,0.00,0.00,699.00,NOS,NOS,NOS,1,0.000,999.00,,,10.000,,,,28-32,,1937,1,,
308,P-0308,Gobind suit OP,34,,,,577.00,800.00,20.00,0.00,0.00,0.00,699.00,NOS,NOS,NOS,1,0.000,999.00,,,4.000,,,,28-32,,1938,1,,
308,P-0308,Gobind suit OP,34,,,,577.00,800.00,20.00,0.00,0.00,0.00,699.00,NOS,NOS,NOS,1,0.000,999.00,,,6.000,,,,28-32,,1939,1,,
307,P-0307,Gobind Suit set OP,34,,,,350.00,400.00,20.00,0.00,0.00,0.00,379.00,NOS,NOS,NOS,1,0.000,500.00,,,1.000,,,,22,,1921,1,,
307,P-0307,Gobind Suit set OP,34,,,,350.00,400.00,20.00,0.00,0.00,0.00,379.00,NOS,NOS,NOS,1,0.000,500.00,,,4.000,,,,22-26,,1922,1,,
307,P-0307,Gobind Suit set OP,34,,,,350.00,400.00,20.00,0.00,0.00,0.00,379.00,NOS,NOS,NOS,1,0.000,500.00,,,7.000,,,,22-26,,1924,1,,
307,P-0307,Gobind Suit set OP,34,,,,350.00,400.00,20.00,0.00,0.00,0.00,379.00,NOS,NOS,NOS,1,0.000,500.00,,,8.000,,,,22-26,,1925,1,,
307,P-0307,Gobind Suit set OP,34,,,,350.00,400.00,20.00,0.00,0.00,0.00,379.00,NOS,NOS,NOS,1,0.000,500.00,,,4.000,,,,22-26,,1923,1,,
307,P-0307,Gobind Suit set OP,34,,,,350.00,400.00,20.00,0.00,0.00,0.00,379.00,NOS,NOS,NOS,1,0.000,500.00,,,4.000,,,,22-26,,1926,1,,
307,P-0307,Gobind Suit set OP,34,,,,350.00,400.00,20.00,0.00,0.00,0.00,379.00,NOS,NOS,NOS,1,0.000,500.00,,,3.000,,,,22-26,,1927,1,,
307,P-0307,Gobind Suit set OP,34,,,,350.00,400.00,20.00,0.00,0.00,0.00,379.00,NOS,NOS,NOS,1,0.000,500.00,,,6.000,,,,22-26,,1928,1,,
307,P-0307,Gobind Suit set OP,34,,,,350.00,400.00,20.00,0.00,0.00,0.00,379.00,NOS,NOS,NOS,1,0.000,500.00,,,3.000,,,,22-26,,1929,1,,
307,P-0307,Gobind Suit set OP,34,,,,350.00,400.00,20.00,0.00,0.00,0.00,379.00,NOS,NOS,NOS,1,0.000,500.00,,,4.000,,,,22-26,,1930,1,,
307,P-0307,Gobind Suit set OP,34,,,,350.00,400.00,20.00,0.00,0.00,0.00,379.00,NOS,NOS,NOS,1,0.000,500.00,,,4.000,,,,22-26,,1931,1,,
1283,P-1283,gobind tshirt jeans 1336,32,,,,336.00,460.00,20.00,0.00,0.00,0.00,350.00,NOS,NOS,NOS,1,0.000,575.00,,,0.000,,,,,,3733,1,,
1284,P-1284,gobind tshirt jeans 1341,32,,,,341.00,480.00,20.00,0.00,0.00,0.00,350.00,NOS,NOS,NOS,1,0.000,600.00,,,0.000,,,,,,3734,1,,
2307,P-2307,Gobind1380,34,,,,380.00,650.00,20.00,0.00,0.00,0.00,399.00,NOS,NOS,NOS,1,0.000,1140.00,,,0.000,,,,,,4892,1,,
576,P-0576,Golu 1270,87,,,,270.00,380.00,0.00,0.00,0.00,0.00,300.00,NOS,NOS,NOS,1,0.000,475.00,,,0.000,,,,,,2645,1,,
2849,P-2849,Golu molu 1160,16,,,,160.00,288.00,20.00,0.00,0.00,0.00,199.00,NOS,NOS,NOS,1,0.000,480.00,,,0.000,,,,,,5470,1,,
3381,P-3381,Golu molu 1180,20,,,,180.00,325.00,20.00,0.00,0.00,0.00,199.00,NOS,NOS,NOS,1,0.000,540.00,,,0.000,,,,,,6061,1,,
2483,P-2483,Golu molu 1190,20,,,,190.00,325.00,20.00,0.00,0.00,0.00,179.00,NOS,NOS,NOS,1,0.000,570.00,,,0.000,,,,,,5067,1,,
2245,P-2245,Golu Molu 1220,20,,,,220.00,375.00,20.00,0.00,0.00,0.00,299.00,NOS,NOS,NOS,1,0.000,660.00,,,0.000,,,,,,4830,1,,
1055,P-1055,Golu molu 1225,20,,,,225.00,310.00,20.00,0.00,0.00,0.00,259.00,NOS,NOS,NOS,1,0.000,388.00,,,0.000,,,,,,3505,1,,
1054,P-1054,Golu Molu 1230,20,,,,230.00,400.00,20.00,0.00,0.00,0.00,269.00,NOS,NOS,NOS,1,0.000,710.00,,,0.000,,,,,,3504,1,,
2247,P-2247,Golu molu 1240,20,,,,240.00,425.00,20.00,0.00,0.00,0.00,299.00,NOS,NOS,NOS,1,0.000,720.00,,,0.000,,,,,,4832,1,,
558,P-0558,Golu molu 1250,87,,,,250.00,340.00,0.00,0.00,0.00,0.00,300.00,NOS,NOS,NOS,1,0.000,425.00,,,0.000,,,,,,2627,1,,
502,P-0502,Golu Molu 1255,87,,,,255.00,360.00,0.00,0.00,0.00,0.00,300.00,NOS,NOS,NOS,1,0.000,450.00,,,0.000,,,,,,2571,1,,
2256,P-2256,Golu Molu 1260,20,,,,260.00,450.00,20.00,0.00,0.00,0.00,299.00,NOS,NOS,NOS,1,0.000,780.00,,,0.000,,,,,,4841,1,,
578,P-0578,Golu molu 1270,87,,,,270.00,475.00,0.00,0.00,0.00,0.00,300.00,NOS,NOS,NOS,1,0.000,810.00,,,0.000,,,,,,2647,1,,
503,P-0503,Golu Molu 1275,87,,,,275.00,380.00,20.00,0.00,0.00,0.00,300.00,NOS,NOS,NOS,1,0.000,475.00,,,0.000,,,,,,2572,1,,
557,P-0557,Golu molu 1280,87,,,,280.00,380.00,0.00,0.00,0.00,0.00,300.00,NOS,NOS,NOS,1,0.000,475.00,,,0.000,,,,,,2626,1,,
1672,P-1672,Golu Molu 1285,19,,,,285.00,525.00,20.00,0.00,0.00,0.00,299.00,NOS,NOS,NOS,1,0.000,855.00,,,0.000,,,,,,4228,1,,
1971,P-1971,Golu molu 1290,87,,,,290.00,500.00,20.00,0.00,0.00,0.00,299.00,NOS,NOS,NOS,1,0.000,870.00,,,0.000,,,,,,4537,1,,
556,P-0556,Golu molu 1295,87,,,,295.00,500.00,20.00,0.00,0.00,0.00,300.00,NOS,NOS,NOS,1,0.000,885.00,,,0.000,,,,,,2625,1,,
2470,P-2470,Golu molu 1325,52,,,,325.00,575.00,20.00,0.00,0.00,0.00,379.00,NOS,NOS,NOS,1,0.000,975.00,,,0.000,,,,,,5056,1,,
2022,P-2022,Golu molu 1370,87,,,,370.00,650.00,20.00,0.00,0.00,0.00,399.00,NOS,NOS,NOS,1,0.000,1110.00,,,0.000,,,,,,4606,1,,
606,P-0606,GREST 1350,87,,,,350.00,480.00,20.00,0.00,0.00,0.00,399.00,NOS,NOS,NOS,1,0.000,600.00,,,0.000,,,,,,2675,1,,
596,P-0596,GREST 1400,83,,,,400.00,544.00,20.00,0.00,0.00,0.00,499.00,NOS,NOS,NOS,1,0.000,680.00,,,0.000,,,,,,2665,1,,
595,P-0595,GREST 1750,83,,,,750.00,1020.00,20.00,0.00,0.00,0.00,799.00,NOS,NOS,NOS,1,0.000,1275.00,,,0.000,,,,,,2664,1,,
597,P-0597,GREST 1750-1,83,,,,750.00,1020.00,20.00,0.00,0.00,0.00,799.00,NOS,NOS,NOS,1,0.000,1275.00,,,0.000,,,,,,2666,1,,
125,P-0125,GUD-2 547-0 1340,20,,,,340.00,460.00,20.00,0.00,0.00,0.00,300.00,NOS,NOS,NOS,1,0.000,575.00,Boy's counter,,3.000,,,,,,1266,1,,
106,P-0106,GUDDU 1031-0,20,gbb,,,230.00,320.00,0.00,0.00,0.00,0.00,250.00,NOS,NOS,NOS,1,0.000,400.00,Boy's counter,,3.000,,,,,,1247,1,,
3373,P-3373,Guddu 1145,20,,,,145.00,250.00,20.00,0.00,0.00,0.00,149.00,NOS,NOS,NOS,1,0.000,435.00,,,0.000,,,,,,6053,1,,
2481,P-2481,Guddu 1155,20,,,,155.00,275.00,20.00,0.00,0.00,0.00,179.00,NOS,NOS,NOS,1,0.000,465.00,,,0.000,,,,,,5069,1,,
2475,P-2475,Guddu 1185,52,,,,185.00,325.00,20.00,0.00,0.00,0.00,199.00,NOS,NOS,NOS,1,0.000,555.00,,,0.000,,,,,,5061,1,,
3374,P-3374,Guddu 1190,20,,,,190.00,325.00,20.00,0.00,0.00,0.00,199.00,NOS,NOS,NOS,1,0.000,570.00,,,0.000,,,,,,6054,1,,
3399,P-3399,Guddu 1200,20,,,,200.00,350.00,20.00,0.00,0.00,0.00,299.00,NOS,NOS,NOS,1,0.000,600.00,,,0.000,,,,,,6080,1,,
2449,P-2449,Guddu 1215,20,,,,215.00,375.00,20.00,0.00,0.00,0.00,299.00,NOS,NOS,NOS,1,0.000,645.00,,,0.000,,,,,,5035,1,,
3386,P-3386,Guddu 1240,20,,,,240.00,425.00,20.00,0.00,0.00,0.00,299.00,NOS,NOS,NOS,1,0.000,720.00,,,0.000,,,,,,6066,1,,
122,P-0122,guddu 1245,20,,,,245.00,340.00,20.00,0.00,0.00,0.00,250.00,NOS,NOS,NOS,1,0.000,425.00,Boy's counter,,1.000,,,,,,1263,1,,
3358,P-3358,Guddu 1260,16,,,,260.00,450.00,20.00,0.00,0.00,0.00,299.00,NOS,NOS,NOS,1,0.000,780.00,,,0.000,,,,,,6038,1,,
2248,P-2248,Guddu 1265,20,,,,265.00,450.00,20.00,0.00,0.00,0.00,299.00,NOS,NOS,NOS,1,0.000,795.00,,,0.000,,,,,,4833,1,,
2258,P-2258,Guddu 1275,20,,,,275.00,475.00,20.00,0.00,0.00,0.00,299.00,NOS,NOS,NOS,1,0.000,825.00,,,0.000,,,,,,4843,1,,
2244,P-2244,Guddu 1285,20,,,,285.00,500.00,20.00,0.00,0.00,0.00,299.00,NOS,NOS,NOS,1,0.000,855.00,,,0.000,,,,,,4827,1,,
3355,P-3355,Guddu 1295,16,,,,295.00,525.00,20.00,0.00,0.00,0.00,299.00,NOS,NOS,NOS,1,0.000,885.00,,,0.000,,,,,,6035,1,,
2257,P-2257,Guddu 1300,20,,,,300.00,525.00,20.00,0.00,0.00,0.00,399.00,NOS,NOS,NOS,1,0.000,900.00,,,0.000,,,,,,4842,1,,
3356,P-3356,Guddu 1325,16,,,,325.00,575.00,20.00,0.00,0.00,0.00,399.00,NOS,NOS,NOS,1,0.000,975.00,,,0.000,,,,,,6036,1,,
2851,P-2851,Guddu 1330,16,,,,330.00,575.00,20.00,0.00,0.00,0.00,399.00,NOS,NOS,NOS,1,0.000,990.00,,,0.000,,,,,,5473,1,,
894,P-0894,Guddu 1355,20,,,,355.00,500.00,20.00,0.00,0.00,0.00,400.00,NOS,NOS,NOS,1,0.000,625.00,,,0.000,,,,,,3343,1,,
2237,P-2237,Guddu 1360,7,,,,360.00,625.00,20.00,0.00,0.00,0.00,399.00,NOS,NOS,NOS,1,0.000,1080.00,,,0.000,,,,,,4822,1,,
897,P-0897,Guddu 1370,20,,,,370.00,520.00,20.00,0.00,0.00,0.00,400.00,NOS,NOS,NOS,1,0.000,650.00,,,0.000,,,,,,3346,1,,
898,P-0898,Guddu 1378,20,,,,378.00,530.00,20.00,0.00,0.00,0.00,400.00,NOS,NOS,NOS,1,0.000,660.00,,,0.000,,,,,,3347,1,,
880,P-0880,Guddu 1385,33,,,,385.00,540.00,20.00,0.00,0.00,0.00,400.00,NOS,NOS,NOS,1,0.000,675.00,,,0.000,,,,,,3329,1,,
899,P-0899,Guddu 1405,20,,,,405.00,700.00,20.00,0.00,0.00,0.00,450.00,NOS,NOS,NOS,1,0.000,1215.00,,,0.000,,,,,,3348,1,,
1709,P-1709,Guddu 1410,19,,,,410.00,725.00,20.00,0.00,0.00,0.00,499.00,NOS,NOS,NOS,1,0.000,1230.00,,,0.000,,,,,,4265,1,,
953,P-0953,Guddu 1415,20,,,,415.00,580.00,0.00,0.00,0.00,0.00,499.00,NOS,NOS,NOS,1,0.000,725.00,,,0.000,,,,,,3403,1,,
963,P-0963,Guddu 1415-1,20,,,,415.00,580.00,20.00,0.00,0.00,0.00,499.00,NOS,NOS,NOS,1,0.000,725.00,,,0.000,,,,,,3413,1,,
1708,P-1708,Guddu 1425,19,,,,425.00,750.00,20.00,0.00,0.00,0.00,499.00,NOS,NOS,NOS,1,0.000,1275.00,,,0.000,,,,,,4264,1,,
432,P-0432,Guddu 1450,86,,,,450.00,620.00,20.00,0.00,0.00,0.00,499.00,NOS,NOS,NOS,1,0.000,775.00,,,0.000,,,,,,2496,1,,
2464,P-2464,Guddu 1460,52,,,,460.00,788.00,20.00,0.00,0.00,0.00,499.00,NOS,NOS,NOS,1,0.000,1380.00,,,0.000,,,,,,5050,1,,
505,P-0505,Guddu 1540,87,,,,540.00,740.00,20.00,0.00,0.00,0.00,450.00,NOS,NOS,NOS,1,0.000,925.00,,,0.000,,,,,,2574,1,,
506,P-0506,Guddu 1545,87,,,,545.00,760.00,20.00,0.00,0.00,0.00,450.00,NOS,NOS,NOS,1,0.000,950.00,,,0.000,,,,,,2575,1,,
1974,P-1974,GUDDU 1585,87,,,,585.00,1000.00,20.00,0.00,0.00,0.00,599.00,NOS,NOS,NOS,1,0.000,1755.00,,,0.000,,,,,,4540,1,,
500,P-0500,Guddu 1590,87,,,,590.00,800.00,20.00,0.00,0.00,0.00,600.00,NOS,NOS,NOS,1,0.000,999.00,,,0.000,,,,,,2569,1,,
508,P-0508,Guddu 1590 -1,87,,,,590.00,800.00,20.00,0.00,0.00,0.00,650.00,NOS,NOS,NOS,1,0.000,999.00,,,0.000,,,,,,2577,1,,
1976,P-1976,Guddu 1610,87,,,,610.00,1050.00,20.00,0.00,0.00,0.00,699.00,NOS,NOS,NOS,1,0.000,1830.00,,,0.000,,,,,,4542,1,,
507,P-0507,Guddu 1615,87,,,,615.00,840.00,20.00,0.00,0.00,0.00,650.00,NOS,NOS,NOS,1,0.000,1050.00,,,0.000,,,,,,2576,1,,
108,P-0108,GUDDU 164-12 1145,20,gbb,,,145.00,230.00,20.00,0.00,0.00,0.00,188.00,NOS,NOS,NOS,1,0.000,288.00,Boy's counter,,3.000,,,,,,1249,1,,
2024,P-2024,Guddu 1670,87,,,,670.00,1150.00,20.00,0.00,0.00,0.00,699.00,NOS,NOS,NOS,1,0.000,2010.00,,,0.000,,,,,,4608,1,,
433,P-0433,Guddu 1710,86,,,,710.00,960.00,20.00,0.00,0.00,0.00,750.00,NOS,NOS,NOS,1,0.000,1200.00,,,0.000,,,,,,2497,1,,
116,P-0116,guddu 176-12 1160,20,,,,160.00,200.00,20.00,0.00,0.00,0.00,188.00,NOS,NOS,NOS,1,0.000,250.00,Boy's counter,,2.000,,,,,,1257,1,,
113,P-0113,GUDDU 181-12 1129,20,,,,129.00,220.00,20.00,0.00,0.00,0.00,188.00,NOS,NOS,NOS,1,0.000,275.00,Boy's counter,,3.000,,,,,,1254,1,,
121,P-0121,GUDDU 184-12 1135,20,,,,135.00,200.00,20.00,0.00,0.00,0.00,120.00,NOS,NOS,NOS,1,0.000,250.00,Boy's counter,,2.000,,,,,,1262,1,,
127,P-0127,GUDDU 49104-0 1170,20,,,,170.00,252.00,20.00,0.00,0.00,0.00,199.00,NOS,NOS,NOS,1,0.000,315.00,Boy's counter,,3.000,,,,,,1268,1,,
431,P-0431,Guddu blanket 1635,86,,,,635.00,800.00,0.00,0.00,0.00,0.00,650.00,NOS,NOS,NOS,1,0.000,1000.00,,,0.000,,,,,,2495,1,,
430,P-0430,Guddu blanket 1645,86,,,,645.00,880.00,20.00,0.00,0.00,0.00,650.00,NOS,NOS,NOS,1,0.000,1100.00,,,0.000,,,,,,2494,1,,
74,P-0074,Gudiu,15,,,,230.00,360.00,20.00,0.00,0.00,0.00,330.00,NOS,NOS,NOS,1,0.000,450.00,Boy's counter,,6.000,,,,,,1193,1,,
74,P-0074,Gudiu,15,,,,230.00,360.00,20.00,0.00,0.00,0.00,330.00,NOS,NOS,NOS,1,0.000,450.00,Boy's counter,,2.000,,,,,,1194,1,,
74,P-0074,Gudiu,15,,,,230.00,360.00,20.00,0.00,0.00,0.00,330.00,NOS,NOS,NOS,1,0.000,450.00,Boy's counter,,1.000,,,,,,1195,1,,
74,P-0074,Gudiu,15,,,,230.00,360.00,20.00,0.00,0.00,0.00,330.00,NOS,NOS,NOS,1,0.000,450.00,Boy's counter,,1.000,,,,,,1196,1,,
74,P-0074,Gudiu,15,,,,230.00,360.00,20.00,0.00,0.00,0.00,330.00,NOS,NOS,NOS,1,0.000,450.00,Boy's counter,,3.000,,,,,,1197,1,,
74,P-0074,Gudiu,15,,,,230.00,360.00,20.00,0.00,0.00,0.00,330.00,NOS,NOS,NOS,1,0.000,450.00,Boy's counter,,4.000,,,,,,1198,1,,
74,P-0074,Gudiu,15,,,,230.00,360.00,20.00,0.00,0.00,0.00,330.00,NOS,NOS,NOS,1,0.000,450.00,Boy's counter,,2.000,,,,,,1199,1,,
1334,P-1334,Gudiu 1290,17,,,,290.00,440.00,20.00,0.00,0.00,0.00,299.00,NOS,NOS,NOS,1,0.000,550.00,,,0.000,,,,,,3785,1,,
3160,P-3160,Guff kid 1378,60,,,,378.00,650.00,20.00,0.00,0.00,0.00,399.00,NOS,NOS,NOS,1,0.000,1134.00,,,0.000,,,,,,5821,1,,
945,P-0945,Guff kids 1236,60,,,,236.00,340.00,20.00,0.00,0.00,0.00,299.00,NOS,NOS,NOS,1,0.000,425.00,,,0.000,,,,,,3395,1,,
961,P-0961,Guff kids 1307,20,,,,307.00,420.00,20.00,0.00,0.00,0.00,399.00,NOS,NOS,NOS,1,0.000,525.00,,,0.000,,,,,,3411,1,,
964,P-0964,Guff kids 1307 -1,60,,,,307.00,420.00,20.00,0.00,0.00,0.00,399.00,NOS,NOS,NOS,1,0.000,525.00,,,0.000,,,,,,3414,1,,
944,P-0944,Guff kids 1366,60,,,,366.00,500.00,20.00,0.00,0.00,0.00,399.00,NOS,NOS,NOS,1,0.000,625.00,,,0.000,,,,,,3394,1,,
3138,P-3138,Guffi 1124,60,,,,124.00,225.00,20.00,0.00,0.00,0.00,179.00,NOS,NOS,NOS,1,0.000,372.00,,,0.000,,,,,,5700,1,,
1206,P-1206,GUFFI 1136,20,,,,136.00,250.00,0.00,0.00,0.00,0.00,179.00,NOS,NOS,NOS,1,0.000,408.00,,,0.000,,,,,,3656,1,,
1091,P-1091,Guffi 1147,60,,,,147.00,300.00,20.00,0.00,0.00,0.00,200.00,NOS,NOS,NOS,1,0.000,441.00,,,0.000,,,,,,3541,1,,
1207,P-1207,GUFFI 1153,60,,,,153.00,275.00,20.00,0.00,0.00,0.00,159.00,NOS,NOS,NOS,1,0.000,459.00,,,0.000,,,,,,3657,1,,
1101,P-1101,Guffi 1158,60,,,,158.00,240.00,20.00,0.00,0.00,0.00,200.00,NOS,NOS,NOS,1,0.000,300.00,,,0.000,,,,,,3551,1,,
2196,P-2196,Guffi 1164,60,,,,164.00,288.00,20.00,0.00,0.00,0.00,179.00,NOS,NOS,NOS,1,0.000,492.00,,,0.000,,,,,,4781,1,,
1104,P-1104,Guffi 1170,60,,,,170.00,315.00,20.00,0.00,0.00,0.00,200.00,NOS,NOS,NOS,1,0.000,510.00,,,0.000,,,,,,3554,1,,
1102,P-1102,Guffi 1181,60,,,,181.00,325.00,20.00,0.00,0.00,0.00,200.00,NOS,NOS,NOS,1,0.000,540.00,,,0.000,,,,,,3552,1,,
1103,P-1103,Guffi 1198,60,,,,198.00,280.00,20.00,0.00,0.00,0.00,200.00,NOS,NOS,NOS,1,0.000,350.00,,,0.000,,,,,,3553,1,,
2820,P-2820,Guffi 1209,56,,,,209.00,375.00,20.00,0.00,0.00,0.00,299.00,NOS,NOS,NOS,1,0.000,627.00,,,0.000,,,,,,5441,1,,
2193,P-2193,Guffi 1237,60,,,,237.00,415.00,20.00,0.00,0.00,0.00,299.00,NOS,NOS,NOS,1,0.000,711.00,,,0.000,,,,,,4778,1,,
3139,P-3139,Guffi Kid 1283,60,,,,283.00,488.00,20.00,0.00,0.00,0.00,299.00,NOS,NOS,NOS,1,0.000,849.00,,,0.000,,,,,,5800,1,,
3164,P-3164,Guffi kid 1295,60,,,,295.00,500.00,20.00,0.00,0.00,0.00,299.00,NOS,NOS,NOS,1,0.000,885.00,,,0.000,,,,,,5825,1,,
3165,P-3165,Guffi kid 1378,60,,,,378.00,650.00,20.00,0.00,0.00,0.00,399.00,NOS,NOS,NOS,1,0.000,1134.00,,,0.000,,,,,,5826,1,,
2204,P-2204,Guffi kids 1384,60,,,,384.00,668.00,20.00,0.00,0.00,0.00,399.00,NOS,NOS,NOS,1,0.000,1152.00,,,0.000,,,,,,4789,1,,
238,P-0238,Guffi Kids OP Stock,56,gbb,,,192.00,300.00,0.00,0.00,0.00,0.00,249.00,NOS,NOS,NOS,1,0.000,375.00,,,1.000,,,,,,1658,1,,
241,P-0241,Guffi Kids OP Stock,56,gbb,,,115.00,300.00,20.00,0.00,0.00,0.00,249.00,NOS,NOS,NOS,1,0.000,375.00,,,3.000,,,,16X20,,1662,1,,
241,P-0241,Guffi Kids OP Stock,56,gbb,,,115.00,300.00,20.00,0.00,0.00,0.00,249.00,NOS,NOS,NOS,1,0.000,375.00,,,6.000,,,,16X20,,1661,1,,
878,P-0878,Guffkid 1330,33,,,,330.00,460.00,20.00,0.00,0.00,0.00,350.00,NOS,NOS,NOS,1,0.000,575.00,,,0.000,,,,,,3327,1,,
149,P-0149,Guffkid 313 1245,20,gbb,,,245.00,340.00,20.00,0.00,0.00,0.00,299.00,NOS,NOS,NOS,1,0.000,425.00,Boy's counter,,2.000,,,,,,1290,1,,
1738,P-1738,Guffkids 1389,56,,,,389.00,688.00,20.00,0.00,0.00,0.00,399.00,NOS,NOS,NOS,1,0.000,1167.00,,,0.000,,,,,,4294,1,,
2365,P-2365,H & M 1200,7,,,,200.00,350.00,20.00,0.00,0.00,0.00,249.00,NOS,NOS,NOS,1,0.000,600.00,,,0.000,,,,,,4952,1,,
1200,P-1200,H.S.G 1286,20,,,,286.00,400.00,20.00,0.00,0.00,0.00,299.00,NOS,NOS,NOS,1,0.000,500.00,,,0.000,,,,,,3650,1,,
1202,P-1202,H.S.G 1314,20,,,,314.00,440.00,20.00,0.00,0.00,0.00,399.00,NOS,NOS,NOS,1,0.000,550.00,,,0.000,,,,,,3652,1,,
1203,P-1203,H.S.G 1364,20,,,,364.00,520.00,20.00,0.00,0.00,0.00,399.00,NOS,NOS,NOS,1,0.000,650.00,,,0.000,,,,,,3653,1,,
746,P-0746,Half jacket 1550,10,,,,550.00,760.00,20.00,0.00,0.00,0.00,599.00,NOS,NOS,NOS,1,0.000,950.00,,,0.000,,,,,,3151,1,,
1451,P-1451,Half shirt,2,,,,300.00,600.00,20.00,0.00,0.00,0.00,399.00,NOS,NOS,NOS,1,0.000,900.00,,,0.000,,,,,,3953,1,,
1451,P-1451,Half shirt,2,,,,300.00,600.00,20.00,0.00,0.00,0.00,399.00,NOS,NOS,NOS,1,0.000,900.00,,,24.000,,,,,,3954,1,,
1451,P-1451,Half shirt,2,,,,300.00,600.00,20.00,0.00,0.00,0.00,399.00,NOS,NOS,NOS,1,0.000,900.00,,,0.000,,,,,,3955,1,,
1451,P-1451,Half shirt,2,,,,300.00,600.00,20.00,0.00,0.00,0.00,399.00,NOS,NOS,NOS,1,0.000,900.00,,,0.000,,,,,,3956,1,,
1491,P-1491,HALSTEN T SHIRT 1265,7,,,,265.00,475.00,20.00,0.00,0.00,0.00,270.00,NOS,NOS,NOS,1,0.000,795.00,,,0.000,,,,,,4050,1,,
2269,P-2269,Halstin 1200,20,,,,200.00,350.00,20.00,0.00,0.00,0.00,275.00,NOS,NOS,NOS,1,0.000,600.00,,,0.000,,,,,,4854,1,,
1441,P-1441,Hankey,131,,,,10.00,24.00,20.00,0.00,0.00,0.00,12.00,NOS,NOS,NOS,1,0.000,30.00,,,0.000,,,,,,3916,1,,
1681,P-1681,Hans 1200,4,,,,200.00,375.00,20.00,0.00,0.00,0.00,299.00,NOS,NOS,NOS,1,0.000,600.00,,,0.000,,,,,,4237,1,,
1015,P-1015,Hans lower 1155,18,,,,155.00,230.00,20.00,0.00,0.00,0.00,159.00,NOS,NOS,NOS,1,0.000,288.00,,,0.000,,,,,,3465,1,,
1014,P-1014,Hans lower 1200,18,,,,200.00,280.00,20.00,0.00,0.00,0.00,239.00,NOS,NOS,NOS,1,0.000,350.00,,,0.000,,,,,,3464,1,,
1196,P-1196,HARRY 1140,16,,,,140.00,200.00,20.00,0.00,0.00,0.00,191.00,NOS,NOS,NOS,1,0.000,250.00,,,0.000,,,,,,3646,1,,
3554,P-3554,Harry 1160,33,,,,160.00,300.00,20.00,0.00,0.00,0.00,179.00,NOS,NOS,NOS,1,0.000,480.00,,,0.000,,,,,,6238,1,,
3556,P-3556,Harry 1195,33,,,,195.00,350.00,20.00,0.00,0.00,0.00,199.00,NOS,NOS,NOS,1,0.000,585.00,,,0.000,,,,,,6240,1,,
3555,P-3555,Harry 1220,33,,,,220.00,375.00,20.00,0.00,0.00,0.00,279.00,NOS,NOS,NOS,1,0.000,660.00,,,0.000,,,,,,6239,1,,
1786,P-1786,Harry 1225,56,,,,225.00,425.00,20.00,0.00,0.00,0.00,299.00,NOS,NOS,NOS,1,0.000,675.00,,,0.000,,,,,,4342,1,,
160,P-0160,harry 1604 1170,16,gbb,,,170.00,240.00,20.00,0.00,0.00,0.00,199.00,NOS,NOS,NOS,1,0.000,300.00,Boy's counter,,9.000,,,,,,1301,1,,
1359,P-1359,Hat 1083,126,,,,83.00,150.00,0.00,0.00,0.00,0.00,89.00,NOS,NOS,NOS,1,0.000,188.00,,,0.000,,,,,,3810,1,,
1358,P-1358,Hat 1089,126,,,,89.00,150.00,0.00,0.00,0.00,0.00,99.00,NOS,NOS,NOS,1,0.000,188.00,,,0.000,,,,,,3809,1,,
1357,P-1357,Hat 1138,126,,,,138.00,200.00,0.00,0.00,0.00,0.00,139.00,NOS,NOS,NOS,1,0.000,250.00,,,0.000,,,,,,3808,1,,
2286,P-2286,HC 1138,20,,,,138.00,250.00,20.00,0.00,0.00,0.00,149.00,NOS,NOS,NOS,1,0.000,414.00,,,0.000,,,,,,4871,1,,
2479,P-2479,HC 1160,20,,,,160.00,275.00,20.00,0.00,0.00,0.00,199.00,NOS,NOS,NOS,1,0.000,480.00,,,0.000,,,,,,5065,1,,
2428,P-2428,HC 1171,20,,,,171.00,300.00,20.00,0.00,0.00,0.00,199.00,NOS,NOS,NOS,1,0.000,525.00,,,0.000,,,,,,5014,1,,
2422,P-2422,HC 1182,20,,,,182.00,325.00,20.00,0.00,0.00,0.00,199.00,NOS,NOS,NOS,1,0.000,546.00,,,0.000,,,,,,5008,1,,
161,P-0161,HC 55 1130,16,gbb,,,130.00,200.00,0.00,0.00,0.00,0.00,150.00,NOS,NOS,NOS,1,0.000,250.00,Boy's counter,,5.000,,,,,,1302,1,,
3238,P-3238,HC 55 1132,16,,,,132.00,250.00,20.00,0.00,0.00,0.00,199.00,NOS,NOS,NOS,1,0.000,396.00,,,0.000,,,,,,5904,1,,
3237,P-3237,HC 55 1149,16,,,,149.00,275.00,20.00,0.00,0.00,0.00,199.00,NOS,NOS,NOS,1,0.000,447.00,,,0.000,,,,,,5903,1,,
3216,P-3216,HC 55 1154,39,,,,154.00,275.00,20.00,0.00,0.00,0.00,199.00,NOS,NOS,NOS,1,0.000,462.00,,,0.000,,,,,,5877,1,,
2281,P-2281,HC 55 1165,20,,,,165.00,288.00,20.00,0.00,0.00,0.00,199.00,NOS,NOS,NOS,1,0.000,495.00,,,0.000,,,,,,4867,1,,
3267,P-3267,HC 55 1176,16,,,,176.00,315.00,20.00,0.00,0.00,0.00,199.00,NOS,NOS,NOS,1,0.000,528.00,,,0.000,,,,,,5934,1,,
2834,P-2834,HC -55 1209,16,,,,209.00,375.00,20.00,0.00,0.00,0.00,299.00,NOS,NOS,NOS,1,0.000,627.00,,,0.000,,,,,,5455,1,,
2835,P-2835,HC -55 1215,16,,,,215.00,375.00,20.00,0.00,0.00,0.00,299.00,NOS,NOS,NOS,1,0.000,645.00,,,0.000,,,,,,5456,1,,
1922,P-1922,HC Sweat shirt 1165,87,,,,165.00,300.00,20.00,0.00,0.00,0.00,199.00,NOS,NOS,NOS,1,0.000,495.00,,,0.000,,,,,,4485,1,,
187,P-0187,Hebbit B2658 1380,42,gbb,,,380.00,520.00,20.00,0.00,0.00,0.00,299.00,NOS,NOS,NOS,1,0.000,650.00,Boy's counter,,3.000,,,,,,1405,1,,
1235,P-1235,HEY CUTE 1125,60,,,,125.00,180.00,20.00,0.00,0.00,0.00,139.00,NOS,NOS,NOS,1,0.000,225.00,,,0.000,,,,,,3685,1,,
1234,P-1234,HEY CUTE 1135,60,,,,135.00,200.00,20.00,0.00,0.00,0.00,149.00,NOS,NOS,NOS,1,0.000,250.00,,,0.000,,,,,,3684,1,,
1233,P-1233,HEY CUTE 1140,20,,,,140.00,280.00,20.00,0.00,0.00,0.00,199.00,NOS,NOS,NOS,1,0.000,350.00,,,0.000,,,,,,3683,1,,
1141,P-1141,Hey Cute 1195,60,,,,195.00,280.00,20.00,0.00,0.00,0.00,250.00,NOS,NOS,NOS,1,0.000,350.00,,,0.000,,,,,,3591,1,,
1140,P-1140,Hey Cute 1200,60,,,,200.00,300.00,20.00,0.00,0.00,0.00,250.00,NOS,NOS,NOS,1,0.000,375.00,,,0.000,,,,,,3590,1,,
1138,P-1138,Hey Cute 1225,60,,,,225.00,320.00,20.00,0.00,0.00,0.00,250.00,NOS,NOS,NOS,1,0.000,399.00,,,0.000,,,,,,3588,1,,
1139,P-1139,Hey Cute 1230,60,,,,230.00,330.00,20.00,0.00,0.00,0.00,250.00,NOS,NOS,NOS,1,0.000,415.00,,,0.000,,,,,,3589,1,,
1136,P-1136,Hey Cute 1265,60,,,,265.00,370.00,20.00,0.00,0.00,0.00,300.00,NOS,NOS,NOS,1,0.000,465.00,,,0.000,,,,,,3586,1,,
1137,P-1137,Hey Cute 1270,60,,,,270.00,390.00,0.00,0.00,0.00,0.00,300.00,NOS,NOS,NOS,1,0.000,488.00,,,0.000,,,,,,3587,1,,
1211,P-1211,HEY CUTIE 1115,60,,,,115.00,180.00,20.00,0.00,0.00,0.00,169.00,NOS,NOS,NOS,1,0.000,225.00,,,0.000,,,,,,3661,1,,
1214,P-1214,HEY CUTIE 1125,60,,,,125.00,180.00,20.00,0.00,0.00,0.00,199.00,NOS,NOS,NOS,1,0.000,225.00,,,0.000,,,,,,3664,1,,
1210,P-1210,HEY CUTIE 1150,60,,,,150.00,220.00,20.00,0.00,0.00,0.00,199.00,NOS,NOS,NOS,1,0.000,275.00,,,0.000,,,,,,3660,1,,
1212,P-1212,HEY CUTIE 1160,20,,,,160.00,230.00,20.00,0.00,0.00,0.00,179.00,NOS,NOS,NOS,1,0.000,288.00,,,0.000,,,,,,3662,1,,
1213,P-1213,HEY CUTIE 1170,60,,,,170.00,240.00,20.00,0.00,0.00,0.00,199.00,NOS,NOS,NOS,1,0.000,300.00,,,0.000,,,,,,3663,1,,
2147,P-2147,Hey cutie 1204,60,,,,204.00,350.00,20.00,0.00,0.00,0.00,299.00,NOS,NOS,NOS,1,0.000,612.00,,,0.000,,,,,,4732,1,,
2148,P-2148,Hey cutie 1212,60,,,,212.00,375.00,20.00,0.00,0.00,0.00,299.00,NOS,NOS,NOS,1,0.000,636.00,,,0.000,,,,,,4733,1,,
2144,P-2144,Hey cutie 1226,60,,,,226.00,400.00,20.00,0.00,0.00,0.00,299.00,NOS,NOS,NOS,1,0.000,678.00,,,0.000,,,,,,4729,1,,
2145,P-2145,Hey cutie 1264,60,,,,264.00,450.00,20.00,0.00,0.00,0.00,299.00,NOS,NOS,NOS,1,0.000,792.00,,,0.000,,,,,,4730,1,,
2146,P-2146,Hey cutie 1303,60,,,,303.00,525.00,20.00,0.00,0.00,0.00,399.00,NOS,NOS,NOS,1,0.000,909.00,,,0.000,,,,,,4731,1,,
188,P-0188,Hey kitty,43,gbb,,,330.00,454.00,0.00,0.00,0.00,0.00,299.00,NOS,NOS,NOS,1,0.000,568.00,,,2.000,,,,32,,1406,1,,
188,P-0188,Hey kitty,43,gbb,,,330.00,454.00,0.00,0.00,0.00,0.00,299.00,NOS,NOS,NOS,1,0.000,568.00,,,1.000,,,,,,1407,1,,
188,P-0188,Hey kitty,43,gbb,,,330.00,454.00,0.00,0.00,0.00,0.00,299.00,NOS,NOS,NOS,1,0.000,568.00,,,1.000,,,,,,1408,1,,
188,P-0188,Hey kitty,43,gbb,,,330.00,454.00,0.00,0.00,0.00,0.00,299.00,NOS,NOS,NOS,1,0.000,568.00,,,2.000,,,,26,,1409,1,,
2682,P-2682,HI Flyers COTTON SPANDEX TRUNK,57,,,,145.00,250.00,20.00,0.00,0.00,0.00,159.00,NOS,NOS,NOS,1,0.000,259.00,,,2.000,,,,S,,5264,1,,
2682,P-2682,HI Flyers COTTON SPANDEX TRUNK,57,,,,145.00,250.00,20.00,0.00,0.00,0.00,159.00,NOS,NOS,NOS,1,0.000,259.00,,,8.000,,,,M,,5265,1,,
2682,P-2682,HI Flyers COTTON SPANDEX TRUNK,57,,,,145.00,250.00,20.00,0.00,0.00,0.00,159.00,NOS,NOS,NOS,1,0.000,259.00,,,7.000,,,,L,,5266,1,,
2682,P-2682,HI Flyers COTTON SPANDEX TRUNK,57,,,,145.00,250.00,20.00,0.00,0.00,0.00,159.00,NOS,NOS,NOS,1,0.000,259.00,,,0.000,,,,XL,,5267,1,,
2682,P-2682,HI Flyers COTTON SPANDEX TRUNK,57,,,,145.00,250.00,20.00,0.00,0.00,0.00,159.00,NOS,NOS,NOS,1,0.000,259.00,,,0.000,,,,XXL,,5268,1,,
504,P-0504,Hi speed 1425,87,,,,425.00,580.00,20.00,0.00,0.00,0.00,450.00,NOS,NOS,NOS,1,0.000,725.00,,,0.000,,,,,,2573,1,,
334,P-0334,HiFiyers Tshirt,26,,,,178.00,271.00,20.00,0.00,0.00,0.00,199.00,NOS,NOS,NOS,1,0.000,339.00,,,1.000,,,,S,,2014,1,,
334,P-0334,HiFiyers Tshirt,26,,,,178.00,271.00,20.00,0.00,0.00,0.00,199.00,NOS,NOS,NOS,1,0.000,339.00,,,1.000,,,,S,,2015,1,,
334,P-0334,HiFiyers Tshirt,26,,,,178.00,271.00,20.00,0.00,0.00,0.00,199.00,NOS,NOS,NOS,1,0.000,339.00,,,4.000,,,,S,,2016,1,,
334,P-0334,HiFiyers Tshirt,26,,,,178.00,271.00,20.00,0.00,0.00,0.00,199.00,NOS,NOS,NOS,1,0.000,339.00,,,6.000,,,,S,,2017,1,,
334,P-0334,HiFiyers Tshirt,26,,,,178.00,271.00,20.00,0.00,0.00,0.00,199.00,NOS,NOS,NOS,1,0.000,339.00,,,5.000,,,,S,,2018,1,,
334,P-0334,HiFiyers Tshirt,26,,,,178.00,271.00,20.00,0.00,0.00,0.00,199.00,NOS,NOS,NOS,1,0.000,339.00,,,1.000,,,,M,,2019,1,,
334,P-0334,HiFiyers Tshirt,26,,,,178.00,271.00,20.00,0.00,0.00,0.00,199.00,NOS,NOS,NOS,1,0.000,339.00,,,3.000,,,,M,,2020,1,,
334,P-0334,HiFiyers Tshirt,26,,,,178.00,271.00,20.00,0.00,0.00,0.00,199.00,NOS,NOS,NOS,1,0.000,339.00,,,6.000,,,,M,,2021,1,,
334,P-0334,HiFiyers Tshirt,26,,,,178.00,271.00,20.00,0.00,0.00,0.00,199.00,NOS,NOS,NOS,1,0.000,339.00,,,6.000,,,,M,,2022,1,,
334,P-0334,HiFiyers Tshirt,26,,,,178.00,271.00,20.00,0.00,0.00,0.00,199.00,NOS,NOS,NOS,1,0.000,339.00,,,4.000,,,,L,,2023,1,,
334,P-0334,HiFiyers Tshirt,26,,,,178.00,271.00,20.00,0.00,0.00,0.00,199.00,NOS,NOS,NOS,1,0.000,339.00,,,6.000,,,,XXL,,2025,1,,
334,P-0334,HiFiyers Tshirt,26,,,,178.00,271.00,20.00,0.00,0.00,0.00,199.00,NOS,NOS,NOS,1,0.000,339.00,,,1.000,,,,XL,,2026,1,,
334,P-0334,HiFiyers Tshirt,26,,,,178.00,271.00,20.00,0.00,0.00,0.00,199.00,NOS,NOS,NOS,1,0.000,339.00,,,1.000,,,,XL,,2027,1,,
78,P-0078,Hiflyers (lower),18,,,,350.00,492.00,20.00,0.00,0.00,0.00,300.00,NOS,NOS,NOS,1,0.000,615.00,Boy's counter,,4.000,,,,,,1221,1,,
346,P-0346,HiFlyers Capry,38,,,,208.00,320.00,20.00,2.50,2.50,0.00,239.00,NOS,NOS,NOS,1,0.000,399.00,,,3.000,,,,,,8904122400101,1,,
1449,P-1449,Hiflyers kids lower,18,,,,200.00,494.00,20.00,0.00,0.00,0.00,299.00,NOS,NOS,NOS,1,0.000,494.00,,,3.000,,,,,,3950,1,,
1417,P-1417,HiFlyers printed boxer short,8,,,,299.00,510.00,20.00,0.00,0.00,0.00,399.00,NOS,NOS,NOS,1,0.000,510.00,,,3.000,,,,L,,8904122400972,1,,
1417,P-1417,HiFlyers printed boxer short,8,,,,299.00,510.00,20.00,0.00,0.00,0.00,399.00,NOS,NOS,NOS,1,0.000,510.00,,,3.000,,,,M,,8904122400965,1,,
1417,P-1417,HiFlyers printed boxer short,8,,,,299.00,510.00,20.00,0.00,0.00,0.00,399.00,NOS,NOS,NOS,1,0.000,510.00,,,4.000,,,,XXL,,8904122400996,1,,
1872,P-1872,High neck /1160,87,,,,160.00,275.00,20.00,0.00,0.00,0.00,199.00,NOS,NOS,NOS,1,0.000,480.00,,,0.000,,,,,,4427,1,,
749,P-0749,high neck 1160,2,,,,160.00,315.00,20.00,0.00,0.00,0.00,199.00,NOS,NOS,NOS,1,0.000,480.00,,,0.000,,,,,,3154,1,,
720,P-0720,high neck t shirt,52,,,,185.00,260.00,20.00,0.00,0.00,0.00,199.00,NOS,NOS,NOS,1,0.000,325.00,,,5.000,,,,,,3079,1,,
3245,P-3245,Himanshu 1101,33,,,,101.00,200.00,20.00,0.00,0.00,0.00,139.00,NOS,NOS,NOS,1,0.000,303.00,,,0.000,,,,,,5906,1,,
2216,P-2216,Himanshu 1108,33,,,,108.00,188.00,20.00,0.00,0.00,0.00,99.00,NOS,NOS,NOS,1,0.000,324.00,,,0.000,,,,,,4801,1,,
1058,P-1058,Himanshu 1116,20,,,,116.00,180.00,20.00,0.00,0.00,0.00,159.00,NOS,NOS,NOS,1,0.000,225.00,,,0.000,,,,,,3508,1,,
1060,P-1060,himanshu 1132,20,,,,132.00,200.00,20.00,0.00,0.00,0.00,149.00,NOS,NOS,NOS,1,0.000,250.00,,,0.000,,,,,,3510,1,,
2217,P-2217,Himanshu 1136,33,,,,136.00,250.00,20.00,0.00,0.00,0.00,149.00,NOS,NOS,NOS,1,0.000,408.00,,,0.000,,,,,,4802,1,,
1008,P-1008,Himanshu 1140,20,,,,140.00,200.00,20.00,0.00,0.00,0.00,149.00,NOS,NOS,NOS,1,0.000,250.00,,,0.000,,,,,,3458,1,,
2228,P-2228,Himanshu 1146,7,,,,146.00,250.00,20.00,0.00,0.00,0.00,149.00,NOS,NOS,NOS,1,0.000,480.00,,,0.000,,,,,,4813,1,,
1059,P-1059,Himanshu 1148,20,,,,148.00,220.00,0.00,0.00,0.00,0.00,149.00,NOS,NOS,NOS,1,0.000,275.00,,,0.000,,,,,,3509,1,,
1009,P-1009,Himanshu 1156,20,,,,156.00,230.00,20.00,0.00,0.00,0.00,159.00,NOS,NOS,NOS,1,0.000,288.00,,,0.000,,,,,,3459,1,,
1042,P-1042,Himanshu 1160,60,,,,160.00,275.00,20.00,0.00,0.00,0.00,199.00,NOS,NOS,NOS,1,0.000,480.00,,,0.000,,,,,,3492,1,,
1044,P-1044,himanshu 1180,20,,,,180.00,252.00,20.00,0.00,0.00,0.00,199.00,NOS,NOS,NOS,1,0.000,315.00,,,0.000,,,,,,3494,1,,
2226,P-2226,Himanshu 1207,7,,,,207.00,375.00,20.00,0.00,0.00,0.00,299.00,NOS,NOS,NOS,1,0.000,621.00,,,0.000,,,,,,4811,1,,
2227,P-2227,Himanshu 1208,7,,,,208.00,375.00,20.00,0.00,0.00,0.00,299.00,NOS,NOS,NOS,1,0.000,624.00,,,0.000,,,,,,4812,1,,
1041,P-1041,Himanshu 1218,20,,,,218.00,300.00,20.00,0.00,0.00,0.00,259.00,NOS,NOS,NOS,1,0.000,375.00,,,0.000,,,,,,3491,1,,
1043,P-1043,Himnshu 1257,20,,,,257.00,360.00,20.00,0.00,0.00,0.00,299.00,NOS,NOS,NOS,1,0.000,450.00,,,0.000,,,,,,3493,1,,
2900,P-2900,HMC 1540,97,,,,540.00,925.00,20.00,0.00,0.00,0.00,599.00,NOS,NOS,NOS,1,0.000,1620.00,,,0.000,,,,,,5560,1,,
2889,P-2889,HMC 1580,97,,,,580.00,988.00,20.00,0.00,0.00,0.00,599.00,NOS,NOS,NOS,1,0.000,1740.00,,,0.000,,,,,,5511,1,,
1444,P-1444,Hold Valley lower,4,,,,250.00,475.00,20.00,0.00,0.00,0.00,299.00,NOS,NOS,NOS,1,0.000,740.00,,,0.000,,,,,,3919,1,,
1444,P-1444,Hold Valley lower,4,,,,250.00,475.00,20.00,0.00,0.00,0.00,299.00,NOS,NOS,NOS,1,0.000,740.00,,,0.000,,,,,,3920,1,,
1444,P-1444,Hold Valley lower,4,,,,250.00,475.00,20.00,0.00,0.00,0.00,299.00,NOS,NOS,NOS,1,0.000,740.00,,,0.000,,,,,,3921,1,,
1444,P-1444,Hold Valley lower,4,,,,250.00,475.00,20.00,0.00,0.00,0.00,299.00,NOS,NOS,NOS,1,0.000,740.00,,,0.000,,,,,,3922,1,,
1444,P-1444,Hold Valley lower,4,,,,250.00,475.00,20.00,0.00,0.00,0.00,299.00,NOS,NOS,NOS,1,0.000,740.00,,,0.000,,,,,,3923,1,,
1444,P-1444,Hold Valley lower,4,,,,250.00,475.00,20.00,0.00,0.00,0.00,299.00,NOS,NOS,NOS,1,0.000,740.00,,,0.000,,,,,,3924,1,,
1445,P-1445,Hold Valley nikkar,8,,,,170.00,300.00,20.00,0.00,0.00,0.00,179.00,NOS,NOS,NOS,1,0.000,510.00,,,0.000,,,,,,3930,1,,
1445,P-1445,Hold Valley nikkar,8,,,,170.00,300.00,20.00,0.00,0.00,0.00,179.00,NOS,NOS,NOS,1,0.000,510.00,,,0.000,,,,,,3931,1,,
1445,P-1445,Hold Valley nikkar,8,,,,170.00,300.00,20.00,0.00,0.00,0.00,179.00,NOS,NOS,NOS,1,0.000,510.00,,,0.000,,,,,,3932,1,,
715,P-0715,Hood for girs OP,101,,,,715.00,980.00,20.00,0.00,0.00,0.00,799.00,NOS,NOS,NOS,1,0.000,1225.00,,,2.000,,,,,,3042,1,,
715,P-0715,Hood for girs OP,101,,,,715.00,980.00,20.00,0.00,0.00,0.00,799.00,NOS,NOS,NOS,1,0.000,1225.00,,,6.000,,,,,,3043,1,,
715,P-0715,Hood for girs OP,101,,,,715.00,980.00,20.00,0.00,0.00,0.00,799.00,NOS,NOS,NOS,1,0.000,1225.00,,,16.000,,,,,,3044,1,,
715,P-0715,Hood for girs OP,101,,,,715.00,980.00,20.00,0.00,0.00,0.00,799.00,NOS,NOS,NOS,1,0.000,1225.00,,,9.000,,,,,,3045,1,,
715,P-0715,Hood for girs OP,101,,,,715.00,980.00,20.00,0.00,0.00,0.00,799.00,NOS,NOS,NOS,1,0.000,1225.00,,,1.000,,,,,,3046,1,,
715,P-0715,Hood for girs OP,101,,,,715.00,980.00,20.00,0.00,0.00,0.00,799.00,NOS,NOS,NOS,1,0.000,1225.00,,,1.000,,,,,,3047,1,,
715,P-0715,Hood for girs OP,101,,,,715.00,980.00,20.00,0.00,0.00,0.00,799.00,NOS,NOS,NOS,1,0.000,1225.00,,,5.000,,,,,,3048,1,,
715,P-0715,Hood for girs OP,101,,,,715.00,980.00,20.00,0.00,0.00,0.00,799.00,NOS,NOS,NOS,1,0.000,1225.00,,,5.000,,,,,,3049,1,,
715,P-0715,Hood for girs OP,101,,,,715.00,980.00,20.00,0.00,0.00,0.00,799.00,NOS,NOS,NOS,1,0.000,1225.00,,,8.000,,,,,,3050,1,,
715,P-0715,Hood for girs OP,101,,,,715.00,980.00,20.00,0.00,0.00,0.00,799.00,NOS,NOS,NOS,1,0.000,1225.00,,,2.000,,,,,,3051,1,,
715,P-0715,Hood for girs OP,101,,,,715.00,980.00,20.00,0.00,0.00,0.00,799.00,NOS,NOS,NOS,1,0.000,1225.00,,,8.000,,,,,,3052,1,,
715,P-0715,Hood for girs OP,101,,,,715.00,980.00,20.00,0.00,0.00,0.00,799.00,NOS,NOS,NOS,1,0.000,1225.00,,,2.000,,,,,,3053,1,,
715,P-0715,Hood for girs OP,101,,,,715.00,980.00,20.00,0.00,0.00,0.00,799.00,NOS,NOS,NOS,1,0.000,1225.00,,,1.000,,,,,,3054,1,,
715,P-0715,Hood for girs OP,101,,,,715.00,980.00,20.00,0.00,0.00,0.00,799.00,NOS,NOS,NOS,1,0.000,1225.00,,,1.000,,,,,,3055,1,,
715,P-0715,Hood for girs OP,101,,,,715.00,980.00,20.00,0.00,0.00,0.00,799.00,NOS,NOS,NOS,1,0.000,1225.00,,,5.000,,,,,,3056,1,,
715,P-0715,Hood for girs OP,101,,,,715.00,980.00,20.00,0.00,0.00,0.00,799.00,NOS,NOS,NOS,1,0.000,1225.00,,,2.000,,,,,,3057,1,,
711,P-0711,Hood for mans OP,7,,,,403.00,547.00,20.00,0.00,0.00,0.00,499.00,NOS,NOS,NOS,1,0.000,684.00,,,1.000,,,,,,3031,1,,
711,P-0711,Hood for mans OP,7,,,,403.00,547.00,20.00,0.00,0.00,0.00,499.00,NOS,NOS,NOS,1,0.000,684.00,,,3.000,,,,,,3032,1,,
711,P-0711,Hood for mans OP,7,,,,403.00,547.00,20.00,0.00,0.00,0.00,499.00,NOS,NOS,NOS,1,0.000,684.00,,,3.000,,,,,,3033,1,,
711,P-0711,Hood for mans OP,7,,,,403.00,547.00,20.00,0.00,0.00,0.00,499.00,NOS,NOS,NOS,1,0.000,684.00,,,6.000,,,,,,3034,1,,
657,P-0657,Hoodie,94,,,,105.00,230.00,20.00,0.00,0.00,0.00,199.00,NOS,NOS,NOS,1,0.000,288.00,,,1.000,,,,,,2755,1,,
657,P-0657,Hoodie,94,,,,105.00,230.00,20.00,0.00,0.00,0.00,199.00,NOS,NOS,NOS,1,0.000,288.00,,,5.000,,,,,,2756,1,,
657,P-0657,Hoodie,94,,,,105.00,230.00,20.00,0.00,0.00,0.00,199.00,NOS,NOS,NOS,1,0.000,288.00,,,11.000,,,,,,2757,1,,
657,P-0657,Hoodie,94,,,,105.00,230.00,20.00,0.00,0.00,0.00,199.00,NOS,NOS,NOS,1,0.000,288.00,,,1.000,,,,,,2758,1,,
657,P-0657,Hoodie,94,,,,105.00,230.00,20.00,0.00,0.00,0.00,199.00,NOS,NOS,NOS,1,0.000,288.00,,,5.000,,,,,,2759,1,,
657,P-0657,Hoodie,94,,,,105.00,230.00,20.00,0.00,0.00,0.00,199.00,NOS,NOS,NOS,1,0.000,288.00,,,6.000,,,,,,2760,1,,
657,P-0657,Hoodie,94,,,,105.00,230.00,20.00,0.00,0.00,0.00,199.00,NOS,NOS,NOS,1,0.000,288.00,,,2.000,,,,,,2761,1,,
657,P-0657,Hoodie,94,,,,105.00,230.00,20.00,0.00,0.00,0.00,199.00,NOS,NOS,NOS,1,0.000,288.00,,,1.000,,,,,,2762,1,,
657,P-0657,Hoodie,94,,,,105.00,230.00,20.00,0.00,0.00,0.00,199.00,NOS,NOS,NOS,1,0.000,288.00,,,1.000,,,,,,2763,1,,
657,P-0657,Hoodie,94,,,,105.00,230.00,20.00,0.00,0.00,0.00,199.00,NOS,NOS,NOS,1,0.000,288.00,,,3.000,,,,,,2764,1,,
657,P-0657,Hoodie,94,,,,105.00,230.00,20.00,0.00,0.00,0.00,199.00,NOS,NOS,NOS,1,0.000,288.00,,,1.000,,,,,,2765,1,,
694,P-0694,Hot Pot Dyed Vest FS HN,57,,,,229.00,300.00,20.00,2.50,2.50,0.00,299.00,NOS,NOS,NOS,1,0.000,375.00,,,0.000,,,,75,,2954,1,,
694,P-0694,Hot Pot Dyed Vest FS HN,57,,,,229.00,300.00,20.00,2.50,2.50,0.00,299.00,NOS,NOS,NOS,1,0.000,375.00,,,0.000,,,,80,,2955,1,,
694,P-0694,Hot Pot Dyed Vest FS HN,57,,,,229.00,300.00,20.00,2.50,2.50,0.00,299.00,NOS,NOS,NOS,1,0.000,375.00,,,0.000,,,,85,,2956,1,,
694,P-0694,Hot Pot Dyed Vest FS HN,57,,,,229.00,300.00,20.00,2.50,2.50,0.00,299.00,NOS,NOS,NOS,1,0.000,375.00,,,0.000,,,,90,,2957,1,,
694,P-0694,Hot Pot Dyed Vest FS HN,57,,,,229.00,300.00,20.00,2.50,2.50,0.00,299.00,NOS,NOS,NOS,1,0.000,375.00,,,0.000,,,,95,,2958,1,,
694,P-0694,Hot Pot Dyed Vest FS HN,57,,,,229.00,300.00,20.00,2.50,2.50,0.00,299.00,NOS,NOS,NOS,1,0.000,375.00,,,0.000,,,,100,,2959,1,,
695,P-0695,Hot Pot Thunder Trouser,57,,,,225.00,300.00,20.00,2.50,2.50,0.00,299.00,NOS,NOS,NOS,1,0.000,375.00,,,0.000,,,,75,,2960,1,,
695,P-0695,Hot Pot Thunder Trouser,57,,,,225.00,300.00,20.00,2.50,2.50,0.00,299.00,NOS,NOS,NOS,1,0.000,375.00,,,0.000,,,,80,,2961,1,,
695,P-0695,Hot Pot Thunder Trouser,57,,,,225.00,300.00,20.00,2.50,2.50,0.00,299.00,NOS,NOS,NOS,1,0.000,375.00,,,0.000,,,,85,,2962,1,,
695,P-0695,Hot Pot Thunder Trouser,57,,,,225.00,300.00,20.00,2.50,2.50,0.00,299.00,NOS,NOS,NOS,1,0.000,375.00,,,0.000,,,,90,,2963,1,,
695,P-0695,Hot Pot Thunder Trouser,57,,,,225.00,300.00,20.00,2.50,2.50,0.00,299.00,NOS,NOS,NOS,1,0.000,375.00,,,0.000,,,,95,,2964,1,,
695,P-0695,Hot Pot Thunder Trouser,57,,,,225.00,300.00,20.00,2.50,2.50,0.00,299.00,NOS,NOS,NOS,1,0.000,375.00,,,0.000,,,,100,,2965,1,,
696,P-0696,Hot Pot Thunder Vest FS RN,57,,,,204.00,300.00,20.00,2.50,2.50,0.00,239.00,NOS,NOS,NOS,1,0.000,375.00,,,0.000,,,,75,,2966,1,,
696,P-0696,Hot Pot Thunder Vest FS RN,57,,,,204.00,300.00,20.00,2.50,2.50,0.00,239.00,NOS,NOS,NOS,1,0.000,375.00,,,0.000,,,,80,,2967,1,,
696,P-0696,Hot Pot Thunder Vest FS RN,57,,,,204.00,300.00,20.00,2.50,2.50,0.00,239.00,NOS,NOS,NOS,1,0.000,375.00,,,0.000,,,,85,,2968,1,,
696,P-0696,Hot Pot Thunder Vest FS RN,57,,,,204.00,300.00,20.00,2.50,2.50,0.00,239.00,NOS,NOS,NOS,1,0.000,375.00,,,0.000,,,,90,,2969,1,,
696,P-0696,Hot Pot Thunder Vest FS RN,57,,,,204.00,300.00,20.00,2.50,2.50,0.00,239.00,NOS,NOS,NOS,1,0.000,375.00,,,0.000,,,,95,,2970,1,,
696,P-0696,Hot Pot Thunder Vest FS RN,57,,,,204.00,300.00,20.00,2.50,2.50,0.00,239.00,NOS,NOS,NOS,1,0.000,375.00,,,0.000,,,,100,,2971,1,,
697,P-0697,Hot Pot Thunnder Vest FS VN,57,,,,212.00,300.00,0.00,2.50,2.50,0.00,239.00,NOS,NOS,NOS,1,0.000,375.00,,,0.000,,,,75,,2972,1,,
697,P-0697,Hot Pot Thunnder Vest FS VN,57,,,,212.00,300.00,0.00,2.50,2.50,0.00,239.00,NOS,NOS,NOS,1,0.000,375.00,,,0.000,,,,80,,2973,1,,
697,P-0697,Hot Pot Thunnder Vest FS VN,57,,,,212.00,300.00,0.00,2.50,2.50,0.00,239.00,NOS,NOS,NOS,1,0.000,375.00,,,0.000,,,,85,,2974,1,,
697,P-0697,Hot Pot Thunnder Vest FS VN,57,,,,212.00,300.00,0.00,2.50,2.50,0.00,239.00,NOS,NOS,NOS,1,0.000,375.00,,,0.000,,,,90,,2975,1,,
697,P-0697,Hot Pot Thunnder Vest FS VN,57,,,,212.00,300.00,0.00,2.50,2.50,0.00,239.00,NOS,NOS,NOS,1,0.000,375.00,,,0.000,,,,95,,2976,1,,
697,P-0697,Hot Pot Thunnder Vest FS VN,57,,,,212.00,300.00,0.00,2.50,2.50,0.00,239.00,NOS,NOS,NOS,1,0.000,375.00,,,0.000,,,,100,,2977,1,,
688,P-0688,HP desire parker baby suit,86,61031200,,,167.00,220.00,20.00,2.50,2.50,0.00,200.00,NOS,NOS,NOS,1,1.000,275.00,,,6.000,,,,40/16,,2934,1,,
688,P-0688,HP desire parker baby suit,86,61031200,,,167.00,220.00,20.00,2.50,2.50,0.00,200.00,NOS,NOS,NOS,1,1.000,275.00,,,0.000,,,,14/35,,2935,1,,
688,P-0688,HP desire parker baby suit,86,61031200,,,167.00,220.00,20.00,2.50,2.50,0.00,200.00,NOS,NOS,NOS,1,1.000,275.00,,,0.000,,,,45/18,,2936,1,,
688,P-0688,HP desire parker baby suit,86,61031200,,,167.00,220.00,20.00,2.50,2.50,0.00,200.00,NOS,NOS,NOS,1,1.000,275.00,,,0.000,,,,50/20,,2937,1,,
3218,P-3218,Hry 1195,16,,,,195.00,350.00,20.00,0.00,0.00,0.00,199.00,NOS,NOS,NOS,1,0.000,585.00,,,0.000,,,,,,5879,1,,
1792,P-1792,Hry 1305,56,,,,305.00,550.00,20.00,0.00,0.00,0.00,399.00,NOS,NOS,NOS,1,0.000,915.00,,,0.000,,,,,,4348,1,,
3236,P-3236,Hry styles 1140,7,,,,140.00,250.00,20.00,0.00,0.00,0.00,199.00,NOS,NOS,NOS,1,0.000,420.00,,,0.000,,,,,,5902,1,,
1195,P-1195,HRY1155,16,,,,155.00,230.00,20.00,0.00,0.00,0.00,169.00,NOS,NOS,NOS,1,0.000,288.00,,,0.000,,,,,,3645,1,,
1114,P-1114,HSG 1280,33,,,,280.00,400.00,20.00,0.00,0.00,0.00,300.00,NOS,NOS,NOS,1,0.000,500.00,,,0.000,,,,,,3564,1,,
1115,P-1115,HSG 1291,33,,,,291.00,420.00,20.00,0.00,0.00,0.00,300.00,NOS,NOS,NOS,1,0.000,525.00,,,0.000,,,,,,3565,1,,
1119,P-1119,HSG 1314,33,,,,314.00,440.00,20.00,0.00,0.00,0.00,350.00,NOS,NOS,NOS,1,0.000,550.00,,,0.000,,,,,,3569,1,,
1120,P-1120,HSG 1325,33,,,,325.00,460.00,20.00,0.00,0.00,0.00,350.00,NOS,NOS,NOS,1,0.000,575.00,,,0.000,,,,,,3570,1,,
631,P-0631,I like U 1505,91,,,,505.00,688.00,20.00,0.00,0.00,0.00,599.00,NOS,NOS,NOS,1,0.000,860.00,,,0.000,,,,,,2700,1,,
632,P-0632,I like U 1508,91,,,,508.00,790.00,20.00,0.00,0.00,0.00,599.00,NOS,NOS,NOS,1,0.000,988.00,,,0.000,,,,,,2701,1,,
1723,P-1723,I Like U 1535,97,,,,535.00,950.00,20.00,0.00,0.00,0.00,599.00,NOS,NOS,NOS,1,0.000,1605.00,,,0.000,,,,,,4279,1,,
636,P-0636,I like U 1570,91,,,,570.00,780.00,0.00,0.00,0.00,0.00,599.00,NOS,NOS,NOS,1,0.000,975.00,,,0.000,,,,,,2705,1,,
634,P-0634,I like U 1585,91,,,,585.00,800.00,0.00,0.00,0.00,0.00,599.00,NOS,NOS,NOS,1,0.000,999.00,,,0.000,,,,,,2703,1,,
1900,P-1900,I like U 1595,87,,,,595.00,1025.00,20.00,0.00,0.00,0.00,595.00,NOS,NOS,NOS,1,0.000,1785.00,,,0.000,,,,,,4459,1,,
1725,P-1725,I Like U 1599,97,,,,599.00,1075.00,20.00,0.00,0.00,0.00,699.00,NOS,NOS,NOS,1,0.000,1797.00,,,0.000,,,,,,4281,1,,
635,P-0635,I like U 1670,91,,,,670.00,912.00,0.00,0.00,0.00,0.00,699.00,NOS,NOS,NOS,1,0.000,1140.00,,,0.000,,,,,,2704,1,,
1870,P-1870,ID SHIRT 1160,2,,,,160.00,315.00,20.00,0.00,0.00,0.00,199.00,NOS,NOS,NOS,1,0.000,480.00,,,0.000,,,,,,4487,1,,
1750,P-1750,Impressive 1118,56,,,,118.00,250.00,20.00,0.00,0.00,0.00,129.00,NOS,NOS,NOS,1,0.000,354.00,,,0.000,,,,,,4306,1,,
1752,P-1752,Impressive 1133,56,,,,133.00,288.00,20.00,0.00,0.00,0.00,199.00,NOS,NOS,NOS,1,0.000,399.00,,,0.000,,,,,,4308,1,,
1753,P-1753,Impressive 1148,56,,,,148.00,300.00,20.00,0.00,0.00,0.00,199.00,NOS,NOS,NOS,1,0.000,444.00,,,0.000,,,,,,4309,1,,
2183,P-2183,Impressive 1160,60,,,,160.00,300.00,20.00,0.00,0.00,0.00,169.00,NOS,NOS,NOS,1,0.000,480.00,,,0.000,,,,,,4768,1,,
1754,P-1754,Impressive 1163,56,,,,163.00,315.00,20.00,0.00,0.00,0.00,199.00,NOS,NOS,NOS,1,0.000,489.00,,,0.000,,,,,,4340,1,,
1751,P-1751,Impressive 1178,56,,,,178.00,375.00,20.00,0.00,0.00,0.00,199.00,NOS,NOS,NOS,1,0.000,534.00,,,0.000,,,,,,4307,1,,
1582,P-1582,Impressive 1185,56,,,,185.00,350.00,20.00,0.00,0.00,0.00,299.00,NOS,NOS,NOS,1,0.000,555.00,,,0.000,,,,,,4136,1,,
2169,P-2169,Impressive 1190,60,,,,190.00,325.00,20.00,0.00,0.00,0.00,199.00,NOS,NOS,NOS,1,0.000,570.00,,,0.000,,,,,,4754,1,,
2184,P-2184,Impressive 1205,60,,,,205.00,350.00,20.00,0.00,0.00,0.00,269.00,NOS,NOS,NOS,1,0.000,615.00,,,0.000,,,,,,4769,1,,
1567,P-1567,Impressive 1205,56,,,,205.00,375.00,20.00,0.00,0.00,0.00,299.00,NOS,NOS,NOS,1,0.000,615.00,,,0.000,,,,,,4121,1,,
2168,P-2168,Impressive 1220,60,,,,220.00,375.00,20.00,0.00,0.00,0.00,259.00,NOS,NOS,NOS,1,0.000,660.00,,,0.000,,,,,,4753,1,,
1566,P-1566,Impressive 1235,56,,,,235.00,425.00,20.00,0.00,0.00,0.00,299.00,NOS,NOS,NOS,1,0.000,705.00,,,0.000,,,,,,4120,1,,
1581,P-1581,Impressive 1245,56,,,,245.00,450.00,20.00,0.00,0.00,0.00,299.00,NOS,NOS,NOS,1,0.000,735.00,,,0.000,,,,,,4135,1,,
235,P-0235,Impressive GS-20/7,56,gbb,,,235.00,332.00,20.00,0.00,0.00,0.00,249.00,NOS,NOS,NOS,1,0.000,415.00,,,6.000,,,,28/32,,1653,1,,
235,P-0235,Impressive GS-20/7,56,gbb,,,235.00,332.00,20.00,0.00,0.00,0.00,249.00,NOS,NOS,NOS,1,0.000,415.00,,,6.000,,,,22/26,,1654,1,,
235,P-0235,Impressive GS-20/7,56,gbb,,,235.00,332.00,20.00,0.00,0.00,0.00,249.00,NOS,NOS,NOS,1,0.000,415.00,,,6.000,,,,20,,1655,1,,
2634,P-2634,In fine Jeans 1599,13,,,,599.00,1050.00,20.00,0.00,0.00,0.00,599.00,NOS,NOS,NOS,1,0.000,1797.00,,,0.000,,,,,,5220,1,,
2978,P-2978,In fine jeans 1629,44,,,,629.00,1088.00,20.00,0.00,0.00,0.00,699.00,NOS,NOS,NOS,1,0.000,1887.00,,,0.000,,,,,,5596,1,,
356,P-0356,Infant bib OP,84,,,,29.00,60.00,0.00,0.00,0.00,0.00,39.00,NOS,NOS,NOS,1,0.000,75.00,,,1.000,,,,,,2087,1,,
356,P-0356,Infant bib OP,84,,,,29.00,60.00,0.00,0.00,0.00,0.00,39.00,NOS,NOS,NOS,1,0.000,75.00,,,6.000,,,,,,2088,1,,
355,P-0355,Infant cap set,85,,,,30.00,100.00,0.00,0.00,0.00,0.00,49.00,NOS,NOS,NOS,1,0.000,125.00,,,9.000,,,,,,2086,1,,
1364,P-1364,Infant Rattle set 1174,105,,,,174.00,240.00,0.00,0.00,0.00,0.00,179.00,NOS,NOS,NOS,1,0.000,300.00,,,0.000,,,,,,3815,1,,
1368,P-1368,Infant Rattle set 1203,106,,,,203.00,280.00,0.00,0.00,0.00,0.00,299.00,NOS,NOS,NOS,1,0.000,350.00,,,0.000,,,,,,3819,1,,
1367,P-1367,Infant Rattle set 1239,120,,,,239.00,340.00,0.00,0.00,0.00,0.00,299.00,NOS,NOS,NOS,1,0.000,425.00,,,0.000,,,,,,3818,1,,
1457,P-1457,Interlock vest RN W,57,,,,92.90,150.00,20.00,2.50,2.50,0.00,77.00,NOS,NOS,NOS,1,0.000,300.00,,,0.000,,,,75,,3987,1,,
1457,P-1457,Interlock vest RN W,57,,,,92.90,150.00,20.00,2.50,2.50,0.00,77.00,NOS,NOS,NOS,1,0.000,300.00,,,0.000,,,,80,,3988,1,,
1457,P-1457,Interlock vest RN W,57,,,,92.90,150.00,20.00,2.50,2.50,0.00,77.00,NOS,NOS,NOS,1,0.000,300.00,,,3.000,,,,85,,3989,1,,
1457,P-1457,Interlock vest RN W,57,,,,92.90,150.00,20.00,2.50,2.50,0.00,77.00,NOS,NOS,NOS,1,0.000,300.00,,,0.000,,,,90,,3990,1,,
1457,P-1457,Interlock vest RN W,57,,,,92.90,150.00,20.00,2.50,2.50,0.00,77.00,NOS,NOS,NOS,1,0.000,300.00,,,0.000,,,,95,,3991,1,,
1457,P-1457,Interlock vest RN W,57,,,,92.90,150.00,20.00,2.50,2.50,0.00,77.00,NOS,NOS,NOS,1,0.000,300.00,,,0.000,,,,100,,3992,1,,
1458,P-1458,Interlock vest W ( pocket),57,,,,107.70,150.00,20.00,2.50,2.50,0.00,85.00,NOS,NOS,NOS,1,0.000,183.00,,,0.000,,,,75,,3993,1,,
1458,P-1458,Interlock vest W ( pocket),57,,,,107.70,150.00,20.00,2.50,2.50,0.00,85.00,NOS,NOS,NOS,1,0.000,183.00,,,0.000,,,,80,,3994,1,,
1458,P-1458,Interlock vest W ( pocket),57,,,,107.70,150.00,20.00,2.50,2.50,0.00,85.00,NOS,NOS,NOS,1,0.000,183.00,,,0.000,,,,95,,3997,1,,
1458,P-1458,Interlock vest W ( pocket),57,,,,107.70,150.00,20.00,2.50,2.50,0.00,85.00,NOS,NOS,NOS,1,0.000,183.00,,,0.000,,,,100,,3998,1,,
1458,P-1458,Interlock vest W ( pocket),57,,,,107.70,150.00,20.00,2.50,2.50,0.00,85.00,NOS,NOS,NOS,1,0.000,183.00,,,3.000,,,,85,,5298,1,,
1458,P-1458,Interlock vest W ( pocket),57,,,,107.70,150.00,20.00,2.50,2.50,0.00,85.00,NOS,NOS,NOS,1,0.000,183.00,,,5.000,,,,90,,5299,1,,
270,P-0270,Interlock vest W RNS,57,,,,100.50,163.00,20.00,2.50,2.50,0.00,103.00,NOS,NOS,NOS,1,0.000,300.00,,,0.000,,,,75,,3981,1,,
270,P-0270,Interlock vest W RNS,57,,,,100.50,163.00,20.00,2.50,2.50,0.00,103.00,NOS,NOS,NOS,1,0.000,300.00,,,0.000,,,,80,,3982,1,,
270,P-0270,Interlock vest W RNS,57,,,,100.50,163.00,20.00,2.50,2.50,0.00,103.00,NOS,NOS,NOS,1,0.000,300.00,,,0.000,,,,85,,3983,1,,
270,P-0270,Interlock vest W RNS,57,,,,100.50,163.00,20.00,2.50,2.50,0.00,103.00,NOS,NOS,NOS,1,0.000,300.00,,,1.000,,,,90,,3984,1,,
270,P-0270,Interlock vest W RNS,57,,,,100.50,163.00,20.00,2.50,2.50,0.00,103.00,NOS,NOS,NOS,1,0.000,300.00,,,0.000,,,,95,,6168,1,,
270,P-0270,Interlock vest W RNS,57,,,,100.50,163.00,20.00,2.50,2.50,0.00,103.00,NOS,NOS,NOS,1,0.000,300.00,,,0.000,,,,100,,3986,1,,
306,P-0306,Items,34,,,,414.00,660.00,20.00,0.00,0.00,0.00,499.00,NOS,NOS,NOS,1,0.000,825.00,,,9.000,,,,20,,1915,1,,
306,P-0306,Items,34,,,,414.00,660.00,20.00,0.00,0.00,0.00,499.00,NOS,NOS,NOS,1,0.000,825.00,,,3.000,,,,20,,1916,1,,
306,P-0306,Items,34,,,,414.00,660.00,20.00,0.00,0.00,0.00,499.00,NOS,NOS,NOS,1,0.000,825.00,,,3.000,,,,20,,1917,1,,
306,P-0306,Items,34,,,,414.00,660.00,20.00,0.00,0.00,0.00,499.00,NOS,NOS,NOS,1,0.000,825.00,,,3.000,,,,20,,1918,1,,
306,P-0306,Items,34,,,,414.00,660.00,20.00,0.00,0.00,0.00,499.00,NOS,NOS,NOS,1,0.000,825.00,,,3.000,,,,20,,1919,1,,
306,P-0306,Items,34,,,,414.00,660.00,20.00,0.00,0.00,0.00,499.00,NOS,NOS,NOS,1,0.000,825.00,,,3.000,,,,20,,1920,1,,
368,P-0368,Jacket,23,,,,400.00,600.00,20.00,0.00,0.00,0.00,459.00,NOS,NOS,NOS,1,0.000,750.00,,,0.000,,,,,,2144,1,,
745,P-0745,Jacket 1650,10,,,,650.00,1100.00,20.00,0.00,0.00,0.00,699.00,NOS,NOS,NOS,1,0.000,1950.00,,,0.000,,,,,,3150,1,,
2000,P-2000,Jacket 200 1480,138,,,,480.00,825.00,20.00,0.00,0.00,0.00,499.00,NOS,NOS,NOS,1,0.000,1440.00,,,0.000,,,,,,4583,1,,
2003,P-2003,Jacket 206 11000,138,,,,1000.00,1700.00,20.00,0.00,0.00,0.00,999.00,NOS,NOS,NOS,1,0.000,3000.00,,,0.000,,,,,,4586,1,,
2005,P-2005,Jacket 259 1725,138,,,,725.00,1225.00,20.00,0.00,0.00,0.00,799.00,NOS,NOS,NOS,1,0.000,2175.00,,,0.000,,,,,,4588,1,,
2006,P-2006,Jacket 260 1750,138,,,,750.00,1275.00,20.00,0.00,0.00,0.00,799.00,NOS,NOS,NOS,1,0.000,2250.00,,,0.000,,,,,,4589,1,,
2001,P-2001,Jacket 316 1340,138,,,,340.00,588.00,20.00,0.00,0.00,0.00,399.00,NOS,NOS,NOS,1,0.000,1020.00,,,0.000,,,,,,4584,1,,
1999,P-1999,Jacket 367 1400,138,,,,400.00,688.00,20.00,0.00,0.00,0.00,499.00,NOS,NOS,NOS,1,0.000,1200.00,,,0.000,,,,,,4582,1,,
1998,P-1998,Jacket 376 1350,138,,,,350.00,600.00,20.00,0.00,0.00,0.00,399.00,NOS,NOS,NOS,1,0.000,1050.00,,,0.000,,,,,,4581,1,,
2004,P-2004,Jacket 464 1260,138,,,,260.00,450.00,20.00,0.00,0.00,0.00,299.00,NOS,NOS,NOS,1,0.000,780.00,,,0.000,,,,,,4587,1,,
2002,P-2002,Jacket 511 1500,138,,,,500.00,850.00,20.00,0.00,0.00,0.00,599.00,NOS,NOS,NOS,1,0.000,1500.00,,,0.000,,,,,,4585,1,,
369,P-0369,jacket for kids (girls),23,,,,360.00,400.00,20.00,0.00,0.00,0.00,399.00,NOS,NOS,NOS,1,0.000,1080.00,,,1.000,,,,22,,2145,1,,
369,P-0369,jacket for kids (girls),23,,,,360.00,400.00,20.00,0.00,0.00,0.00,399.00,NOS,NOS,NOS,1,0.000,1080.00,,,1.000,,,,2XL,,2146,1,,
369,P-0369,jacket for kids (girls),23,,,,360.00,400.00,20.00,0.00,0.00,0.00,399.00,NOS,NOS,NOS,1,0.000,1080.00,,,1.000,,,,18,,2147,1,,
369,P-0369,jacket for kids (girls),23,,,,360.00,400.00,20.00,0.00,0.00,0.00,399.00,NOS,NOS,NOS,1,0.000,1080.00,,,1.000,,,,20,,2148,1,,
369,P-0369,jacket for kids (girls),23,,,,360.00,400.00,20.00,0.00,0.00,0.00,399.00,NOS,NOS,NOS,1,0.000,1080.00,,,1.000,,,,30,,2149,1,,
369,P-0369,jacket for kids (girls),23,,,,360.00,400.00,20.00,0.00,0.00,0.00,399.00,NOS,NOS,NOS,1,0.000,1080.00,,,2.000,,,,28,,2150,1,,
369,P-0369,jacket for kids (girls),23,,,,360.00,400.00,20.00,0.00,0.00,0.00,399.00,NOS,NOS,NOS,1,0.000,1080.00,,,1.000,,,,30,,2151,1,,
369,P-0369,jacket for kids (girls),23,,,,360.00,400.00,20.00,0.00,0.00,0.00,399.00,NOS,NOS,NOS,1,0.000,1080.00,,,1.000,,,,36,,2152,1,,
369,P-0369,jacket for kids (girls),23,,,,360.00,400.00,20.00,0.00,0.00,0.00,399.00,NOS,NOS,NOS,1,0.000,1080.00,,,6.000,,,,32,,2153,1,,
369,P-0369,jacket for kids (girls),23,,,,360.00,400.00,20.00,0.00,0.00,0.00,399.00,NOS,NOS,NOS,1,0.000,1080.00,,,1.000,,,,34,,2154,1,,
369,P-0369,jacket for kids (girls),23,,,,360.00,400.00,20.00,0.00,0.00,0.00,399.00,NOS,NOS,NOS,1,0.000,1080.00,,,2.000,,,,30,,2155,1,,
369,P-0369,jacket for kids (girls),23,,,,360.00,400.00,20.00,0.00,0.00,0.00,399.00,NOS,NOS,NOS,1,0.000,1080.00,,,1.000,,,,,,2156,1,,
369,P-0369,jacket for kids (girls),23,,,,360.00,400.00,20.00,0.00,0.00,0.00,399.00,NOS,NOS,NOS,1,0.000,1080.00,,,1.000,,,,36,,2157,1,,
369,P-0369,jacket for kids (girls),23,,,,360.00,400.00,20.00,0.00,0.00,0.00,399.00,NOS,NOS,NOS,1,0.000,1080.00,,,3.000,,,,28,,2158,1,,
369,P-0369,jacket for kids (girls),23,,,,360.00,400.00,20.00,0.00,0.00,0.00,399.00,NOS,NOS,NOS,1,0.000,1080.00,,,1.000,,,,24,,2159,1,,
369,P-0369,jacket for kids (girls),23,,,,360.00,400.00,20.00,0.00,0.00,0.00,399.00,NOS,NOS,NOS,1,0.000,1080.00,,,4.000,,,,22,,2160,1,,
369,P-0369,jacket for kids (girls),23,,,,360.00,400.00,20.00,0.00,0.00,0.00,399.00,NOS,NOS,NOS,1,0.000,1080.00,,,4.000,,,,20,,2161,1,,
369,P-0369,jacket for kids (girls),23,,,,360.00,400.00,20.00,0.00,0.00,0.00,399.00,NOS,NOS,NOS,1,0.000,1080.00,,,8.000,,,,22,,2162,1,,
369,P-0369,jacket for kids (girls),23,,,,360.00,400.00,20.00,0.00,0.00,0.00,399.00,NOS,NOS,NOS,1,0.000,1080.00,,,1.000,,,,26,,2163,1,,
369,P-0369,jacket for kids (girls),23,,,,360.00,400.00,20.00,0.00,0.00,0.00,399.00,NOS,NOS,NOS,1,0.000,1080.00,,,3.000,,,,28,,2164,1,,
739,P-0739,Jacket infant,104,,,,275.00,400.00,20.00,0.00,0.00,0.00,299.00,NOS,NOS,NOS,1,0.000,500.00,,,14.000,,,,,,3136,1,,
739,P-0739,Jacket infant,104,,,,275.00,400.00,20.00,0.00,0.00,0.00,299.00,NOS,NOS,NOS,1,0.000,500.00,,,5.000,,,,,,3137,1,,
739,P-0739,Jacket infant,104,,,,275.00,400.00,20.00,0.00,0.00,0.00,299.00,NOS,NOS,NOS,1,0.000,500.00,,,6.000,,,,,,3138,1,,
739,P-0739,Jacket infant,104,,,,275.00,400.00,20.00,0.00,0.00,0.00,299.00,NOS,NOS,NOS,1,0.000,500.00,,,2.000,,,,,,3139,1,,
739,P-0739,Jacket infant,104,,,,275.00,400.00,20.00,0.00,0.00,0.00,299.00,NOS,NOS,NOS,1,0.000,500.00,,,2.000,,,,,,3140,1,,
739,P-0739,Jacket infant,104,,,,275.00,400.00,20.00,0.00,0.00,0.00,299.00,NOS,NOS,NOS,1,0.000,500.00,,,3.000,,,,,,3141,1,,
739,P-0739,Jacket infant,104,,,,275.00,400.00,20.00,0.00,0.00,0.00,299.00,NOS,NOS,NOS,1,0.000,500.00,,,3.000,,,,,,3142,1,,
739,P-0739,Jacket infant,104,,,,275.00,400.00,20.00,0.00,0.00,0.00,299.00,NOS,NOS,NOS,1,0.000,500.00,,,3.000,,,,,,3143,1,,
1901,P-1901,Jainish 1425,87,,,,425.00,725.00,20.00,0.00,0.00,0.00,499.00,NOS,NOS,NOS,1,0.000,1275.00,,,0.000,,,,,,4460,1,,
1888,P-1888,Jainish 1445,87,,,,445.00,750.00,20.00,0.00,0.00,0.00,499.00,NOS,NOS,NOS,1,0.000,1335.00,,,0.000,,,,,,4446,1,,
1889,P-1889,Jainish 1465,87,,,,465.00,800.00,20.00,0.00,0.00,0.00,499.00,NOS,NOS,NOS,1,0.000,1395.00,,,0.000,,,,,,4447,1,,
231,P-0231,Jaisrin (Tshirt),52,gbb,,,200.00,280.00,20.00,0.00,0.00,0.00,250.00,NOS,NOS,NOS,1,0.000,350.00,,,6.000,,,,,,1639,1,,
517,P-0517,Jaisrin 1240,91,,,,240.00,330.00,20.00,0.00,0.00,0.00,250.00,NOS,NOS,NOS,1,0.000,415.00,,,0.000,,,,,,2586,1,,
718,P-0718,Japman 611 1340,100,,,,340.00,460.00,20.00,0.00,0.00,0.00,399.00,NOS,NOS,NOS,1,0.000,575.00,,,3.000,,,,30-34,,3073,1,,
265,P-0265,Jazz Brif,57,,,,64.40,85.00,0.00,2.50,2.50,0.00,82.00,NOS,NOS,NOS,1,0.000,107.00,,,0.000,,,,75,,1789,1,,
265,P-0265,Jazz Brif,57,,,,64.40,85.00,0.00,2.50,2.50,0.00,82.00,NOS,NOS,NOS,1,0.000,107.00,,,0.000,,,,80,,1790,1,,
265,P-0265,Jazz Brif,57,,,,64.40,85.00,0.00,2.50,2.50,0.00,82.00,NOS,NOS,NOS,1,0.000,107.00,,,0.000,,,,85,,1791,1,,
265,P-0265,Jazz Brif,57,,,,64.40,85.00,0.00,2.50,2.50,0.00,82.00,NOS,NOS,NOS,1,0.000,107.00,,,10.000,,,,90,,8904122438821,1,,
265,P-0265,Jazz Brif,57,,,,64.40,85.00,0.00,2.50,2.50,0.00,82.00,NOS,NOS,NOS,1,0.000,107.00,,,0.000,,,,95,,1792,1,,
265,P-0265,Jazz Brif,57,,,,64.40,85.00,0.00,2.50,2.50,0.00,82.00,NOS,NOS,NOS,1,0.000,107.00,,,0.000,,,,100,,1793,1,,
252,P-0252,JAZZ FINE LONG,57,61071100,,,83.10,85.00,0.00,2.50,2.50,0.00,70.00,NOS,NOS,NOS,1,0.000,107.00,,,12.000,,,,75,,8904122491079,1,,
252,P-0252,JAZZ FINE LONG,57,61071100,,,83.10,85.00,0.00,2.50,2.50,0.00,70.00,NOS,NOS,NOS,1,0.000,107.00,,,6.000,,,,85,,8904122491093,1,,
252,P-0252,JAZZ FINE LONG,57,61071100,,,83.10,85.00,0.00,2.50,2.50,0.00,70.00,NOS,NOS,NOS,1,0.000,107.00,,,0.000,,,,90,,8904122420048,1,,
252,P-0252,JAZZ FINE LONG,57,61071100,,,83.10,85.00,0.00,2.50,2.50,0.00,70.00,NOS,NOS,NOS,1,0.000,107.00,,,0.000,,,,110,,8904122420031,1,,
252,P-0252,JAZZ FINE LONG,57,61071100,,,83.10,85.00,0.00,2.50,2.50,0.00,70.00,NOS,NOS,NOS,1,0.000,107.00,,,0.000,,,,80,,8904122420024,1,,
252,P-0252,JAZZ FINE LONG,57,61071100,,,83.10,85.00,0.00,2.50,2.50,0.00,70.00,NOS,NOS,NOS,1,0.000,107.00,,,0.000,,,,95,,8904122420055,1,,
252,P-0252,JAZZ FINE LONG,57,61071100,,,83.10,85.00,0.00,2.50,2.50,0.00,70.00,NOS,NOS,NOS,1,0.000,107.00,,,0.000,,,,100,,8904122420062,1,,
253,P-0253,Jazz Junior o shape,57,61071100,,,45.30,76.00,20.00,2.50,2.50,0.00,50.00,NOS,NOS,NOS,1,2.000,88.00,,,3.000,,,,70,,8904122423513,1,,
253,P-0253,Jazz Junior o shape,57,61071100,,,45.30,76.00,20.00,2.50,2.50,0.00,50.00,NOS,NOS,NOS,1,2.000,88.00,,,7.000,,,,60,,8904122423483,1,,
253,P-0253,Jazz Junior o shape,57,61071100,,,45.30,76.00,20.00,2.50,2.50,0.00,50.00,NOS,NOS,NOS,1,2.000,88.00,,,3.000,,,,65,,8904122423490,1,,
254,P-0254,Jazz Junior top elastic,58,61071100,,,48.00,70.00,20.00,2.50,2.50,0.00,60.00,NOS,NOS,NOS,1,0.000,88.00,,,3.000,,,,60,,8904122423056,1,,
254,P-0254,Jazz Junior top elastic,58,61071100,,,48.00,70.00,20.00,2.50,2.50,0.00,60.00,NOS,NOS,NOS,1,0.000,88.00,,,8.000,,,,65,,8904122423063,1,,
254,P-0254,Jazz Junior top elastic,58,61071100,,,48.00,70.00,20.00,2.50,2.50,0.00,60.00,NOS,NOS,NOS,1,0.000,88.00,,,0.000,,,,73,,8904122423087,1,,
264,P-0264,Jazz mini trunk,57,,,,66.40,113.00,20.00,2.50,2.50,0.00,82.00,NOS,NOS,NOS,1,0.000,240.00,,,0.000,,,,75,,1783,1,,
264,P-0264,Jazz mini trunk,57,,,,66.40,113.00,20.00,2.50,2.50,0.00,82.00,NOS,NOS,NOS,1,0.000,240.00,,,9.000,,,,80,,1784,1,,
264,P-0264,Jazz mini trunk,57,,,,66.40,113.00,20.00,2.50,2.50,0.00,82.00,NOS,NOS,NOS,1,0.000,240.00,,,6.000,,,,85,,1785,1,,
264,P-0264,Jazz mini trunk,57,,,,66.40,113.00,20.00,2.50,2.50,0.00,82.00,NOS,NOS,NOS,1,0.000,240.00,,,10.000,,,,90,,1786,1,,
264,P-0264,Jazz mini trunk,57,,,,66.40,113.00,20.00,2.50,2.50,0.00,82.00,NOS,NOS,NOS,1,0.000,240.00,,,9.000,,,,95,,1787,1,,
264,P-0264,Jazz mini trunk,57,,,,66.40,113.00,20.00,2.50,2.50,0.00,82.00,NOS,NOS,NOS,1,0.000,240.00,,,0.000,,,,100,,1788,1,,
1447,P-1447,Jazz parker vest W RN,57,,,,67.70,100.00,20.00,0.00,0.00,0.00,69.00,NOS,NOS,NOS,1,0.000,190.00,,,0.000,,,,75,,8904122491406,1,,
1447,P-1447,Jazz parker vest W RN,57,,,,67.70,100.00,20.00,0.00,0.00,0.00,69.00,NOS,NOS,NOS,1,0.000,190.00,,,0.000,,,,80,,8904122491413,1,,
1447,P-1447,Jazz parker vest W RN,57,,,,67.70,100.00,20.00,0.00,0.00,0.00,69.00,NOS,NOS,NOS,1,0.000,190.00,,,0.000,,,,85,,8904122491420,1,,
1447,P-1447,Jazz parker vest W RN,57,,,,67.70,100.00,20.00,0.00,0.00,0.00,69.00,NOS,NOS,NOS,1,0.000,190.00,,,0.000,,,,90,,8904122491437,1,,
1447,P-1447,Jazz parker vest W RN,57,,,,67.70,100.00,20.00,0.00,0.00,0.00,69.00,NOS,NOS,NOS,1,0.000,190.00,,,0.000,,,,95,,8904122491444,1,,
1447,P-1447,Jazz parker vest W RN,57,,,,67.70,100.00,20.00,0.00,0.00,0.00,69.00,NOS,NOS,NOS,1,0.000,190.00,,,0.000,,,,100,,8904122491451,1,,
673,P-0673,Jazz top elastic U/W PO2,57,,,,85.90,100.00,0.00,2.50,2.50,0.00,79.00,NOS,NOS,NOS,1,0.000,125.00,,,0.000,,,,75,,2846,1,,
673,P-0673,Jazz top elastic U/W PO2,57,,,,85.90,100.00,0.00,2.50,2.50,0.00,79.00,NOS,NOS,NOS,1,0.000,125.00,,,0.000,,,,80,,2847,1,,
673,P-0673,Jazz top elastic U/W PO2,57,,,,85.90,100.00,0.00,2.50,2.50,0.00,79.00,NOS,NOS,NOS,1,0.000,125.00,,,0.000,,,,85,,2848,1,,
673,P-0673,Jazz top elastic U/W PO2,57,,,,85.90,100.00,0.00,2.50,2.50,0.00,79.00,NOS,NOS,NOS,1,0.000,125.00,,,0.000,,,,90,,2849,1,,
673,P-0673,Jazz top elastic U/W PO2,57,,,,85.90,100.00,0.00,2.50,2.50,0.00,79.00,NOS,NOS,NOS,1,0.000,125.00,,,0.000,,,,95,,2850,1,,
673,P-0673,Jazz top elastic U/W PO2,57,,,,85.90,100.00,0.00,2.50,2.50,0.00,79.00,NOS,NOS,NOS,1,0.000,125.00,,,0.000,,,,100,,2851,1,,
673,P-0673,Jazz top elastic U/W PO2,57,,,,85.90,100.00,0.00,2.50,2.50,0.00,79.00,NOS,NOS,NOS,1,0.000,125.00,,,0.000,,,,110,,2852,1,,
57,P-0057,Jeans opening stock,5,,,,300.00,750.00,20.00,0.00,0.00,0.00,450.00,NOS,NOS,NOS,1,0.000,900.00,MEN'S COUNTER,,8.000,,,,,,1122,1,,
57,P-0057,Jeans opening stock,5,,,,300.00,750.00,20.00,0.00,0.00,0.00,450.00,NOS,NOS,NOS,1,0.000,900.00,MEN'S COUNTER,,9.000,,,,,,1123,1,,
57,P-0057,Jeans opening stock,5,,,,300.00,750.00,20.00,0.00,0.00,0.00,450.00,NOS,NOS,NOS,1,0.000,900.00,MEN'S COUNTER,,4.000,,,,,,1124,1,,
57,P-0057,Jeans opening stock,5,,,,300.00,750.00,20.00,0.00,0.00,0.00,450.00,NOS,NOS,NOS,1,0.000,900.00,MEN'S COUNTER,,4.000,,,,,,1125,1,,
57,P-0057,Jeans opening stock,5,,,,300.00,750.00,20.00,0.00,0.00,0.00,450.00,NOS,NOS,NOS,1,0.000,900.00,MEN'S COUNTER,,28.000,,,,,,1126,1,,
57,P-0057,Jeans opening stock,5,,,,300.00,750.00,20.00,0.00,0.00,0.00,450.00,NOS,NOS,NOS,1,0.000,900.00,MEN'S COUNTER,,5.000,,,,,,1127,1,,
57,P-0057,Jeans opening stock,5,,,,300.00,750.00,20.00,0.00,0.00,0.00,450.00,NOS,NOS,NOS,1,0.000,900.00,MEN'S COUNTER,,7.000,,,,,,1128,1,,
57,P-0057,Jeans opening stock,5,,,,300.00,750.00,20.00,0.00,0.00,0.00,450.00,NOS,NOS,NOS,1,0.000,900.00,MEN'S COUNTER,,3.000,,,,,,1129,1,,
57,P-0057,Jeans opening stock,5,,,,300.00,750.00,20.00,0.00,0.00,0.00,450.00,NOS,NOS,NOS,1,0.000,900.00,MEN'S COUNTER,,4.000,,,,,,1130,1,,
57,P-0057,Jeans opening stock,5,,,,300.00,750.00,20.00,0.00,0.00,0.00,450.00,NOS,NOS,NOS,1,0.000,900.00,MEN'S COUNTER,,12.000,,,,,,1131,1,,
57,P-0057,Jeans opening stock,5,,,,300.00,750.00,20.00,0.00,0.00,0.00,450.00,NOS,NOS,NOS,1,0.000,900.00,MEN'S COUNTER,,19.000,,,,,,1132,1,,
367,P-0367,Jeans RGN,17,,,,350.00,750.00,20.00,0.00,0.00,0.00,399.00,NOS,NOS,NOS,1,0.000,1050.00,,,0.000,,,,,,2137,1,,
367,P-0367,Jeans RGN,17,,,,350.00,750.00,20.00,0.00,0.00,0.00,399.00,NOS,NOS,NOS,1,0.000,1050.00,,,0.000,,,,,,2138,1,,
367,P-0367,Jeans RGN,17,,,,350.00,750.00,20.00,0.00,0.00,0.00,399.00,NOS,NOS,NOS,1,0.000,1050.00,,,0.000,,,,,,2139,1,,
367,P-0367,Jeans RGN,17,,,,350.00,750.00,20.00,0.00,0.00,0.00,399.00,NOS,NOS,NOS,1,0.000,1050.00,,,0.000,,,,,,2140,1,,
367,P-0367,Jeans RGN,17,,,,350.00,750.00,20.00,0.00,0.00,0.00,399.00,NOS,NOS,NOS,1,0.000,1050.00,,,0.000,,,,,,2141,1,,
367,P-0367,Jeans RGN,17,,,,350.00,750.00,20.00,0.00,0.00,0.00,399.00,NOS,NOS,NOS,1,0.000,1050.00,,,0.000,,,,,,2142,1,,
367,P-0367,Jeans RGN,17,,,,350.00,750.00,20.00,0.00,0.00,0.00,399.00,NOS,NOS,NOS,1,0.000,1050.00,,,0.000,,,,,,2143,1,,
2328,P-2328,Jeans RGN,138,,,,400.00,850.00,20.00,0.00,0.00,0.00,499.00,NOS,NOS,NOS,1,0.000,1200.00,,,0.000,,,,,,4923,1,,
207,P-0207,JMD K/P OP Stack,3,gbb,,,335.00,625.00,20.00,0.00,0.00,0.00,399.00,NOS,NOS,NOS,1,0.000,1065.00,,,6.000,,,,,,1530,1,,
2620,P-2620,JMD KOATI K/P 11095,3,,,,1095.00,1875.00,20.00,0.00,0.00,0.00,1099.00,NOS,NOS,NOS,1,0.000,3285.00,,,0.000,,,,,,5207,1,,
2063,P-2063,Jmd koati K/P 11195,3,,,,1195.00,2050.00,20.00,0.00,0.00,0.00,1199.00,NOS,NOS,NOS,1,0.000,3585.00,,,0.000,,,,,,4648,1,,
2062,P-2062,Jmd koati K/P 11225,3,,,,1225.00,2088.00,20.00,0.00,0.00,0.00,1299.00,NOS,NOS,NOS,1,0.000,3645.00,,,0.000,,,,,,4647,1,,
2959,P-2959,JMD kurta 11095,3,,,,1095.00,1875.00,0.00,0.00,0.00,0.00,1100.00,NOS,NOS,NOS,1,0.000,3285.00,,,0.000,,,,,,5611,1,,
2957,P-2957,JMD Kurta 11125,3,,,,1125.00,1925.00,0.00,0.00,0.00,0.00,1150.00,NOS,NOS,NOS,1,0.000,3375.00,,,0.000,,,,,,5609,1,,
16,P-0016,JMD kurta 11235,3,,JMD,,1235.00,1600.00,0.00,0.00,0.00,0.00,1300.00,NOS,NOS,NOS,1,1.000,2000.00,MENS COUNTER,CC2,2.000,,,,,,1034,1,,
17,P-0017,JMD Kurta 11315,3,,JMD,,1315.00,2250.00,0.00,0.00,0.00,0.00,1350.00,NOS,NOS,NOS,1,0.000,2250.00,MENS COUNTER,CC2,3.000,,,,,,1035,1,,
2121,P-2121,Jmd kurta 1355,3,,,,335.00,600.00,20.00,0.00,0.00,0.00,399.00,NOS,NOS,NOS,1,0.000,1395.00,,,0.000,,,,,,4706,1,,
2960,P-2960,JMD kurta 1365,3,,,,365.00,625.00,0.00,0.00,0.00,0.00,400.00,NOS,NOS,NOS,1,0.000,1100.00,,,0.000,,,,,,5612,1,,
401,P-0401,JMD KURTA 1415,3,,,,655.00,880.00,20.00,0.00,0.00,0.00,700.00,NOS,NOS,NOS,1,0.000,1100.00,,,0.000,,,,,,2465,1,,
137,P-0137,JMD kurta 1430,21,gbb,,,430.00,590.00,0.00,0.00,0.00,0.00,400.00,NOS,NOS,NOS,1,0.000,738.00,Boy's counter,,0.000,,,,,,1278,1,,
138,P-0138,JMD KURTA 1430,21,,,,430.00,590.00,20.00,0.00,0.00,0.00,400.00,NOS,NOS,NOS,1,0.000,738.00,Boy's counter,,9.000,,,,,,1279,1,,
407,P-0407,JMD KURTA 1445,3,,,,1065.00,1440.00,0.00,0.00,0.00,0.00,1000.00,NOS,NOS,NOS,1,0.000,1800.00,,,0.000,,,,,,2471,1,,
2120,P-2120,Jmd kurta 1465,3,,,,465.00,800.00,20.00,0.00,0.00,0.00,499.00,NOS,NOS,NOS,1,0.000,1395.00,,,0.000,,,,,,4705,1,,
408,P-0408,JMD KURTA 1470,3,,,,1125.00,1500.00,0.00,0.00,0.00,0.00,1150.00,NOS,NOS,NOS,1,0.000,1880.00,,,0.000,,,,,,2472,1,,
405,P-0405,JMD KURTA 1475,3,,,,1150.00,1560.00,0.00,0.00,0.00,0.00,500.00,NOS,NOS,NOS,1,0.000,1950.00,,,0.000,,,,,,2469,1,,
403,P-0403,JMD KURTA 1476,3,,,,795.00,1080.00,0.00,0.00,0.00,0.00,800.00,NOS,NOS,NOS,1,0.000,1350.00,,,0.000,,,,,,2467,1,,
406,P-0406,JMD KURTA 1480,3,,,,995.00,1280.00,0.00,0.00,0.00,0.00,1000.00,NOS,NOS,NOS,1,0.000,1600.00,,,0.000,,,,,,2470,1,,
409,P-0409,JMD KURTA 1483,3,,,,985.00,1280.00,0.00,0.00,0.00,0.00,1000.00,NOS,NOS,NOS,1,0.000,1600.00,,,0.000,,,,,,2473,1,,
9,P-0009,JMD kurta 1495,3,,,,495.00,630.00,20.00,0.00,0.00,0.00,500.00,NOS,NOS,NOS,1,1.000,790.00,Mens counter,CC2,4.000,,,,,,1026,1,,
10,P-0010,JMD kurta 1510,2,,OTC,,510.00,700.00,20.00,0.00,0.00,0.00,550.00,NOS,NOS,NOS,1,1.000,875.00,Mens counter,CC2,2.000,,,,,,1028,1,,
2059,P-2059,Jmd kurta 1525,3,,,,525.00,900.00,20.00,0.00,0.00,0.00,599.00,NOS,NOS,NOS,1,0.000,1575.00,,,0.000,,,,,,4645,1,,
2058,P-2058,Jmd kurta 1545,3,,,,545.00,925.00,20.00,0.00,0.00,0.00,599.00,NOS,NOS,NOS,1,0.000,1635.00,,,0.000,,,,,,4643,1,,
2060,P-2060,Jmd kurta 1550,3,,,,550.00,950.00,20.00,0.00,0.00,0.00,599.00,NOS,NOS,NOS,1,0.000,1650.00,,,0.000,,,,,,4644,1,,
2956,P-2956,JMD Kurta 1555,3,,,,555.00,950.00,0.00,0.00,0.00,0.00,600.00,NOS,NOS,NOS,1,0.000,1665.00,,,0.000,,,,,,5608,1,,
2119,P-2119,JMD kurta 1565,3,,,,565.00,975.00,20.00,0.00,0.00,0.00,599.00,NOS,NOS,NOS,1,0.000,1695.00,,,0.000,,,,,,4704,1,,
11,P-0011,JMD kurta 1595,3,,JMD,,595.00,1025.00,20.00,0.00,0.00,0.00,600.00,NOS,NOS,NOS,1,1.000,1785.00,Mens counter,CC2,2.000,,,,,,1029,1,,
1455,P-1455,JMD KURTA 1598,3,,,,725.00,1250.00,20.00,0.00,0.00,0.00,799.00,NOS,NOS,NOS,1,0.000,2175.00,,,0.000,,,,,,3960,1,,
12,P-0012,JMD kurta 1645,3,,,,645.00,860.00,0.00,0.00,0.00,0.00,650.00,NOS,NOS,NOS,1,1.000,1075.00,MEN'S COUNTER,CC2,4.000,,,,,,1030,1,,
8,P-0008,Jmd kurta 1665,3,,,,665.00,1125.00,20.00,0.00,0.00,0.00,700.00,NOS,NOS,NOS,1,5.000,1125.00,MENS COUNTER,CC2,11.000,,,,,,1024,1,,
14,P-0014,JMD kurta 1685,3,,,,685.00,940.00,0.00,0.00,0.00,0.00,700.00,NOS,NOS,NOS,1,1.000,1175.00,mens conter,cc2,7.000,,,,,,1032,1,,
15,P-0015,JMD kurta 1695,3,,JMD,,695.00,1200.00,0.00,0.00,0.00,0.00,700.00,NOS,NOS,NOS,1,1.000,2085.00,mens conter,CC2,6.000,,,,,,1033,1,,
2118,P-2118,JMD kurta 1725,3,,,,725.00,1250.00,20.00,0.00,0.00,0.00,799.00,NOS,NOS,NOS,1,0.000,2175.00,,,0.000,,,,,,4703,1,,
1456,P-1456,JMD KURTA 1740,3,,,,740.00,1288.00,20.00,0.00,0.00,0.00,799.00,NOS,NOS,NOS,1,0.000,2220.00,,,0.000,,,,,,3961,1,,
798,P-0798,JMD kurta 1765,3,,,,765.00,1300.00,20.00,0.00,0.00,0.00,800.00,NOS,NOS,NOS,1,0.000,2295.00,,,0.000,,,,,,3246,1,,
2061,P-2061,Jmd kurta 1795,3,,,,795.00,1350.00,20.00,0.00,0.00,0.00,799.00,NOS,NOS,NOS,1,0.000,2385.00,,,0.000,,,,,,4646,1,,
799,P-0799,JMD Kurta 1895,3,,,,895.00,1525.00,20.00,0.00,0.00,0.00,1250.00,NOS,NOS,NOS,1,0.000,2685.00,,,0.000,,,,,,3247,1,,
2958,P-2958,JMD kurta 1975,3,,,,975.00,1675.00,0.00,0.00,0.00,0.00,1000.00,NOS,NOS,NOS,1,0.000,2925.00,,,0.000,,,,,,5610,1,,
402,P-0402,JMD KURTA 2110,3,,,,525.00,720.00,20.00,0.00,0.00,0.00,550.00,NOS,NOS,NOS,1,0.000,900.00,,,0.000,,,,,,2466,1,,
404,P-0404,JMD KURTA 2112,3,,,,495.00,850.00,20.00,0.00,0.00,0.00,500.00,NOS,NOS,NOS,1,0.000,1485.00,,,0.000,,,,,,2468,1,,
1454,P-1454,JMD KURTA 2144,3,,,,485.00,850.00,20.00,0.00,0.00,0.00,499.00,NOS,NOS,NOS,1,0.000,1455.00,,,0.000,,,,,,3959,1,,
1453,P-1453,JMD KURTA 2146,3,,,,485.00,850.00,20.00,0.00,0.00,0.00,499.00,NOS,NOS,NOS,1,0.000,1455.00,,,0.000,,,,,,3958,1,,
721,P-0721,JMD kurta pajana Camric,3,,,,395.00,540.00,0.00,0.00,0.00,0.00,399.00,NOS,NOS,NOS,1,0.000,675.00,,,0.000,,,,,,3080,1,,
723,P-0723,JMD kurta pajana CAMRIC -1463,3,,,,645.00,880.00,0.00,0.00,0.00,0.00,699.00,NOS,NOS,NOS,1,0.000,1100.00,,,0.000,,,,,,3082,1,,
722,P-0722,JMD kurta pajana Camric 21021,3,,,,415.00,580.00,20.00,0.00,0.00,0.00,499.00,NOS,NOS,NOS,1,0.000,725.00,,,0.000,,,,,,3081,1,,
724,P-0724,JMD kurta pajana LOT NO-1139,3,,,,695.00,960.00,0.00,0.00,0.00,0.00,699.00,NOS,NOS,NOS,1,0.000,1200.00,,,0.000,,,,,,3083,1,,
13,P-0013,JMD kurta1665,3,,JMD,,665.00,910.00,20.00,0.00,0.00,0.00,700.00,NOS,NOS,NOS,1,1.000,1138.00,MENS COUNTER,CC2,3.000,,,,,,1031,1,,
800,P-0800,Jmd paint 1235,3,,,,235.00,320.00,0.00,0.00,0.00,0.00,250.00,NOS,NOS,NOS,1,2.000,400.00,,,0.000,,,,,,3248,1,,
766,P-0766,JMD -Shera 365,3,,,,325.00,600.00,20.00,0.00,0.00,0.00,388.00,NOS,NOS,NOS,1,0.000,975.00,,,0.000,,,,,,3196,1,,
1452,P-1452,JMD SHERA*EMB,3,,,,395.00,688.00,20.00,0.00,0.00,0.00,399.00,NOS,NOS,NOS,1,0.000,1185.00,,,0.000,,,,,,3957,1,,
294,P-0294,Jockey (brief),57,,,,213.00,227.00,0.00,0.00,0.00,0.00,239.00,NOS,NOS,NOS,1,0.000,284.00,,,2.000,,,,M-L-XL,,8901326065600,1,,
294,P-0294,Jockey (brief),57,,,,213.00,227.00,0.00,0.00,0.00,0.00,239.00,NOS,NOS,NOS,1,0.000,284.00,,,3.000,,,,L,,8901326065815,1,,
651,P-0651,Jockey (Socks),93,,,,68.00,180.00,0.00,0.00,0.00,0.00,25.00,NOS,NOS,NOS,1,0.000,225.00,,,0.000,,,,,,8901326109434,1,,
2701,P-2701,Jockey 1055,57,,,,55.00,125.00,20.00,0.00,0.00,0.00,69.00,NOS,NOS,NOS,1,0.000,165.00,,,0.000,,,,,,5314,1,,
298,P-0298,JOCKEY 3/4 sleeve top,25,,,,479.00,543.00,0.00,0.00,0.00,0.00,499.00,NOS,NOS,NOS,1,0.000,639.00,,,5.000,,,,XL,Black,8901326295281,1,,
298,P-0298,JOCKEY 3/4 sleeve top,25,,,,479.00,543.00,0.00,0.00,0.00,0.00,499.00,NOS,NOS,NOS,1,0.000,639.00,,,5.000,,,,S,Black,8901326295274,1,,
667,P-0667,Jockey boxer Brief,57,,,,222.00,260.00,0.00,0.00,0.00,0.00,231.00,NOS,NOS,NOS,1,0.000,325.00,,,0.000,,,,M,,8901326065648,1,,
667,P-0667,Jockey boxer Brief,57,,,,222.00,260.00,0.00,0.00,0.00,0.00,231.00,NOS,NOS,NOS,1,0.000,325.00,,,0.000,,,,L,,8901326065655,1,,
789,P-0789,Jockey Classic,93,,,,55.00,150.00,0.00,0.00,0.00,0.00,60.00,NOS,NOS,NOS,1,0.000,188.00,,,0.000,,,,,,8903065279294,1,,
790,P-0790,Jockey Pop Colour,93,,,,28.33,100.00,0.00,0.00,0.00,0.00,49.00,NOS,NOS,NOS,1,0.000,125.00,,,0.000,,,,,,3231,1,,
296,P-0296,JOCKEY Shorties 1529,66,,,,246.00,279.00,0.00,0.00,0.00,0.00,239.00,NOS,NOS,NOS,1,0.000,329.00,,,1.000,,,,98,,8901326327449,1,,
296,P-0296,JOCKEY Shorties 1529,66,,,,246.00,279.00,0.00,0.00,0.00,0.00,239.00,NOS,NOS,NOS,1,0.000,329.00,,,1.000,,,,83,,8901326327463,1,,
2700,P-2700,Jockey trunk 1120,57,,,,120.00,325.00,20.00,0.00,0.00,0.00,130.00,NOS,NOS,NOS,1,0.000,389.00,,,0.000,,,,,,5313,1,,
295,P-0295,JOCKEY underwear,57,,,,213.00,241.00,0.00,0.00,0.00,0.00,229.00,NOS,NOS,NOS,1,0.000,284.00,,,2.000,,,,M-L-XL,,8901326065600,1,,
297,P-0297,JOCKEY Woman bikini1803,67,,,,201.00,228.00,0.00,0.00,0.00,0.00,219.00,NOS,NOS,NOS,1,0.000,269.00,,,2.000,,,,M,,8901326328002,1,,
297,P-0297,JOCKEY Woman bikini1803,67,,,,201.00,228.00,0.00,0.00,0.00,0.00,219.00,NOS,NOS,NOS,1,0.000,269.00,,,1.000,,,,M,,8901326013373,1,,
297,P-0297,JOCKEY Woman bikini1803,67,,,,201.00,228.00,0.00,0.00,0.00,0.00,219.00,NOS,NOS,NOS,1,0.000,269.00,,,1.000,,,,M,,8901326222706,1,,
297,P-0297,JOCKEY Woman bikini1803,67,,,,201.00,228.00,0.00,0.00,0.00,0.00,219.00,NOS,NOS,NOS,1,0.000,269.00,,,1.000,,,,M,,8901326198148,1,,
2473,P-2473,Joy Boy 1124,52,,,,124.00,225.00,20.00,0.00,0.00,0.00,149.00,NOS,NOS,NOS,1,0.000,372.00,,,0.000,,,,,,5059,1,,
527,P-0527,Joy boy 1135,87,,,,135.00,200.00,20.00,0.00,0.00,0.00,150.00,NOS,NOS,NOS,1,0.000,250.00,,,0.000,,,,,,2596,1,,
1077,P-1077,Joy Boy 1145,20,,,,145.00,200.00,20.00,0.00,0.00,0.00,199.00,NOS,NOS,NOS,1,0.000,250.00,,,0.000,,,,,,3527,1,,
572,P-0572,Joy Boy 1150,87,,,,150.00,240.00,20.00,0.00,0.00,0.00,200.00,NOS,NOS,NOS,1,0.000,300.00,,,0.000,,,,,,2641,1,,
571,P-0571,Joy Boy 1155,87,,,,155.00,240.00,20.00,0.00,0.00,0.00,200.00,NOS,NOS,NOS,1,0.000,300.00,,,0.000,,,,,,2640,1,,
564,P-0564,Joy boy 1165,87,,,,165.00,240.00,20.00,0.00,0.00,0.00,300.00,NOS,NOS,NOS,1,0.000,300.00,,,0.000,,,,,,2633,1,,
566,P-0566,Joy boy 1165-1,87,,,,165.00,240.00,0.00,0.00,0.00,0.00,200.00,NOS,NOS,NOS,1,0.000,300.00,,,0.000,,,,,,2635,1,,
565,P-0565,Joy boy 1170,87,,,,170.00,240.00,20.00,0.00,0.00,0.00,200.00,NOS,NOS,NOS,1,0.000,300.00,,,0.000,,,,,,2634,1,,
132,P-0132,JOY BOY S/41073 1094,20,,,,94.00,160.00,0.00,0.00,0.00,0.00,99.00,NOS,NOS,NOS,1,0.000,200.00,Boy's counter,,2.000,,,,,,1273,1,,
128,P-0128,JOY BOY S41010 1094,20,,,,94.00,180.00,20.00,0.00,0.00,0.00,150.00,NOS,NOS,NOS,1,0.000,225.00,Boy's counter,,3.000,,,,,,1269,1,,
89,P-0089,joy boy w/21191 095,19,,,,95.00,150.00,0.00,0.00,0.00,0.00,100.00,NOS,NOS,NOS,1,0.000,188.00,,,1.000,,,,,,1230,1,,
91,P-0091,Joy boy w/5175 1121,19,,,,121.00,200.00,20.00,0.00,0.00,0.00,150.00,NOS,NOS,NOS,1,0.000,250.00,,,3.000,,,,20,,1232,1,,
90,P-0090,Joy boy w/61118 1136,19,GB b,,,136.00,220.00,20.00,0.00,0.00,0.00,150.00,NOS,NOS,NOS,1,0.000,275.00,,,3.000,,,,,,1231,1,,
88,P-0088,Joy boy w/61136 1146,19,,,,146.00,240.00,0.00,0.00,0.00,0.00,150.00,NOS,NOS,NOS,1,0.000,300.00,,,2.000,,,,,,1228,1,,
3313,P-3313,Joy land 1233,60,,,,233.00,400.00,20.00,0.00,0.00,0.00,299.00,NOS,NOS,NOS,1,0.000,699.00,,,0.000,,,,,,5991,1,,
3319,P-3319,Joy land 1244,60,,,,244.00,425.00,20.00,0.00,0.00,0.00,299.00,NOS,NOS,NOS,1,0.000,732.00,,,0.000,,,,,,5997,1,,
2502,P-2502,Joy land 1250,52,,,,250.00,425.00,20.00,0.00,0.00,0.00,20.00,NOS,NOS,NOS,1,0.000,750.00,,,0.000,,,,,,5088,1,,
3328,P-3328,Joy Land 1266,52,,,,266.00,475.00,20.00,0.00,0.00,0.00,299.00,NOS,NOS,NOS,1,0.000,798.00,,,0.000,,,,,,6007,1,,
2817,P-2817,Joy land 1311,56,,,,311.00,550.00,20.00,0.00,0.00,0.00,399.00,NOS,NOS,NOS,1,0.000,933.00,,,0.000,,,,,,5438,1,,
2815,P-2815,Joy land 1333,56,,,,333.00,588.00,20.00,0.00,0.00,0.00,399.00,NOS,NOS,NOS,1,0.000,999.00,,,0.000,,,,,,5436,1,,
530,P-0530,Joyboy 1155,87,,,,155.00,230.00,20.00,0.00,0.00,0.00,200.00,NOS,NOS,NOS,1,0.000,288.00,,,0.000,,,,,,2599,1,,
3091,P-3091,K Koodles 1283,63,,,,283.00,488.00,20.00,0.00,0.00,0.00,299.00,NOS,NOS,NOS,1,0.000,849.00,,,0.000,,,,,,5748,1,,
3142,P-3142,K Koodles 1307,141,,,,307.00,525.00,20.00,0.00,0.00,0.00,399.00,NOS,NOS,NOS,1,0.000,921.00,,,0.000,,,,,,5803,1,,
2773,P-2773,K Koodles 1373,63,,,,373.00,650.00,20.00,0.00,0.00,0.00,399.00,NOS,NOS,NOS,1,0.000,1119.00,,,0.000,,,,,,5392,1,,
2777,P-2777,K Koodles 1378,63,,,,378.00,650.00,20.00,0.00,0.00,0.00,399.00,NOS,NOS,NOS,1,0.000,1134.00,,,0.000,,,,,,5397,1,,
2774,P-2774,K Koodles 1387,63,,,,387.00,675.00,20.00,0.00,0.00,0.00,399.00,NOS,NOS,NOS,1,0.000,1161.00,,,0.000,,,,,,5393,1,,
3348,P-3348,k koodles 1392,141,,,,392.00,675.00,20.00,0.00,0.00,0.00,399.00,NOS,NOS,NOS,1,0.000,1176.00,,,0.000,,,,,,6027,1,,
2899,P-2899,K Koodles 1401,56,,,,401.00,688.00,20.00,0.00,0.00,0.00,499.00,NOS,NOS,NOS,1,0.000,1203.00,,,0.000,,,,,,5522,1,,
3093,P-3093,K Koodles 1406,63,,,,406.00,700.00,20.00,0.00,0.00,0.00,499.00,NOS,NOS,NOS,1,0.000,1218.00,,,0.000,,,,,,5746,1,,
2776,P-2776,K Koodles 1406,63,,,,406.00,700.00,20.00,0.00,0.00,0.00,499.00,NOS,NOS,NOS,1,0.000,1218.00,,,0.000,,,,,,5395,1,,
2775,P-2775,K Koodles 1420,63,,,,420.00,725.00,20.00,0.00,0.00,0.00,499.00,NOS,NOS,NOS,1,0.000,1260.00,,,0.000,,,,,,5394,1,,
3158,P-3158,K Koodles 1472,60,,,,472.00,825.00,20.00,0.00,0.00,0.00,499.00,NOS,NOS,NOS,1,0.000,1416.00,,,0.000,,,,,,5819,1,,
2162,P-2162,K Koodles 1524,60,,,,524.00,900.00,20.00,0.00,0.00,0.00,599.00,NOS,NOS,NOS,1,0.000,1572.00,,,0.000,,,,,,4747,1,,
3339,P-3339,k koodles 1566,60,,,,566.00,975.00,20.00,0.00,0.00,0.00,599.00,NOS,NOS,NOS,1,0.000,1698.00,,,0.000,,,,,,6018,1,,
1565,P-1565,K koodles 1713,56,,,,713.00,1250.00,20.00,0.00,0.00,0.00,799.00,NOS,NOS,NOS,1,0.000,2139.00,,,0.000,,,,,,4119,1,,
2505,P-2505,K Koodles 1765,52,,,,765.00,1300.00,20.00,0.00,0.00,0.00,799.00,NOS,NOS,NOS,1,0.000,2295.00,,,0.000,,,,,,5091,1,,
2506,P-2506,K Koodles 1848,52,,,,848.00,1450.00,20.00,0.00,0.00,0.00,899.00,NOS,NOS,NOS,1,0.000,2544.00,,,0.000,,,,,,5092,1,,
2532,P-2532,K Koodles 1859,60,,,,859.00,1475.00,20.00,0.00,0.00,0.00,899.00,NOS,NOS,NOS,1,0.000,2577.00,,,0.000,,,,,,5119,1,,
2797,P-2797,K Kookie 1345,19,,,,345.00,588.00,20.00,0.00,0.00,0.00,399.00,NOS,NOS,NOS,1,0.000,1035.00,,,0.000,,,,,,5417,1,,
1030,P-1030,K Koolkes 1798,60,,,,798.00,1100.00,20.00,0.00,0.00,0.00,799.00,NOS,NOS,NOS,1,0.000,1375.00,,,0.000,,,,,,3480,1,,
242,P-0242,K3juniors 2616,56,gbb,,,419.00,580.00,20.00,0.00,0.00,0.00,399.00,NOS,NOS,NOS,1,0.000,725.00,,,6.000,,,,,,1663,1,,
3432,P-3432,kannu 1103,33,,,,103.00,200.00,20.00,0.00,0.00,0.00,139.00,NOS,NOS,NOS,1,0.000,309.00,,,0.000,,,,,,6116,1,,
1221,P-1221,Kannu 1108,20,,,,108.00,160.00,20.00,0.00,0.00,0.00,159.00,NOS,NOS,NOS,1,0.000,200.00,,,0.000,,,,,,3671,1,,
1219,P-1219,Kannu 1125,20,,,,125.00,180.00,0.00,0.00,0.00,0.00,139.00,NOS,NOS,NOS,1,0.000,225.00,,,0.000,,,,,,3669,1,,
1216,P-1216,Kannu 1130,20,,,,130.00,200.00,20.00,0.00,0.00,0.00,149.00,NOS,NOS,NOS,1,0.000,250.00,,,0.000,,,,,,3666,1,,
617,P-0617,Kannu 1226,91,,,,226.00,310.00,20.00,0.00,0.00,0.00,299.00,NOS,NOS,NOS,1,0.000,388.00,,,0.000,,,,,,2686,1,,
613,P-0613,Kannu 1237,91,,,,237.00,330.00,20.00,0.00,0.00,0.00,299.00,NOS,NOS,NOS,1,0.000,413.00,,,0.000,,,,,,2682,1,,
612,P-0612,Kannu 1249,91,,,,249.00,340.00,20.00,0.00,0.00,0.00,299.00,NOS,NOS,NOS,1,0.000,425.00,,,0.000,,,,,,2681,1,,
614,P-0614,Kannu 1260,91,,,,260.00,360.00,20.00,0.00,0.00,0.00,299.00,NOS,NOS,NOS,1,0.000,450.00,,,0.000,,,,,,2683,1,,
1904,P-1904,Kannu 1291,87,,,,291.00,500.00,20.00,0.00,0.00,0.00,299.00,NOS,NOS,NOS,1,0.000,873.00,,,0.000,,,,,,4463,1,,
625,P-0625,Kannu 1328,91,,,,328.00,450.00,20.00,0.00,0.00,0.00,399.00,NOS,NOS,NOS,1,0.000,563.00,,,0.000,,,,,,2694,1,,
1527,P-1527,Karnika 1236,56,,,,236.00,425.00,20.00,0.00,0.00,0.00,299.00,NOS,NOS,NOS,1,0.000,708.00,,,0.000,,,,,,4081,1,,
1007,P-1007,Karnika 1260,60,,,,260.00,360.00,20.00,0.00,0.00,0.00,299.00,NOS,NOS,NOS,1,0.000,450.00,,,0.000,,,,,,3457,1,,
1005,P-1005,Karnika 1295,60,,,,295.00,420.00,20.00,0.00,0.00,0.00,299.00,NOS,NOS,NOS,1,0.000,525.00,,,0.000,,,,,,3455,1,,
1737,P-1737,Karnika cool 1478,56,,,,478.00,850.00,20.00,0.00,0.00,0.00,499.00,NOS,NOS,NOS,1,0.000,1434.00,,,0.000,,,,,,4293,1,,
2195,P-2195,Karnika Key 1153,60,,,,153.00,275.00,20.00,0.00,0.00,0.00,199.00,NOS,NOS,NOS,1,0.000,459.00,,,0.000,,,,,,4780,1,,
2194,P-2194,Karnika Key 1165,60,,,,165.00,300.00,20.00,0.00,0.00,0.00,199.00,NOS,NOS,NOS,1,0.000,495.00,,,0.000,,,,,,4779,1,,
2174,P-2174,Karnika Key 1195,60,,,,195.00,350.00,20.00,0.00,0.00,0.00,199.00,NOS,NOS,NOS,1,0.000,585.00,,,0.000,,,,,,4759,1,,
1572,P-1572,Karnika key 1207,56,,,,207.00,375.00,20.00,0.00,0.00,0.00,239.00,NOS,NOS,NOS,1,0.000,621.00,,,0.000,,,,,,4125,1,,
236,P-0236,Karnika Key 34828,56,gbb,,,189.00,240.00,0.00,0.00,0.00,0.00,199.00,NOS,NOS,NOS,1,0.000,300.00,,,3.000,,,,,,1656,1,,
234,P-0234,Karnika Key 34903,56,gbb,,,230.00,320.00,0.00,0.00,0.00,0.00,249.00,NOS,NOS,NOS,1,0.000,400.00,,,6.000,,,,,,1652,1,,
2575,P-2575,KIA 11540,134,,,,1540.00,2625.00,20.00,0.00,0.00,0.00,1599.00,NOS,NOS,NOS,1,0.000,4620.00,,,0.000,,,,,,5154,1,,
3349,P-3349,Kid look 1289,33,,,,289.00,500.00,20.00,0.00,0.00,0.00,299.00,NOS,NOS,NOS,1,0.000,867.00,,,0.000,,,,,,6028,1,,
906,P-0906,kiddie zoo 1325,33,,,,325.00,460.00,20.00,0.00,0.00,0.00,350.00,NOS,NOS,NOS,1,0.000,575.00,,,0.000,,,,,,3355,1,,
1239,P-1239,Kiddie zoo 1372,20,,,,372.00,520.00,20.00,0.00,0.00,0.00,399.00,NOS,NOS,NOS,1,0.000,650.00,,,0.000,,,,,,3689,1,,
988,P-0988,Kiddie zoo 1384,60,,,,384.00,530.00,20.00,0.00,0.00,0.00,399.00,NOS,NOS,NOS,1,0.000,663.00,,,0.000,,,,,,3438,1,,
256,P-0256,Kids Bloomer plain,59,61081920,,,53.20,80.00,0.00,2.50,2.50,0.00,60.00,NOS,NOS,NOS,1,0.000,100.00,,,6.000,,,,45,,1730,1,,
256,P-0256,Kids Bloomer plain,59,61081920,,,53.20,80.00,0.00,2.50,2.50,0.00,60.00,NOS,NOS,NOS,1,0.000,100.00,,,3.000,,,,50,,1731,1,,
256,P-0256,Kids Bloomer plain,59,61081920,,,53.20,80.00,0.00,2.50,2.50,0.00,60.00,NOS,NOS,NOS,1,0.000,100.00,,,0.000,,,,55,,1732,1,,
256,P-0256,Kids Bloomer plain,59,61081920,,,53.20,80.00,0.00,2.50,2.50,0.00,60.00,NOS,NOS,NOS,1,0.000,100.00,,,1.000,,,,60,,1733,1,,
256,P-0256,Kids Bloomer plain,59,61081920,,,53.20,80.00,0.00,2.50,2.50,0.00,60.00,NOS,NOS,NOS,1,0.000,100.00,,,0.000,,,,65,,1734,1,,
256,P-0256,Kids Bloomer plain,59,61081920,,,53.20,80.00,0.00,2.50,2.50,0.00,60.00,NOS,NOS,NOS,1,0.000,100.00,,,0.000,,,,70,,1735,1,,
256,P-0256,Kids Bloomer plain,59,61081920,,,53.20,80.00,0.00,2.50,2.50,0.00,60.00,NOS,NOS,NOS,1,0.000,100.00,,,4.000,,,,75,,1736,1,,
256,P-0256,Kids Bloomer plain,59,61081920,,,53.20,80.00,0.00,2.50,2.50,0.00,60.00,NOS,NOS,NOS,1,0.000,100.00,,,4.000,,,,80,,1737,1,,
256,P-0256,Kids Bloomer plain,59,61081920,,,53.20,80.00,0.00,2.50,2.50,0.00,60.00,NOS,NOS,NOS,1,0.000,100.00,,,4.000,,,,85,,1738,1,,
256,P-0256,Kids Bloomer plain,59,61081920,,,53.20,80.00,0.00,2.50,2.50,0.00,60.00,NOS,NOS,NOS,1,0.000,100.00,,,0.000,,,,90,,1739,1,,
257,P-0257,KIDS BLOOMER PRINTED,59,61081920,,,38.10,75.00,20.00,2.50,2.50,0.00,55.00,NOS,NOS,NOS,1,0.000,111.00,,,3.000,,,,60,,1740,1,,
257,P-0257,KIDS BLOOMER PRINTED,59,61081920,,,38.10,75.00,20.00,2.50,2.50,0.00,55.00,NOS,NOS,NOS,1,0.000,111.00,,,8.000,,,,45,,1741,1,,
257,P-0257,KIDS BLOOMER PRINTED,59,61081920,,,38.10,75.00,20.00,2.50,2.50,0.00,55.00,NOS,NOS,NOS,1,0.000,111.00,,,10.000,,,,75,,1742,1,,
257,P-0257,KIDS BLOOMER PRINTED,59,61081920,,,38.10,75.00,20.00,2.50,2.50,0.00,55.00,NOS,NOS,NOS,1,0.000,111.00,,,10.000,,,,85 / 90,,1743,1,,
257,P-0257,KIDS BLOOMER PRINTED,59,61081920,,,38.10,75.00,20.00,2.50,2.50,0.00,55.00,NOS,NOS,NOS,1,0.000,111.00,,,0.000,,,,70,,1744,1,,
257,P-0257,KIDS BLOOMER PRINTED,59,61081920,,,38.10,75.00,20.00,2.50,2.50,0.00,55.00,NOS,NOS,NOS,1,0.000,111.00,,,0.000,,,,65,,1745,1,,
257,P-0257,KIDS BLOOMER PRINTED,59,61081920,,,38.10,75.00,20.00,2.50,2.50,0.00,55.00,NOS,NOS,NOS,1,0.000,111.00,,,0.000,,,,55,,1746,1,,
70,P-0070,kids tshirt opening stock,15,,,,125.00,150.00,20.00,0.00,0.00,0.00,200.00,NOS,NOS,NOS,1,1.000,188.00,Boy's counter,,8.000,,,,,,1156,1,,
70,P-0070,kids tshirt opening stock,15,,,,125.00,150.00,20.00,0.00,0.00,0.00,200.00,NOS,NOS,NOS,1,1.000,188.00,Boy's counter,,20.000,,,,,,1157,1,,
70,P-0070,kids tshirt opening stock,15,,,,125.00,150.00,20.00,0.00,0.00,0.00,200.00,NOS,NOS,NOS,1,1.000,188.00,Boy's counter,,9.000,,,,,,1158,1,,
70,P-0070,kids tshirt opening stock,15,,,,125.00,150.00,20.00,0.00,0.00,0.00,200.00,NOS,NOS,NOS,1,1.000,188.00,Boy's counter,,18.000,,,,,,1159,1,,
70,P-0070,kids tshirt opening stock,15,,,,125.00,150.00,20.00,0.00,0.00,0.00,200.00,NOS,NOS,NOS,1,1.000,188.00,Boy's counter,,10.000,,,,,,1160,1,,
70,P-0070,kids tshirt opening stock,15,,,,125.00,150.00,20.00,0.00,0.00,0.00,200.00,NOS,NOS,NOS,1,1.000,188.00,Boy's counter,,9.000,,,,,,1161,1,,
70,P-0070,kids tshirt opening stock,15,,,,125.00,150.00,20.00,0.00,0.00,0.00,200.00,NOS,NOS,NOS,1,1.000,188.00,Boy's counter,,5.000,,,,,,1162,1,,
70,P-0070,kids tshirt opening stock,15,,,,125.00,150.00,20.00,0.00,0.00,0.00,200.00,NOS,NOS,NOS,1,1.000,188.00,Boy's counter,,3.000,,,,,,1163,1,,
70,P-0070,kids tshirt opening stock,15,,,,125.00,150.00,20.00,0.00,0.00,0.00,200.00,NOS,NOS,NOS,1,1.000,188.00,Boy's counter,,2.000,,,,,,1164,1,,
70,P-0070,kids tshirt opening stock,15,,,,125.00,150.00,20.00,0.00,0.00,0.00,200.00,NOS,NOS,NOS,1,1.000,188.00,Boy's counter,,2.000,,,,,,1165,1,,
70,P-0070,kids tshirt opening stock,15,,,,125.00,150.00,20.00,0.00,0.00,0.00,200.00,NOS,NOS,NOS,1,1.000,188.00,Boy's counter,,2.000,,,,,,1166,1,,
70,P-0070,kids tshirt opening stock,15,,,,125.00,150.00,20.00,0.00,0.00,0.00,200.00,NOS,NOS,NOS,1,1.000,188.00,Boy's counter,,1.000,,,,,,1167,1,,
70,P-0070,kids tshirt opening stock,15,,,,125.00,150.00,20.00,0.00,0.00,0.00,200.00,NOS,NOS,NOS,1,1.000,188.00,Boy's counter,,39.000,,,,,,1168,1,,
70,P-0070,kids tshirt opening stock,15,,,,125.00,150.00,20.00,0.00,0.00,0.00,200.00,NOS,NOS,NOS,1,1.000,188.00,Boy's counter,,3.000,,,,,,1169,1,,
70,P-0070,kids tshirt opening stock,15,,,,125.00,150.00,20.00,0.00,0.00,0.00,200.00,NOS,NOS,NOS,1,1.000,188.00,Boy's counter,,5.000,,,,,,1170,1,,
70,P-0070,kids tshirt opening stock,15,,,,125.00,150.00,20.00,0.00,0.00,0.00,200.00,NOS,NOS,NOS,1,1.000,188.00,Boy's counter,,6.000,,,,,,1171,1,,
70,P-0070,kids tshirt opening stock,15,,,,125.00,150.00,20.00,0.00,0.00,0.00,200.00,NOS,NOS,NOS,1,1.000,188.00,Boy's counter,,6.000,,,,,,1172,1,,
70,P-0070,kids tshirt opening stock,15,,,,125.00,150.00,20.00,0.00,0.00,0.00,200.00,NOS,NOS,NOS,1,1.000,188.00,Boy's counter,,7.000,,,,,,1176,1,,
70,P-0070,kids tshirt opening stock,15,,,,125.00,150.00,20.00,0.00,0.00,0.00,200.00,NOS,NOS,NOS,1,1.000,188.00,Boy's counter,,5.000,,,,,,1177,1,,
70,P-0070,kids tshirt opening stock,15,,,,125.00,150.00,20.00,0.00,0.00,0.00,200.00,NOS,NOS,NOS,1,1.000,188.00,Boy's counter,,9.000,,,,,,1178,1,,
2221,P-2221,Kirat 1128,7,,,,128.00,225.00,20.00,0.00,0.00,0.00,139.00,NOS,NOS,NOS,1,0.000,284.00,,,0.000,,,,,,4806,1,,
1215,P-1215,Kirat 1129,20,,,,129.00,200.00,20.00,0.00,0.00,0.00,179.00,NOS,NOS,NOS,1,0.000,250.00,,,0.000,,,,,,3665,1,,
3370,P-3370,Kirat 1133,60,,,,133.00,275.00,20.00,0.00,0.00,0.00,179.00,NOS,NOS,NOS,1,0.000,399.00,,,0.000,,,,,,6050,1,,
1641,P-1641,Kirat 1134,56,,,,134.00,288.00,20.00,0.00,0.00,0.00,199.00,NOS,NOS,NOS,1,0.000,402.00,,,0.000,,,,,,4196,1,,
2260,P-2260,Kirat 1148,20,,,,148.00,250.00,20.00,0.00,0.00,0.00,199.00,NOS,NOS,NOS,1,0.000,444.00,,,0.000,,,,,,4845,1,,
1640,P-1640,Kirat 1149,56,,,,149.00,300.00,20.00,0.00,0.00,0.00,159.00,NOS,NOS,NOS,1,0.000,447.00,,,0.000,,,,,,4195,1,,
3369,P-3369,Kirat 1150,60,,,,150.00,275.00,20.00,0.00,0.00,0.00,179.00,NOS,NOS,NOS,1,0.000,450.00,,,0.000,,,,,,6049,1,,
3402,P-3402,Kirat 1155,60,,,,155.00,275.00,20.00,0.00,0.00,0.00,199.00,NOS,NOS,NOS,1,0.000,465.00,,,0.000,,,,,,6083,1,,
2250,P-2250,Kirat 1159,20,,,,159.00,288.00,20.00,0.00,0.00,0.00,199.00,NOS,NOS,NOS,1,0.000,477.00,,,0.000,,,,,,4835,1,,
2261,P-2261,kirat 1161,20,,,,161.00,275.00,20.00,0.00,0.00,0.00,179.00,NOS,NOS,NOS,1,0.000,483.00,,,0.000,,,,,,4846,1,,
3401,P-3401,Kirat 1172,20,,,,172.00,300.00,20.00,0.00,0.00,0.00,199.00,NOS,NOS,NOS,1,0.000,516.00,,,0.000,,,,,,6082,1,,
1070,P-1070,Kirat 1192,20,,,,192.00,280.00,20.00,0.00,0.00,0.00,199.00,NOS,NOS,NOS,1,0.000,350.00,,,0.000,,,,,,3520,1,,
1619,P-1619,Kirat 1207,19,,,,207.00,375.00,20.00,0.00,0.00,0.00,299.00,NOS,NOS,NOS,1,0.000,621.00,,,0.000,,,,,,4175,1,,
3397,P-3397,Kirat 1209,20,,,,209.00,375.00,20.00,0.00,0.00,0.00,299.00,NOS,NOS,NOS,1,0.000,627.00,,,0.000,,,,,,6078,1,,
1701,P-1701,Kirat 1213,19,,,,213.00,388.00,20.00,0.00,0.00,0.00,299.00,NOS,NOS,NOS,1,0.000,639.00,,,0.000,,,,,,4257,1,,
1617,P-1617,Kirat 1218,19,,,,218.00,400.00,20.00,0.00,0.00,0.00,299.00,NOS,NOS,NOS,1,0.000,564.00,,,0.000,,,,,,4173,1,,
1600,P-1600,Kirat 1230,56,,,,230.00,425.00,20.00,2.50,2.50,0.00,299.00,NOS,NOS,NOS,1,0.000,690.00,,,0.000,,,,,,4154,1,,
440,P-0440,Kirat 1235,87,,,,235.00,320.00,20.00,0.00,0.00,0.00,249.00,NOS,NOS,NOS,1,0.000,400.00,,,0.000,,,,,,2504,1,,
1618,P-1618,Kirat 1241,19,,,,241.00,450.00,20.00,0.00,0.00,0.00,299.00,NOS,NOS,NOS,1,0.000,723.00,,,0.000,,,,,,4174,1,,
1651,P-1651,Kirat 1244,56,,,,244.00,450.00,20.00,0.00,0.00,0.00,299.00,NOS,NOS,NOS,1,0.000,732.00,,,0.000,,,,,,4207,1,,
1599,P-1599,Kirat 1246,56,,,,246.00,450.00,20.00,2.50,2.50,0.00,299.00,NOS,NOS,NOS,1,0.000,738.00,,,0.000,,,,,,4153,1,,
1616,P-1616,Kirat 1252,19,,,,252.00,450.00,20.00,0.00,0.00,0.00,299.00,NOS,NOS,NOS,1,0.000,756.00,,,0.000,,,,,,4172,1,,
1598,P-1598,Kirat 1263,56,,,,263.00,475.00,20.00,2.50,2.50,0.00,299.00,NOS,NOS,NOS,1,0.000,789.00,,,0.000,,,,,,4152,1,,
1601,P-1601,Kirat 1274,56,,,,274.00,488.00,20.00,0.00,0.00,0.00,279.00,NOS,NOS,NOS,1,0.000,822.00,,,0.000,,,,,,4155,1,,
86,P-0086,kirat 2004/G 1142,19,,,,142.00,220.00,20.00,0.00,0.00,0.00,150.00,NOS,NOS,NOS,1,0.000,275.00,,,2.000,,,,,,1141,1,,
133,P-0133,KIRAT 2030 1127,20,,,,127.00,180.00,20.00,0.00,0.00,0.00,125.00,NOS,NOS,NOS,1,0.000,225.00,Boy's counter,,3.000,,,,,,1274,1,,
1111,P-1111,Kirti 1265,60,,,,265.00,370.00,20.00,0.00,0.00,0.00,300.00,NOS,NOS,NOS,1,0.000,465.00,,,0.000,,,,,,3561,1,,
1110,P-1110,Kirti 1270,60,,,,270.00,380.00,20.00,0.00,0.00,0.00,300.00,NOS,NOS,NOS,1,0.000,475.00,,,0.000,,,,,,3560,1,,
1135,P-1135,Kirti 1315,60,,,,315.00,440.00,20.00,0.00,0.00,0.00,350.00,NOS,NOS,NOS,1,0.000,550.00,,,0.000,,,,,,3585,1,,
1134,P-1134,Kirti 1335,60,,,,335.00,460.00,20.00,0.00,0.00,0.00,300.00,NOS,NOS,NOS,1,0.000,575.00,,,0.000,,,,,,3584,1,,
2558,P-2558,Kit Kat 11005,134,,,,1005.00,1725.00,20.00,0.00,0.00,0.00,1099.00,NOS,NOS,NOS,1,0.000,3015.00,,,0.000,,,,,,5171,1,,
1891,P-1891,Knit king 1285,87,,,,285.00,488.00,20.00,0.00,0.00,0.00,299.00,NOS,NOS,NOS,1,0.000,855.00,,,0.000,,,,,,4449,1,,
1892,P-1892,Knit King 1315,87,,,,315.00,550.00,20.00,0.00,0.00,0.00,399.00,NOS,NOS,NOS,1,0.000,945.00,,,0.000,,,,,,4450,1,,
889,P-0889,Kookie 1245,60,,,,245.00,340.00,20.00,0.00,0.00,0.00,300.00,NOS,NOS,NOS,1,0.000,425.00,,,0.000,,,,,,3338,1,,
975,P-0975,Kookie 1250,60,,,,250.00,340.00,20.00,0.00,0.00,0.00,299.00,NOS,NOS,NOS,1,0.000,425.00,,,0.000,,,,,,3425,1,,
974,P-0974,Kookie 1255,60,,,,255.00,360.00,20.00,0.00,0.00,0.00,299.00,NOS,NOS,NOS,1,0.000,450.00,,,0.000,,,,,,3424,1,,
976,P-0976,Kookie 1260,60,,,,260.00,360.00,20.00,0.00,0.00,0.00,299.00,NOS,NOS,NOS,1,0.000,450.00,,,0.000,,,,,,3426,1,,
890,P-0890,Kookie 1269,60,,,,269.00,475.00,20.00,0.00,0.00,0.00,300.00,NOS,NOS,NOS,1,0.000,807.00,,,0.000,,,,,,3339,1,,
1506,P-1506,Kookie 1278,56,,,,278.00,488.00,20.00,0.00,0.00,0.00,299.00,NOS,NOS,NOS,1,0.000,834.00,,,0.000,,,,,,4060,1,,
994,P-0994,Kookie 1283,60,,,,283.00,390.00,20.00,0.00,0.00,0.00,299.00,NOS,NOS,NOS,1,0.000,488.00,,,0.000,,,,,,3444,1,,
977,P-0977,Kookie 1288,60,,,,288.00,500.00,20.00,0.00,0.00,0.00,299.00,NOS,NOS,NOS,1,0.000,864.00,,,0.000,,,,,,3427,1,,
1505,P-1505,Kookie 1293,56,,,,293.00,525.00,20.00,0.00,0.00,0.00,299.00,NOS,NOS,NOS,1,0.000,871.00,,,0.000,,,,,,4059,1,,
1500,P-1500,Kookie 1297,56,,,,297.00,525.00,20.00,0.00,0.00,0.00,299.00,NOS,NOS,NOS,1,0.000,891.00,,,0.000,,,,,,4016,1,,
1501,P-1501,kookie 1302,56,,,,302.00,550.00,20.00,0.00,0.00,0.00,399.00,NOS,NOS,NOS,1,0.000,906.00,,,0.000,,,,,,4017,1,,
2802,P-2802,Kookie 1312,19,,,,312.00,550.00,20.00,0.00,0.00,0.00,399.00,NOS,NOS,NOS,1,0.000,936.00,,,0.000,,,,,,5422,1,,
995,P-0995,Kookie 1316,60,,,,316.00,550.00,20.00,0.00,0.00,0.00,399.00,NOS,NOS,NOS,1,0.000,948.00,,,0.000,,,,,,3445,1,,
1521,P-1521,Kookie 1321,56,,,,321.00,588.00,20.00,0.00,0.00,0.00,399.00,NOS,NOS,NOS,1,0.000,963.00,,,0.000,,,,,,4075,1,,
1503,P-1503,Kookie 1326,56,,,,326.00,575.00,20.00,0.00,0.00,0.00,399.00,NOS,NOS,NOS,1,0.000,978.00,,,0.000,,,,,,4019,1,,
1502,P-1502,Kookie 1330,56,,,,330.00,588.00,20.00,0.00,0.00,0.00,399.00,NOS,NOS,NOS,1,0.000,990.00,,,0.000,,,,,,4018,1,,
2799,P-2799,Kookie 1335,19,,,,335.00,588.00,20.00,0.00,0.00,0.00,399.00,NOS,NOS,NOS,1,0.000,1005.00,,,0.000,,,,,,5419,1,,
2800,P-2800,Kookie 1340,19,,,,340.00,588.00,20.00,0.00,0.00,0.00,399.00,NOS,NOS,NOS,1,0.000,1020.00,,,0.000,,,,,,5420,1,,
2804,P-2804,Kookie 1345,63,,,,345.00,588.00,20.00,0.00,0.00,0.00,399.00,NOS,NOS,NOS,1,0.000,1035.00,,,0.000,,,,,,5424,1,,
1504,P-1504,Kookie 1349,56,,,,349.00,625.00,20.00,0.00,0.00,0.00,399.00,NOS,NOS,NOS,1,0.000,1047.00,,,0.000,,,,,,4053,1,,
2798,P-2798,Kookie 1354,19,,,,354.00,625.00,20.00,0.00,0.00,0.00,399.00,NOS,NOS,NOS,1,0.000,1062.00,,,0.000,,,,,,5418,1,,
2801,P-2801,Kookie 1373,19,,,,373.00,650.00,20.00,0.00,0.00,0.00,399.00,NOS,NOS,NOS,1,0.000,1119.00,,,0.000,,,,,,5421,1,,
2698,P-2698,kothari chellenge 1065,57,,,,65.00,100.00,20.00,0.00,0.00,0.00,79.00,NOS,NOS,NOS,1,0.000,195.00,,,0.000,,,,,,5309,1,,
3041,P-3041,Kothari ERA Sweateshirt,145,,,,300.00,613.00,20.00,0.00,0.00,0.00,399.00,NOS,NOS,NOS,1,0.000,613.00,,,0.000,,,,,,5689,1,,
3042,P-3042,Kothari ERA Sweateshirt,145,,,,300.00,566.00,20.00,0.00,0.00,0.00,20.00,NOS,NOS,NOS,1,0.000,566.00,,,0.000,,,,,,5679,1,,
2684,P-2684,Kothari fredom rib white,57,,,,102.00,163.00,20.00,0.00,0.00,0.00,120.00,NOS,NOS,NOS,1,0.000,199.00,,,0.000,,,,75,,5275,1,,
2684,P-2684,Kothari fredom rib white,57,,,,102.00,163.00,20.00,0.00,0.00,0.00,120.00,NOS,NOS,NOS,1,0.000,199.00,,,0.000,,,,80,,5276,1,,
2684,P-2684,Kothari fredom rib white,57,,,,102.00,163.00,20.00,0.00,0.00,0.00,120.00,NOS,NOS,NOS,1,0.000,199.00,,,0.000,,,,85,,5277,1,,
2684,P-2684,Kothari fredom rib white,57,,,,102.00,163.00,20.00,0.00,0.00,0.00,120.00,NOS,NOS,NOS,1,0.000,199.00,,,0.000,,,,90,,5278,1,,
2684,P-2684,Kothari fredom rib white,57,,,,102.00,163.00,20.00,0.00,0.00,0.00,120.00,NOS,NOS,NOS,1,0.000,199.00,,,0.000,,,,95,,5279,1,,
2684,P-2684,Kothari fredom rib white,57,,,,102.00,163.00,20.00,0.00,0.00,0.00,120.00,NOS,NOS,NOS,1,0.000,199.00,,,0.000,,,,100,,5281,1,,
2683,P-2683,kothari Freedom Drawer top elactic,57,,,,95.00,150.00,20.00,0.00,0.00,0.00,99.00,NOS,NOS,NOS,1,0.000,229.00,,,0.000,,,,75,,5269,1,,
2683,P-2683,kothari Freedom Drawer top elactic,57,,,,95.00,150.00,20.00,0.00,0.00,0.00,99.00,NOS,NOS,NOS,1,0.000,229.00,,,0.000,,,,80,,5270,1,,
2683,P-2683,kothari Freedom Drawer top elactic,57,,,,95.00,150.00,20.00,0.00,0.00,0.00,99.00,NOS,NOS,NOS,1,0.000,229.00,,,0.000,,,,85,,5271,1,,
2683,P-2683,kothari Freedom Drawer top elactic,57,,,,95.00,150.00,20.00,0.00,0.00,0.00,99.00,NOS,NOS,NOS,1,0.000,229.00,,,0.000,,,,90,,5272,1,,
2683,P-2683,kothari Freedom Drawer top elactic,57,,,,95.00,150.00,20.00,0.00,0.00,0.00,99.00,NOS,NOS,NOS,1,0.000,229.00,,,0.000,,,,95,,5273,1,,
2683,P-2683,kothari Freedom Drawer top elactic,57,,,,95.00,150.00,20.00,0.00,0.00,0.00,99.00,NOS,NOS,NOS,1,0.000,229.00,,,0.000,,,,100,,5274,1,,
2685,P-2685,Kothari freedom rib black,57,,,,110.00,175.00,20.00,0.00,0.00,0.00,122.00,NOS,NOS,NOS,1,0.000,140.00,,,0.000,,,,75,,5282,1,,
2685,P-2685,Kothari freedom rib black,57,,,,110.00,175.00,20.00,0.00,0.00,0.00,122.00,NOS,NOS,NOS,1,0.000,140.00,,,0.000,,,,80,,5287,1,,
2685,P-2685,Kothari freedom rib black,57,,,,110.00,175.00,20.00,0.00,0.00,0.00,122.00,NOS,NOS,NOS,1,0.000,140.00,,,0.000,,,,85,,5288,1,,
2685,P-2685,Kothari freedom rib black,57,,,,110.00,175.00,20.00,0.00,0.00,0.00,122.00,NOS,NOS,NOS,1,0.000,140.00,,,0.000,,,,90,,5289,1,,
2685,P-2685,Kothari freedom rib black,57,,,,110.00,175.00,20.00,0.00,0.00,0.00,122.00,NOS,NOS,NOS,1,0.000,140.00,,,0.000,,,,95,,5290,1,,
2685,P-2685,Kothari freedom rib black,57,,,,110.00,175.00,20.00,0.00,0.00,0.00,122.00,NOS,NOS,NOS,1,0.000,140.00,,,0.000,,,,100,,5291,1,,
2686,P-2686,Kothari mercerised grey Rn,57,,,,118.00,163.00,20.00,0.00,0.00,0.00,122.00,NOS,NOS,NOS,1,0.000,229.00,,,0.000,,,,75,,5292,1,,
2686,P-2686,Kothari mercerised grey Rn,57,,,,118.00,163.00,20.00,0.00,0.00,0.00,122.00,NOS,NOS,NOS,1,0.000,229.00,,,0.000,,,,80,,5293,1,,
2686,P-2686,Kothari mercerised grey Rn,57,,,,118.00,163.00,20.00,0.00,0.00,0.00,122.00,NOS,NOS,NOS,1,0.000,229.00,,,0.000,,,,85,,5294,1,,
2686,P-2686,Kothari mercerised grey Rn,57,,,,118.00,163.00,20.00,0.00,0.00,0.00,122.00,NOS,NOS,NOS,1,0.000,229.00,,,0.000,,,,90,,5295,1,,
2686,P-2686,Kothari mercerised grey Rn,57,,,,118.00,163.00,20.00,0.00,0.00,0.00,122.00,NOS,NOS,NOS,1,0.000,229.00,,,0.000,,,,95,,5296,1,,
2686,P-2686,Kothari mercerised grey Rn,57,,,,118.00,163.00,20.00,0.00,0.00,0.00,122.00,NOS,NOS,NOS,1,0.000,229.00,,,0.000,,,,100,,5297,1,,
978,P-0978,krazi deam 1454,20,,,,454.00,620.00,0.00,0.00,0.00,0.00,499.00,NOS,NOS,NOS,1,0.000,775.00,,,0.000,,,,,,3428,1,,
970,P-0970,Krazi deam 1466,60,,,,466.00,640.00,20.00,0.00,0.00,0.00,499.00,NOS,NOS,NOS,1,0.000,800.00,,,0.000,,,,,,3420,1,,
972,P-0972,Krazi deam 1490,60,,,,490.00,680.00,20.00,0.00,0.00,0.00,499.00,NOS,NOS,NOS,1,0.000,850.00,,,0.000,,,,,,3422,1,,
979,P-0979,krazi deam 1502,60,,,,502.00,700.00,20.00,0.00,0.00,0.00,599.00,NOS,NOS,NOS,1,0.000,875.00,,,0.000,,,,,,3429,1,,
971,P-0971,Krazi deam 1513,60,,,,513.00,700.00,20.00,0.00,0.00,0.00,599.00,NOS,NOS,NOS,1,0.000,875.00,,,0.000,,,,,,3421,1,,
980,P-0980,krazi deam 1549,60,,,,549.00,760.00,20.00,0.00,0.00,0.00,599.00,NOS,NOS,NOS,1,0.000,950.00,,,0.000,,,,,,3430,1,,
973,P-0973,Krazi deam 1608,60,,,,608.00,840.00,20.00,0.00,0.00,0.00,699.00,NOS,NOS,NOS,1,0.000,1050.00,,,0.000,,,,,,3423,1,,
2164,P-2164,Krazy dream1584,60,,,,584.00,1000.00,20.00,0.00,0.00,0.00,599.00,NOS,NOS,NOS,1,0.000,1752.00,,,0.000,,,,,,4749,1,,
2977,P-2977,Kroks Cargo pants 1505,44,,,,505.00,875.00,20.00,0.00,0.00,0.00,599.00,NOS,NOS,NOS,1,0.000,1515.00,,,0.000,,,,,,5595,1,,
2976,P-2976,Kroks jeans 1479,5,,,,479.00,815.00,20.00,0.00,0.00,0.00,499.00,NOS,NOS,NOS,1,0.000,1437.00,,,0.000,,,,,,5594,1,,
2974,P-2974,Kroks jeans 1525,5,,,,525.00,900.00,20.00,0.00,0.00,0.00,599.00,NOS,NOS,NOS,1,0.000,1575.00,,,0.000,,,,,,5592,1,,
2975,P-2975,Kroks jeans 1555,5,,,,555.00,950.00,20.00,0.00,0.00,0.00,599.00,NOS,NOS,NOS,1,0.000,1665.00,,,0.000,,,,,,5593,1,,
727,P-0727,kurta pajama with coti,10,,,,345.00,1900.00,0.00,0.00,0.00,0.00,34.00,NOS,NOS,NOS,1,0.000,2375.00,,,0.000,,,,,,3110,1,,
644,P-0644,Ladies Blazer 11050,9,,,,1050.00,1680.00,20.00,0.00,0.00,0.00,1999.00,NOS,NOS,NOS,1,0.000,1788.00,,,0.000,,,,,,2713,1,,
656,P-0656,Ladies Blazer 11050-1,92,,,,1050.00,1480.00,20.00,0.00,0.00,0.00,1999.00,NOS,NOS,NOS,1,0.000,1850.00,,,0.000,,,,,,2754,1,,
1876,P-1876,Ladies Blazer 1925,92,,,,925.00,1568.00,20.00,0.00,0.00,0.00,999.00,NOS,NOS,NOS,1,0.000,2775.00,,,0.000,,,,,,4431,1,,
1875,P-1875,Ladies blazer 1945,114,,,,945.00,1700.00,20.00,0.00,0.00,0.00,999.00,NOS,NOS,NOS,1,0.000,2835.00,,,0.000,,,,,,4430,1,,
189,P-0189,Le Mere 1270,2,gbb,,,330.00,480.00,20.00,0.00,0.00,0.00,340.00,NOS,NOS,NOS,1,0.000,600.00,MENS COUNTER,,5.000,,,,M,,1410,1,,
5,P-0005,LE MERE 1330,2,,NITIN,,330.00,668.00,20.00,0.00,0.00,0.00,400.00,NOS,NOS,NOS,1,1.000,990.00,MENS COUNTER,CC2,1.000,,,,,,1023,1,,
5,P-0005,LE MERE 1330,2,,NITIN,,330.00,668.00,20.00,0.00,0.00,0.00,400.00,NOS,NOS,NOS,1,1.000,990.00,MENS COUNTER,CC2,1.000,,,,L,,1017,1,,
743,P-0743,Le Mere 1335,2,,,,335.00,500.00,0.00,0.00,0.00,0.00,399.00,NOS,NOS,NOS,1,0.000,625.00,,,0.000,,,,,,3148,1,,
744,P-0744,Le Mere 1345,2,,,,345.00,520.00,0.00,0.00,0.00,0.00,399.00,NOS,NOS,NOS,1,0.000,650.00,,,0.000,,,,,,3149,1,,
791,P-0791,Le Mere 1350,2,,,,350.00,700.00,20.00,0.00,0.00,0.00,399.00,NOS,NOS,NOS,1,0.000,1050.00,,,0.000,,,,XXXL,,3232,1,,
6,P-0006,LE MERE casual 1320,2,,Nitin,,310.00,575.00,20.00,0.00,0.00,0.00,350.00,NOS,NOS,NOS,1,1.000,960.00,mens conter,CC2,2.000,,,,,,1018,1,,
1869,P-1869,Le mere shirt 1340,2,,,,340.00,600.00,20.00,0.00,0.00,0.00,350.00,NOS,NOS,NOS,1,0.000,1020.00,,,0.000,,,,,,4425,1,,
795,P-0795,leggings 1120,61,,,,120.00,250.00,20.00,0.00,0.00,0.00,199.00,NOS,NOS,NOS,1,0.000,490.00,,,0.000,,,,,,3243,1,,
2512,P-2512,Lilly Bell 1655,60,,,,655.00,1150.00,20.00,0.00,0.00,0.00,699.00,NOS,NOS,NOS,1,0.000,1965.00,,,0.000,,,,,,5098,1,,
2511,P-2511,Lilly Bell 1797,60,,,,797.00,1375.00,20.00,0.00,0.00,0.00,799.00,NOS,NOS,NOS,1,0.000,2391.00,,,0.000,,,,,,5097,1,,
361,P-0361,LILY victoria (panty),74,,,,70.00,112.00,0.00,0.00,0.00,0.00,99.00,NOS,NOS,NOS,1,0.000,140.00,,,5.000,,,,L,,2102,1,,
361,P-0361,LILY victoria (panty),74,,,,70.00,112.00,0.00,0.00,0.00,0.00,99.00,NOS,NOS,NOS,1,0.000,140.00,,,0.000,,,,S,,2103,1,,
361,P-0361,LILY victoria (panty),74,,,,70.00,112.00,0.00,0.00,0.00,0.00,99.00,NOS,NOS,NOS,1,0.000,140.00,,,0.000,,,,M,,2104,1,,
361,P-0361,LILY victoria (panty),74,,,,70.00,112.00,0.00,0.00,0.00,0.00,99.00,NOS,NOS,NOS,1,0.000,140.00,,,0.000,,,,XL,,2105,1,,
361,P-0361,LILY victoria (panty),74,,,,70.00,112.00,0.00,0.00,0.00,0.00,99.00,NOS,NOS,NOS,1,0.000,140.00,,,0.000,,,,XXL,,2106,1,,
49,P-0049,little fox lf 892 1190,7,,,,190.00,280.00,0.00,0.00,0.00,0.00,200.00,NOS,NOS,NOS,1,0.000,350.00,MEN'S COUNTER,,5.000,,,,,,1086,1,,
3123,P-3123,Little hug 1073,121,,,,73.00,200.00,20.00,0.00,0.00,0.00,99.00,NOS,NOS,NOS,1,0.000,438.00,,,0.000,,,,,,5716,1,,
1909,P-1909,Little Mr. 1395,87,,,,395.00,675.00,20.00,0.00,0.00,0.00,399.00,NOS,NOS,NOS,1,0.000,1185.00,,,0.000,,,,,,4467,1,,
639,P-0639,Little MR. 1407,91,,,,407.00,560.00,0.00,0.00,0.00,0.00,499.00,NOS,NOS,NOS,1,0.000,700.00,,,0.000,,,,,,2708,1,,
1710,P-1710,Little Princess 1734,56,,,,734.00,1300.00,20.00,0.00,0.00,0.00,799.00,NOS,NOS,NOS,1,0.000,2202.00,,,0.000,,,,,,4266,1,,
3231,P-3231,London 1239,33,,,,239.00,425.00,20.00,0.00,0.00,0.00,299.00,NOS,NOS,NOS,1,0.000,717.00,,,0.000,,,,,,5897,1,,
319,P-0319,Long tshirt,26,,,,76.00,120.00,20.00,0.00,0.00,0.00,99.00,NOS,NOS,NOS,1,0.000,150.00,,,10.000,,,,Free,,1986,1,,
319,P-0319,Long tshirt,26,,,,76.00,120.00,20.00,0.00,0.00,0.00,99.00,NOS,NOS,NOS,1,0.000,150.00,,,4.000,,,,Free,,1987,1,,
319,P-0319,Long tshirt,26,,,,76.00,120.00,20.00,0.00,0.00,0.00,99.00,NOS,NOS,NOS,1,0.000,150.00,,,1.000,,,,Free,,1988,1,,
319,P-0319,Long tshirt,26,,,,76.00,120.00,20.00,0.00,0.00,0.00,99.00,NOS,NOS,NOS,1,0.000,150.00,,,1.000,,,,Free,,1989,1,,
319,P-0319,Long tshirt,26,,,,76.00,120.00,20.00,0.00,0.00,0.00,99.00,NOS,NOS,NOS,1,0.000,150.00,,,3.000,,,,Free,,1990,1,,
319,P-0319,Long tshirt,26,,,,76.00,120.00,20.00,0.00,0.00,0.00,99.00,NOS,NOS,NOS,1,0.000,150.00,,,6.000,,,,Free,,1991,1,,
2673,P-2673,Looper bermuda 1250,118,,,,250.00,500.00,20.00,0.00,0.00,0.00,299.00,NOS,NOS,NOS,1,0.000,750.00,,,0.000,,,,,,G1001094,1,,
2672,P-2672,Looper shorts 1162,118,,,,162.00,324.00,20.00,0.00,0.00,0.00,199.00,NOS,NOS,NOS,1,0.000,486.00,,,0.000,,,,,,GI001159,1,,
3176,P-3176,Lovely 1297,60,,,,297.00,525.00,20.00,0.00,0.00,0.00,299.00,NOS,NOS,NOS,1,0.000,891.00,,,0.000,,,,,,5837,1,,
575,P-0575,Lovely 1310,87,,,,310.00,420.00,0.00,0.00,0.00,0.00,350.00,NOS,NOS,NOS,1,0.000,525.00,,,0.000,,,,,,2644,1,,
1965,P-1965,Lovely 1315,87,,,,315.00,550.00,20.00,0.00,0.00,0.00,399.00,NOS,NOS,NOS,1,0.000,945.00,,,0.000,,,,,,4531,1,,
3179,P-3179,Lovely 1319,33,,,,319.00,550.00,20.00,0.00,0.00,0.00,399.00,NOS,NOS,NOS,1,0.000,957.00,,,0.000,,,,,,5840,1,,
559,P-0559,Lovely 1355,87,,,,355.00,480.00,0.00,0.00,0.00,0.00,400.00,NOS,NOS,NOS,1,0.000,600.00,,,0.000,,,,,,2628,1,,
3423,P-3423,Lovely 1410,20,,,,410.00,700.00,20.00,0.00,0.00,0.00,499.00,NOS,NOS,NOS,1,0.000,1230.00,,,0.000,,,,,,6103,1,,
3412,P-3412,Lovely 1484,60,,,,484.00,825.00,20.00,0.00,0.00,0.00,499.00,NOS,NOS,NOS,1,0.000,1452.00,,,0.000,,,,,,6093,1,,
2556,P-2556,Lovely 1570,60,,,,570.00,975.00,20.00,0.00,0.00,0.00,599.00,NOS,NOS,NOS,1,0.000,1710.00,,,0.000,,,,,,5143,1,,
2482,P-2482,Lovely kids 1160,20,,,,160.00,275.00,20.00,0.00,0.00,0.00,179.00,NOS,NOS,NOS,1,0.000,480.00,,,0.000,,,,,,5068,1,,
2484,P-2484,Lovely kids 1170,20,,,,170.00,300.00,20.00,0.00,0.00,0.00,179.00,NOS,NOS,NOS,1,0.000,510.00,,,0.000,,,,,,5070,1,,
3222,P-3222,Lovely kids 1184,16,,,,184.00,325.00,20.00,0.00,0.00,0.00,199.00,NOS,NOS,NOS,1,0.000,552.00,,,0.000,,,,,,5883,1,,
1048,P-1048,Lovely kids 1185,60,,,,185.00,260.00,20.00,0.00,0.00,0.00,199.00,NOS,NOS,NOS,1,0.000,325.00,,,0.000,,,,,,3498,1,,
2476,P-2476,Lovely kids 1195,52,,,,195.00,350.00,20.00,0.00,0.00,0.00,199.00,NOS,NOS,NOS,1,0.000,585.00,,,0.000,,,,,,5062,1,,
1664,P-1664,Lovely kids 1230,19,,,,230.00,425.00,20.00,0.00,0.00,0.00,249.00,NOS,NOS,NOS,1,0.000,690.00,,,0.000,,,,,,4220,1,,
1676,P-1676,Lovely kids 1240,19,,,,240.00,450.00,20.00,0.00,0.00,0.00,199.00,NOS,NOS,NOS,1,0.000,720.00,,,0.000,,,,,,4231,1,,
96,P-0096,Lovely kids 1265,19,,,,265.00,360.00,0.00,0.00,0.00,0.00,300.00,NOS,NOS,NOS,1,0.000,450.00,,,1.000,,,,,,1237,1,,
1648,P-1648,Lovely Kids 1310,56,,,,310.00,550.00,20.00,0.00,0.00,0.00,399.00,NOS,NOS,NOS,1,0.000,945.00,,,0.000,,,,,,4204,1,,
1647,P-1647,Lovely Kids 1315,56,,,,315.00,575.00,20.00,0.00,0.00,0.00,399.00,NOS,NOS,NOS,1,0.000,945.00,,,0.000,,,,,,4203,1,,
3359,P-3359,Lovely kids 1343,60,,,,343.00,588.00,20.00,0.00,0.00,0.00,399.00,NOS,NOS,NOS,1,0.000,1029.00,,,0.000,,,,,,6039,1,,
2025,P-2025,Lovely kids 1410,87,,,,410.00,700.00,20.00,0.00,0.00,0.00,499.00,NOS,NOS,NOS,1,0.000,1230.00,,,0.000,,,,,,4609,1,,
2830,P-2830,Lovely kids 1490,19,,,,490.00,850.00,20.00,0.00,0.00,0.00,499.00,NOS,NOS,NOS,1,0.000,1470.00,,,0.000,,,,,,5451,1,,
77,P-0077,lower (kids),18,,,,160.00,240.00,20.00,0.00,0.00,0.00,200.00,NOS,NOS,NOS,1,0.000,300.00,Boy's counter,,5.000,,,,,,1213,1,,
77,P-0077,lower (kids),18,,,,160.00,240.00,20.00,0.00,0.00,0.00,200.00,NOS,NOS,NOS,1,0.000,300.00,Boy's counter,,2.000,,,,,,1214,1,,
77,P-0077,lower (kids),18,,,,160.00,240.00,20.00,0.00,0.00,0.00,200.00,NOS,NOS,NOS,1,0.000,300.00,Boy's counter,,7.000,,,,,,1215,1,,
77,P-0077,lower (kids),18,,,,160.00,240.00,20.00,0.00,0.00,0.00,200.00,NOS,NOS,NOS,1,0.000,300.00,Boy's counter,,6.000,,,,,,1216,1,,
77,P-0077,lower (kids),18,,,,160.00,240.00,20.00,0.00,0.00,0.00,200.00,NOS,NOS,NOS,1,0.000,300.00,Boy's counter,,4.000,,,,,,1217,1,,
77,P-0077,lower (kids),18,,,,160.00,240.00,20.00,0.00,0.00,0.00,200.00,NOS,NOS,NOS,1,0.000,300.00,Boy's counter,,1.000,,,,,,1218,1,,
77,P-0077,lower (kids),18,,,,160.00,240.00,20.00,0.00,0.00,0.00,200.00,NOS,NOS,NOS,1,0.000,300.00,Boy's counter,,2.000,,,,,,1219,1,,
77,P-0077,lower (kids),18,,,,160.00,240.00,20.00,0.00,0.00,0.00,200.00,NOS,NOS,NOS,1,0.000,300.00,Boy's counter,,2.000,,,,,,1220,1,,
60,P-0060,Lower 1120,14,,,,120.00,200.00,20.00,0.00,0.00,0.00,150.00,NOS,NOS,NOS,1,0.000,250.00,MEN'S COUNTER,,21.000,,,,,,1135,1,,
61,P-0061,Lower 1195,14,,,,195.00,320.00,0.00,0.00,0.00,0.00,200.00,NOS,NOS,NOS,1,0.000,400.00,MEN'S COUNTER,,2.000,,,,,,1136,1,,
314,P-0314,Lower(kids),18,,,,95.00,160.00,20.00,0.00,0.00,0.00,99.00,NOS,NOS,NOS,1,0.000,200.00,,,2.000,,,,22-26,,1970,1,,
314,P-0314,Lower(kids),18,,,,95.00,160.00,20.00,0.00,0.00,0.00,99.00,NOS,NOS,NOS,1,0.000,200.00,,,4.000,,,,22-26,,1971,1,,
314,P-0314,Lower(kids),18,,,,95.00,160.00,20.00,0.00,0.00,0.00,99.00,NOS,NOS,NOS,1,0.000,200.00,,,3.000,,,,22-26,,1972,1,,
314,P-0314,Lower(kids),18,,,,95.00,160.00,20.00,0.00,0.00,0.00,99.00,NOS,NOS,NOS,1,0.000,200.00,,,2.000,,,,22-26,,1973,1,,
314,P-0314,Lower(kids),18,,,,95.00,160.00,20.00,0.00,0.00,0.00,99.00,NOS,NOS,NOS,1,0.000,200.00,,,1.000,,,,22-26,,1974,1,,
314,P-0314,Lower(kids),18,,,,95.00,160.00,20.00,0.00,0.00,0.00,99.00,NOS,NOS,NOS,1,0.000,200.00,,,1.000,,,,22-26,,1975,1,,
770,P-0770,Loyo chandni,93,,,,35.00,56.00,0.00,0.00,0.00,0.00,39.00,NOS,NOS,NOS,1,0.000,70.00,,,0.000,,,,,,3200,1,,
759,P-0759,Loyo CT-100,93,,,,30.00,50.00,0.00,0.00,0.00,0.00,35.00,NOS,NOS,NOS,1,0.000,63.00,,,0.000,,,,,,3180,1,,
758,P-0758,Loyo Frooty,110,,,,32.50,52.00,0.00,0.00,0.00,0.00,35.00,NOS,NOS,NOS,1,0.000,65.00,,,0.000,,,,,,3179,1,,
769,P-0769,Loyo Robert,93,,,,40.00,64.00,0.00,0.00,0.00,0.00,69.00,NOS,NOS,NOS,1,0.000,80.00,,,0.000,,,,,,3199,1,,
761,P-0761,Loyo Sony,93,,,,40.00,64.00,0.00,0.00,0.00,0.00,45.00,NOS,NOS,NOS,1,0.000,80.00,,,0.000,,,,,,3182,1,,
760,P-0760,Loyo Wooltex,93,,,,42.50,70.00,0.00,0.00,0.00,0.00,45.00,NOS,NOS,NOS,1,0.000,85.00,,,0.000,,,,,,3181,1,,
2953,P-2953,Lucky jeans 1595,5,,,,595.00,1025.00,20.00,0.00,0.00,0.00,699.00,NOS,NOS,NOS,1,0.000,1800.00,,,0.000,,,,,,5574,1,,
328,P-0328,Lux coxi CH-hipster#201,74,,,,110.00,147.00,0.00,0.00,0.00,0.00,139.00,NOS,NOS,NOS,1,0.000,184.00,,,5.000,,,,80,,8904209880765,1,,
327,P-0327,Lux cozi,74,,,,63.00,84.00,0.00,0.00,0.00,0.00,69.00,NOS,NOS,NOS,1,0.000,106.00,,,3.000,,,,85,,2008,1,,
327,P-0327,Lux cozi,74,,,,63.00,84.00,0.00,0.00,0.00,0.00,69.00,NOS,NOS,NOS,1,0.000,106.00,,,3.000,,,,90,,2009,1,,
326,P-0326,LUX Karishma,74,,,,32.00,43.00,0.00,0.00,0.00,0.00,39.00,NOS,NOS,NOS,1,0.000,54.00,,,11.000,,,,85-90,,8904209880123,1,,
136,P-0136,M.G. 11062,20,,,,230.00,320.00,20.00,0.00,0.00,0.00,250.00,NOS,NOS,NOS,1,0.000,400.00,Boy's counter,,3.000,,,,,,1277,1,,
1644,P-1644,M.G. 1200,56,,,,200.00,375.00,20.00,0.00,0.00,0.00,239.00,NOS,NOS,NOS,1,0.000,600.00,,,0.000,,,,,,4199,1,,
135,P-0135,M.G. Classic 11062 1230,20,,,,230320.00,240.00,0.00,0.00,0.00,0.00,150.00,NOS,NOS,NOS,1,0.000,400.00,Boy's counter,,3.000,,,,,,1276,1,,
129,P-0129,M.G. classic 11065 1230,20,,,,230.00,320.00,20.00,0.00,0.00,0.00,250.00,NOS,NOS,NOS,1,0.000,400.00,Boy's counter,,3.000,,,,,,1270,1,,
968,P-0968,Mad boyz 1372,20,,,,372.00,520.00,20.00,0.00,0.00,0.00,399.00,NOS,NOS,NOS,1,0.000,650.00,,,0.000,,,,,,3418,1,,
952,P-0952,Mad boyz 1401,20,,,,401.00,550.00,20.00,0.00,0.00,0.00,499.00,NOS,NOS,NOS,1,0.000,688.00,,,0.000,,,,,,3402,1,,
1112,P-1112,Mad boyz 1490,33,,,,490.00,680.00,20.00,0.00,0.00,0.00,500.00,NOS,NOS,NOS,1,0.000,850.00,,,0.000,,,,,,3562,1,,
1117,P-1117,Mad boyz 1561,33,,,,561.00,780.00,20.00,0.00,0.00,0.00,600.00,NOS,NOS,NOS,1,0.000,975.00,,,0.000,,,,,,3567,1,,
773,P-0773,Mapple Gold 1045-2,114,,,,1395.00,1960.00,0.00,0.00,0.00,0.00,1499.00,NOS,NOS,NOS,1,0.000,2450.00,,,0.000,,,,,,3203,1,,
771,P-0771,Mapple Gold BL-6045-3,114,,,,1395.00,1960.00,0.00,0.00,0.00,0.00,1499.00,NOS,NOS,NOS,1,0.000,2450.00,,,0.000,,,,,,3201,1,,
772,P-0772,Mapple Gold BL-6072-1,114,,,,1450.00,1980.00,0.00,0.00,0.00,0.00,1499.00,NOS,NOS,NOS,1,0.000,2475.00,,,0.000,,,,,,3202,1,,
3282,P-3282,Matrix boys 1290,33,,,,290.00,500.00,20.00,0.00,0.00,0.00,299.00,NOS,NOS,NOS,1,0.000,870.00,,,0.000,,,,,,5949,1,,
3281,P-3281,Matrix boys 1296,33,,,,296.00,525.00,20.00,0.00,0.00,0.00,299.00,NOS,NOS,NOS,1,0.000,999.00,,,0.000,,,,,,5948,1,,
959,P-0959,MBF 1430,20,,,,430.00,600.00,20.00,0.00,0.00,0.00,499.00,NOS,NOS,NOS,1,0.000,750.00,,,0.000,,,,,,3409,1,,
966,P-0966,MBF 1430 -1,20,,,,430.00,600.00,20.00,0.00,0.00,0.00,499.00,NOS,NOS,NOS,1,0.000,750.00,,,0.000,,,,,,3416,1,,
2133,P-2133,MBF 1488,33,,,,488.00,850.00,20.00,0.00,0.00,0.00,499.00,NOS,NOS,NOS,1,0.000,1464.00,,,0.000,,,,,,4718,1,,
2557,P-2557,MBF 1493,20,,,,493.00,838.00,20.00,2.50,2.50,0.00,20.00,NOS,NOS,NOS,1,0.000,1479.00,,,0.000,,,,,,5144,1,,
2125,P-2125,MBF 1533,33,,,,533.00,925.00,20.00,0.00,0.00,0.00,599.00,NOS,NOS,NOS,1,0.000,1599.00,,,0.000,,,,,,4710,1,,
881,P-0881,MBF 1540,33,,,,540.00,740.00,20.00,0.00,0.00,0.00,550.00,NOS,NOS,NOS,1,0.000,925.00,,,0.000,,,,,,3330,1,,
955,P-0955,MBF 1550,20,,,,550.00,760.00,0.00,0.00,0.00,0.00,599.00,NOS,NOS,NOS,1,0.000,950.00,,,0.000,,,,,,3405,1,,
967,P-0967,MBF 1550 -1,20,,,,550.00,760.00,20.00,0.00,0.00,0.00,599.00,NOS,NOS,NOS,1,0.000,950.00,,,0.000,,,,,,3417,1,,
960,P-0960,MBF 1550-1,20,,,,550.00,760.00,20.00,0.00,0.00,0.00,599.00,NOS,NOS,NOS,1,0.000,950.00,,,0.000,,,,,,3410,1,,
2124,P-2124,MBF 1555,33,,,,555.00,950.00,20.00,0.00,0.00,0.00,599.00,NOS,NOS,NOS,1,0.000,1665.00,,,0.000,,,,,,4709,1,,
956,P-0956,MBF 1570,20,,,,570.00,780.00,20.00,0.00,0.00,0.00,599.00,NOS,NOS,NOS,1,0.000,975.00,,,0.000,,,,,,3406,1,,
954,P-0954,MBF 1580,20,,,,580.00,790.00,20.00,0.00,0.00,0.00,599.00,NOS,NOS,NOS,1,0.000,988.00,,,0.000,,,,,,3404,1,,
958,P-0958,MBF 1590,60,,,,590.00,1025.00,20.00,0.00,0.00,0.00,599.00,NOS,NOS,NOS,1,0.000,1600.00,,,0.000,,,,,,3408,1,,
965,P-0965,MBF 1590 -1,20,,,,590.00,820.00,20.00,0.00,0.00,0.00,599.00,NOS,NOS,NOS,1,0.000,1025.00,,,0.000,,,,,,3415,1,,
2122,P-2122,MBF 1600,33,,,,600.00,1025.00,20.00,0.00,0.00,0.00,699.00,NOS,NOS,NOS,1,0.000,1800.00,,,0.000,,,,,,4707,1,,
2688,P-2688,MD JEANS 1450,5,,,,450.00,800.00,20.00,0.00,0.00,0.00,499.00,NOS,NOS,NOS,1,0.000,1350.00,,,0.000,,,,,,5301,1,,
165,P-0165,Men's Jeans 1430,5,,,,450.00,640.00,20.00,0.00,0.00,0.00,500.00,NOS,NOS,NOS,1,0.000,800.00,,,30.000,,,,,,1309,1,,
1912,P-1912,Merry Gold 1588,87,,,,588.00,1000.00,20.00,0.00,0.00,0.00,599.00,NOS,NOS,NOS,1,0.000,1764.00,,,0.000,,,,,,4470,1,,
1899,P-1899,Merry Gold 1644,87,,,,644.00,1100.00,20.00,0.00,0.00,0.00,699.00,NOS,NOS,NOS,1,0.000,1932.00,,,0.000,,,,,,4458,1,,
2648,P-2648,MH - 89 1330,7,,,,330.00,575.00,20.00,0.00,0.00,0.00,359.00,NOS,NOS,NOS,1,0.000,990.00,,,0.000,,,,,,5235,1,,
304,P-0304,Middy OP Stock,70,,,,303.00,420.00,20.00,0.00,0.00,0.00,339.00,NOS,NOS,NOS,1,0.000,525.00,,,2.000,,,,,,1899,1,,
304,P-0304,Middy OP Stock,70,,,,303.00,420.00,20.00,0.00,0.00,0.00,339.00,NOS,NOS,NOS,1,0.000,525.00,,,2.000,,,,,,1900,1,,
304,P-0304,Middy OP Stock,70,,,,303.00,420.00,20.00,0.00,0.00,0.00,339.00,NOS,NOS,NOS,1,0.000,525.00,,,1.000,,,,,,1901,1,,
304,P-0304,Middy OP Stock,70,,,,303.00,420.00,20.00,0.00,0.00,0.00,339.00,NOS,NOS,NOS,1,0.000,525.00,,,2.000,,,,,,1902,1,,
304,P-0304,Middy OP Stock,70,,,,303.00,420.00,20.00,0.00,0.00,0.00,339.00,NOS,NOS,NOS,1,0.000,525.00,,,1.000,,,,,,1903,1,,
304,P-0304,Middy OP Stock,70,,,,303.00,420.00,20.00,0.00,0.00,0.00,339.00,NOS,NOS,NOS,1,0.000,525.00,,,2.000,,,,,,1904,1,,
304,P-0304,Middy OP Stock,70,,,,303.00,420.00,20.00,0.00,0.00,0.00,339.00,NOS,NOS,NOS,1,0.000,525.00,,,1.000,,,,,,1905,1,,
1236,P-1236,Milan hood,94,,,,220.00,500.00,20.00,0.00,0.00,0.00,299.00,NOS,NOS,NOS,1,0.000,660.00,,,0.000,,,,,,3686,1,,
776,P-0776,Milan kurti,55,,,,230.00,400.00,20.00,0.00,0.00,0.00,299.00,NOS,NOS,NOS,1,0.000,500.00,,,0.000,,,,,,3211,1,,
776,P-0776,Milan kurti,55,,,,230.00,400.00,20.00,0.00,0.00,0.00,299.00,NOS,NOS,NOS,1,0.000,500.00,,,0.000,,,,,,3212,1,,
776,P-0776,Milan kurti,55,,,,230.00,400.00,20.00,0.00,0.00,0.00,299.00,NOS,NOS,NOS,1,0.000,500.00,,,0.000,,,,,,3213,1,,
778,P-0778,Milan kurti 1090,55,,,,90.00,200.00,20.00,0.00,0.00,0.00,99.00,NOS,NOS,NOS,1,0.000,250.00,,,0.000,,,,,,3216,1,,
774,P-0774,Milan Kurti set,76,,,,535.00,875.00,20.00,0.00,0.00,0.00,299.00,NOS,NOS,NOS,1,0.000,1200.00,,,0.000,,,,,,3204,1,,
774,P-0774,Milan Kurti set,76,,,,535.00,875.00,20.00,0.00,0.00,0.00,299.00,NOS,NOS,NOS,1,0.000,1200.00,,,0.000,,,,,,3205,1,,
774,P-0774,Milan Kurti set,76,,,,535.00,875.00,20.00,0.00,0.00,0.00,299.00,NOS,NOS,NOS,1,0.000,1200.00,,,0.000,,,,,,3206,1,,
774,P-0774,Milan Kurti set,76,,,,535.00,875.00,20.00,0.00,0.00,0.00,299.00,NOS,NOS,NOS,1,0.000,1200.00,,,0.000,,,,,,3207,1,,
775,P-0775,Milan kurti set,76,,,,250.00,500.00,0.00,0.00,0.00,0.00,299.00,NOS,NOS,NOS,1,0.000,625.00,,,0.000,,,,,,3208,1,,
775,P-0775,Milan kurti set,76,,,,250.00,500.00,0.00,0.00,0.00,0.00,299.00,NOS,NOS,NOS,1,0.000,625.00,,,0.000,,,,,,3209,1,,
775,P-0775,Milan kurti set,76,,,,250.00,500.00,0.00,0.00,0.00,0.00,299.00,NOS,NOS,NOS,1,0.000,625.00,,,0.000,,,,,,3210,1,,
343,P-0343,Milan Kurti set 1250,55,,,,250.00,600.00,0.00,0.00,0.00,0.00,300.00,NOS,NOS,NOS,1,0.000,750.00,,,0.000,,,,,,2190,1,,
339,P-0339,Milan Kurti set 1350,55,,,,350.00,560.00,0.00,0.00,0.00,0.00,490.00,NOS,NOS,NOS,1,0.000,700.00,,,0.000,,,,,,2186,1,,
342,P-0342,Milan Kurti set 1400,55,,,,400.00,800.00,20.00,0.00,0.00,0.00,499.00,NOS,NOS,NOS,1,0.000,1200.00,,,0.000,,,,,,2189,1,,
341,P-0341,Milan Kurti set 1550,55,,,,550.00,880.00,20.00,0.00,0.00,0.00,629.00,NOS,NOS,NOS,1,0.000,1100.00,,,0.000,,,,,,2188,1,,
340,P-0340,Milan Kurti set 1600,55,,,,600.00,1200.00,20.00,0.00,0.00,0.00,700.00,NOS,NOS,NOS,1,0.000,1800.00,,,0.000,,,,,,2187,1,,
337,P-0337,Milan kurti set 1620,76,,,,620.00,1500.00,20.00,0.00,0.00,0.00,800.00,NOS,NOS,NOS,1,0.000,1860.00,,,0.000,,,,,,2184,1,,
338,P-0338,Milan kurti set 1650,55,,,,650.00,1240.00,20.00,0.00,0.00,0.00,800.00,NOS,NOS,NOS,1,0.000,1550.00,,,0.000,,,,,,2185,1,,
794,P-0794,Milan SKD set,64,,,,1100.00,1875.00,20.00,0.00,0.00,0.00,1199.00,NOS,NOS,NOS,1,0.000,2400.00,,,0.000,,,,,,3235,1,,
794,P-0794,Milan SKD set,64,,,,1100.00,1875.00,20.00,0.00,0.00,0.00,1199.00,NOS,NOS,NOS,1,0.000,2400.00,,,0.000,,,,,,3236,1,,
794,P-0794,Milan SKD set,64,,,,1100.00,1875.00,20.00,0.00,0.00,0.00,1199.00,NOS,NOS,NOS,1,0.000,2400.00,,,0.000,,,,,,3237,1,,
794,P-0794,Milan SKD set,64,,,,1100.00,1875.00,20.00,0.00,0.00,0.00,1199.00,NOS,NOS,NOS,1,0.000,2400.00,,,0.000,,,,,,3238,1,,
794,P-0794,Milan SKD set,64,,,,1100.00,1875.00,20.00,0.00,0.00,0.00,1199.00,NOS,NOS,NOS,1,0.000,2400.00,,,0.000,,,,,,3239,1,,
794,P-0794,Milan SKD set,64,,,,1100.00,1875.00,20.00,0.00,0.00,0.00,1199.00,NOS,NOS,NOS,1,0.000,2400.00,,,0.000,,,,,,3240,1,,
794,P-0794,Milan SKD set,64,,,,1100.00,1875.00,20.00,0.00,0.00,0.00,1199.00,NOS,NOS,NOS,1,0.000,2400.00,,,0.000,,,,,,3241,1,,
794,P-0794,Milan SKD set,64,,,,1100.00,1875.00,20.00,0.00,0.00,0.00,1199.00,NOS,NOS,NOS,1,0.000,2400.00,,,0.000,,,,,,3242,1,,
2078,P-2078,Milan SKD set 1450,64,,,,450.00,750.00,20.00,0.00,0.00,0.00,499.00,NOS,NOS,NOS,1,0.000,1350.00,,,0.000,,,,,,4663,1,,
2076,P-2076,Milan SKD set 1480,64,,,,480.00,825.00,20.00,0.00,0.00,0.00,499.00,NOS,NOS,NOS,1,0.000,1440.00,,,0.000,,,,,,4661,1,,
2079,P-2079,Milan SKD set 1490,64,,,,490.00,838.00,20.00,0.00,0.00,0.00,499.00,NOS,NOS,NOS,1,0.000,1470.00,,,0.000,,,,,,4664,1,,
2077,P-2077,Milan SKD set 1550,64,,,,550.00,938.00,20.00,0.00,0.00,0.00,599.00,NOS,NOS,NOS,1,0.000,1650.00,,,0.000,,,,,,4662,1,,
2074,P-2074,Milan SKD set 1850,64,,,,850.00,1538.00,20.00,0.00,0.00,0.00,899.00,NOS,NOS,NOS,1,0.000,2550.00,,,0.000,,,,,,4659,1,,
2075,P-2075,Milan SKD set 1870,64,,,,870.00,1538.00,20.00,0.00,0.00,0.00,899.00,NOS,NOS,NOS,1,0.000,2610.00,,,0.000,,,,,,4660,1,,
755,P-0755,Milan Suit,64,,,,750.00,1100.00,20.00,0.00,0.00,0.00,599.00,NOS,NOS,NOS,1,0.000,1375.00,,,0.000,,,,,,3161,1,,
755,P-0755,Milan Suit,64,,,,750.00,1100.00,20.00,0.00,0.00,0.00,599.00,NOS,NOS,NOS,1,0.000,1375.00,,,0.000,,,,,,3162,1,,
755,P-0755,Milan Suit,64,,,,750.00,1100.00,20.00,0.00,0.00,0.00,599.00,NOS,NOS,NOS,1,0.000,1375.00,,,0.000,,,,,,3163,1,,
755,P-0755,Milan Suit,64,,,,750.00,1100.00,20.00,0.00,0.00,0.00,599.00,NOS,NOS,NOS,1,0.000,1375.00,,,0.000,,,,,,3164,1,,
755,P-0755,Milan Suit,64,,,,750.00,1100.00,20.00,0.00,0.00,0.00,599.00,NOS,NOS,NOS,1,0.000,1375.00,,,0.000,,,,,,3165,1,,
756,P-0756,Milan Suit,64,,,,725.00,1275.00,20.00,0.00,0.00,0.00,299.00,NOS,NOS,NOS,1,0.000,750.00,,,0.000,,,,,,3173,1,,
763,P-0763,Milan suit,64,,,,668.00,800.00,20.00,0.00,0.00,0.00,699.00,NOS,NOS,NOS,1,0.000,1000.00,,,0.000,,,,,,3184,1,,
763,P-0763,Milan suit,64,,,,668.00,800.00,20.00,0.00,0.00,0.00,699.00,NOS,NOS,NOS,1,0.000,1000.00,,,0.000,,,,,,3185,1,,
2073,P-2073,Milan suit 1450,64,,,,450.00,750.00,20.00,0.00,0.00,0.00,499.00,NOS,NOS,NOS,1,0.000,1350.00,,,0.000,,,,,,4658,1,,
2072,P-2072,Milan suit 1480,64,,,,480.00,815.00,20.00,0.00,0.00,0.00,499.00,NOS,NOS,NOS,1,0.000,1440.00,,,0.000,,,,,,4657,1,,
2071,P-2071,Milan suit 1550,64,,,,550.00,950.00,20.00,0.00,0.00,0.00,599.00,NOS,NOS,NOS,1,0.000,1650.00,,,0.000,,,,,,4656,1,,
2070,P-2070,Milan suit 1725,64,,,,725.00,1275.00,20.00,0.00,0.00,0.00,799.00,NOS,NOS,NOS,1,0.000,2175.00,,,0.000,,,,,,4555,1,,
1425,P-1425,Milan suit set,64,,,,350.00,650.00,20.00,0.00,0.00,0.00,399.00,NOS,NOS,NOS,1,0.000,1050.00,,,1.000,,,,,,3898,1,,
1425,P-1425,Milan suit set,64,,,,350.00,650.00,20.00,0.00,0.00,0.00,399.00,NOS,NOS,NOS,1,0.000,1050.00,,,2.000,,,,,,3899,1,,
650,P-0650,Mins Moda,91,,,,485.00,660.00,20.00,0.00,0.00,0.00,499.00,NOS,NOS,NOS,1,0.000,825.00,,,1.000,,,,,,2747,1,,
650,P-0650,Mins Moda,91,,,,485.00,660.00,20.00,0.00,0.00,0.00,499.00,NOS,NOS,NOS,1,0.000,825.00,,,2.000,,,,,,2748,1,,
650,P-0650,Mins Moda,91,,,,485.00,660.00,20.00,0.00,0.00,0.00,499.00,NOS,NOS,NOS,1,0.000,825.00,,,2.000,,,,,,2749,1,,
650,P-0650,Mins Moda,91,,,,485.00,660.00,20.00,0.00,0.00,0.00,499.00,NOS,NOS,NOS,1,0.000,825.00,,,1.000,,,,,,2750,1,,
3120,P-3120,Mintelaa 1266,20,,,,266.00,475.00,20.00,0.00,0.00,0.00,299.00,NOS,NOS,NOS,1,0.000,798.00,,,0.000,,,,,,5719,1,,
3108,P-3108,Mintelaa 1283,20,,,,283.00,488.00,20.00,0.00,0.00,0.00,299.00,NOS,NOS,NOS,1,0.000,849.00,,,0.000,,,,,,5731,1,,
3105,P-3105,Mintelaa 1286,20,,,,286.00,488.00,20.00,0.00,0.00,0.00,299.00,NOS,NOS,NOS,1,0.000,858.00,,,0.000,,,,,,5734,1,,
991,P-0991,Mintelaa 1295,60,,,,295.00,420.00,0.00,0.00,0.00,0.00,299.00,NOS,NOS,NOS,1,0.000,525.00,,,0.000,,,,,,3441,1,,
993,P-0993,Mintelaa 1306,60,,,,306.00,432.00,20.00,0.00,0.00,0.00,399.00,NOS,NOS,NOS,1,0.000,540.00,,,0.000,,,,,,3443,1,,
992,P-0992,Mintelaa 1307,60,,,,307.00,440.00,20.00,0.00,0.00,0.00,399.00,NOS,NOS,NOS,1,0.000,550.00,,,0.000,,,,,,3442,1,,
3119,P-3119,Mintelaa 1311,20,,,,311.00,550.00,20.00,0.00,0.00,0.00,399.00,NOS,NOS,NOS,1,0.000,933.00,,,0.000,,,,,,5720,1,,
1522,P-1522,Mintelaa 1314,56,,,,314.00,575.00,20.00,0.00,0.00,0.00,399.00,NOS,NOS,NOS,1,0.000,942.00,,,0.000,,,,,,4076,1,,
938,P-0938,Mintelaa 1316,60,,,,316.00,550.00,0.00,0.00,0.00,0.00,350.00,NOS,NOS,NOS,1,0.000,948.00,,,0.000,,,,,,3388,1,,
3104,P-3104,Mintelaa 1317,20,,,,317.00,550.00,20.00,0.00,0.00,0.00,399.00,NOS,NOS,NOS,1,0.000,951.00,,,0.000,,,,,,5735,1,,
1518,P-1518,Mintelaa 1330,56,,,,330.00,588.00,20.00,0.00,0.00,0.00,399.00,NOS,NOS,NOS,1,0.000,990.00,,,0.000,,,,,,4072,1,,
3106,P-3106,Mintelaa 1332,20,,,,332.00,575.00,20.00,0.00,0.00,0.00,399.00,NOS,NOS,NOS,1,0.000,996.00,,,0.000,,,,,,5733,1,,
3350,P-3350,Mintelaa 1347,60,,,,347.00,600.00,20.00,0.00,0.00,0.00,399.00,NOS,NOS,NOS,1,0.000,1041.00,,,0.000,,,,,,6030,1,,
887,P-0887,Mintelaa1267,33,,,,267.00,370.00,20.00,0.00,0.00,0.00,300.00,NOS,NOS,NOS,1,0.000,465.00,,,0.000,,,,,,3336,1,,
886,P-0886,Mintelaa1277,33,,,,277.00,390.00,20.00,0.00,0.00,0.00,300.00,NOS,NOS,NOS,1,0.000,488.00,,,0.000,,,,,,3335,1,,
884,P-0884,Mintelaa1278,33,,,,278.00,390.00,20.00,0.00,0.00,0.00,300.00,NOS,NOS,NOS,1,0.000,488.00,,,0.000,,,,,,3333,1,,
888,P-0888,Mintelaa1288,33,,,,288.00,400.00,20.00,0.00,0.00,0.00,300.00,NOS,NOS,NOS,1,0.000,499.00,,,0.000,,,,,,3337,1,,
885,P-0885,Mintrack 1264,33,,,,264.00,380.00,20.00,0.00,0.00,0.00,300.00,NOS,NOS,NOS,1,0.000,475.00,,,0.000,,,,,,3334,1,,
2576,P-2576,MISBAH 11190,134,,,,1190.00,2025.00,20.00,0.00,0.00,0.00,1199.00,NOS,NOS,NOS,1,0.000,3570.00,,,0.000,,,,,,5153,1,,
2607,P-2607,Mishu 1194,69,,,,194.00,350.00,20.00,0.00,0.00,0.00,199.00,NOS,NOS,NOS,1,0.000,582.00,,,0.000,,,,,,5194,1,,
2594,P-2594,Mishu 1201,69,,,,201.00,350.00,20.00,0.00,0.00,0.00,299.00,NOS,NOS,NOS,1,0.000,603.00,,,0.000,,,,,,5181,1,,
2599,P-2599,Mishu 1228,69,,,,228.00,388.00,20.00,0.00,0.00,0.00,299.00,NOS,NOS,NOS,1,0.000,684.00,,,0.000,,,,,,5186,1,,
2595,P-2595,Mishu 1234,69,,,,234.00,400.00,20.00,0.00,0.00,0.00,299.00,NOS,NOS,NOS,1,0.000,702.00,,,0.000,,,,,,5182,1,,
2597,P-2597,Mishu 1244,69,,,,244.00,425.00,20.00,0.00,0.00,0.00,299.00,NOS,NOS,NOS,1,0.000,732.00,,,0.000,,,,,,5184,1,,
2592,P-2592,Mishu 1250,69,,,,250.00,425.00,20.00,0.00,0.00,0.00,299.00,NOS,NOS,NOS,1,0.000,750.00,,,0.000,,,,,,5179,1,,
2605,P-2605,Mishu 1261,69,,,,261.00,450.00,20.00,0.00,0.00,0.00,299.00,NOS,NOS,NOS,1,0.000,783.00,,,0.000,,,,,,5192,1,,
2587,P-2587,Mishu 1263,69,,,,263.00,450.00,20.00,0.00,0.00,0.00,299.00,NOS,NOS,NOS,1,0.000,789.00,,,0.000,,,,,,5174,1,,
2591,P-2591,Mishu 1265,69,,,,265.00,450.00,20.00,0.00,0.00,0.00,299.00,NOS,NOS,NOS,1,0.000,795.00,,,0.000,,,,,,5178,1,,
2580,P-2580,MISHU 1275,25,,,,275.00,475.00,20.00,0.00,0.00,0.00,299.00,NOS,NOS,NOS,1,0.000,825.00,,,0.000,,,,,,5149,1,,
2600,P-2600,Mishu 1276,69,,,,276.00,475.00,20.00,0.00,0.00,0.00,299.00,NOS,NOS,NOS,1,0.000,828.00,,,0.000,,,,,,5187,1,,
2581,P-2581,MISHU 1281,25,,,,281.00,488.00,20.00,0.00,0.00,0.00,299.00,NOS,NOS,NOS,1,0.000,843.00,,,0.000,,,,,,5148,1,,
2608,P-2608,Mishu 1297,69,,,,297.00,525.00,20.00,0.00,0.00,0.00,299.00,NOS,NOS,NOS,1,0.000,891.00,,,0.000,,,,,,5195,1,,
2586,P-2586,Mishu 1306,69,,,,306.00,525.00,20.00,0.00,0.00,0.00,399.00,NOS,NOS,NOS,1,0.000,918.00,,,0.000,,,,,,5173,1,,
2604,P-2604,Mishu 1309,69,,,,309.00,525.00,20.00,0.00,0.00,0.00,399.00,NOS,NOS,NOS,1,0.000,927.00,,,0.000,,,,,,5191,1,,
2601,P-2601,Mishu 1310,69,,,,310.00,550.00,20.00,0.00,0.00,0.00,399.00,NOS,NOS,NOS,1,0.000,930.00,,,0.000,,,,,,5188,1,,
2606,P-2606,Mishu 1311,69,,,,311.00,550.00,20.00,0.00,0.00,0.00,399.00,NOS,NOS,NOS,1,0.000,933.00,,,0.000,,,,,,5193,1,,
2598,P-2598,Mishu 1312,69,,,,312.00,550.00,20.00,0.00,0.00,0.00,399.00,NOS,NOS,NOS,1,0.000,936.00,,,0.000,,,,,,5185,1,,
2602,P-2602,Mishu 1316,69,,,,316.00,550.00,20.00,0.00,0.00,0.00,399.00,NOS,NOS,NOS,1,0.000,948.00,,,0.000,,,,,,5189,1,,
2582,P-2582,MISHU 1317,25,,,,317.00,550.00,20.00,0.00,0.00,0.00,399.00,NOS,NOS,NOS,1,0.000,951.00,,,0.000,,,,,,5147,1,,
2609,P-2609,Mishu 1321,69,,,,321.00,550.00,20.00,0.00,0.00,0.00,399.00,NOS,NOS,NOS,1,0.000,963.00,,,0.000,,,,,,5196,1,,
2603,P-2603,Mishu 1323,69,,,,323.00,550.00,20.00,0.00,0.00,0.00,399.00,NOS,NOS,NOS,1,0.000,969.00,,,0.000,,,,,,5190,1,,
2593,P-2593,Mishu 1330,69,,,,330.00,575.00,20.00,0.00,0.00,0.00,399.00,NOS,NOS,NOS,1,0.000,990.00,,,0.000,,,,,,5180,1,,
2613,P-2613,Mishu 1350,69,,,,350.00,600.00,20.00,0.00,0.00,0.00,399.00,NOS,NOS,NOS,1,0.000,1050.00,,,0.000,,,,,,5200,1,,
2596,P-2596,Mishu 1406,69,,,,406.00,700.00,20.00,0.00,0.00,0.00,499.00,NOS,NOS,NOS,1,0.000,1218.00,,,0.000,,,,,,5183,1,,
2585,P-2585,Mishu 1424,69,,,,424.00,725.00,20.00,0.00,0.00,0.00,499.00,NOS,NOS,NOS,1,0.000,1272.00,,,0.000,,,,,,5172,1,,
2583,P-2583,MISHU 1439,25,,,,439.00,750.00,20.00,0.00,0.00,0.00,499.00,NOS,NOS,NOS,1,0.000,1317.00,,,0.000,,,,,,5146,1,,
2589,P-2589,Mishu 1463,70,,,,463.00,800.00,20.00,0.00,0.00,0.00,499.00,NOS,NOS,NOS,1,0.000,1389.00,,,0.000,,,,,,5176,1,,
2590,P-2590,Mishu 1466,70,,,,466.00,800.00,20.00,0.00,0.00,0.00,499.00,NOS,NOS,NOS,1,0.000,1398.00,,,0.000,,,,,,5177,1,,
2584,P-2584,MISHU 1473,25,,,,473.00,825.00,20.00,0.00,0.00,0.00,499.00,NOS,NOS,NOS,1,0.000,1419.00,,,0.000,,,,,,5145,1,,
2612,P-2612,Mishu 1550,70,,,,550.00,950.00,20.00,0.00,0.00,0.00,599.00,NOS,NOS,NOS,1,0.000,1650.00,,,0.000,,,,,,5199,1,,
2588,P-2588,Mishu 1557,69,,,,557.00,950.00,20.00,0.00,0.00,0.00,599.00,NOS,NOS,NOS,1,0.000,1671.00,,,0.000,,,,,,5175,1,,
2610,P-2610,Mishu 1582,70,,,,582.00,1000.00,20.00,0.00,0.00,0.00,599.00,NOS,NOS,NOS,1,0.000,1746.00,,,0.000,,,,,,5197,1,,
2611,P-2611,Mishu 1594,70,,,,594.00,1000.00,20.00,0.00,0.00,0.00,599.00,NOS,NOS,NOS,1,0.000,1782.00,,,0.000,,,,,,5198,1,,
3312,P-3312,Miss charvi 1655,60,,,,655.00,1125.00,20.00,0.00,0.00,0.00,699.00,NOS,NOS,NOS,1,0.000,1965.00,,,0.000,,,,,,5980,1,,
3309,P-3309,miss charvi 1720,60,,,,720.00,1225.00,20.00,0.00,0.00,0.00,799.00,NOS,NOS,NOS,1,0.000,2160.00,,,0.000,,,,,,5975,1,,
3156,P-3156,Miss charvi 1814,60,,,,814.00,1388.00,20.00,0.00,0.00,0.00,899.00,NOS,NOS,NOS,1,0.000,2442.00,,,0.000,,,,,,5817,1,,
3157,P-3157,Miss charvi 1826,60,,,,826.00,1425.00,20.00,0.00,0.00,0.00,899.00,NOS,NOS,NOS,1,0.000,2478.00,,,0.000,,,,,,5818,1,,
2389,P-2389,Miss Glare 1205,63,,,,205.00,350.00,20.00,0.00,0.00,0.00,259.00,NOS,NOS,NOS,1,0.000,615.00,,,0.000,,,,,,4976,1,,
2387,P-2387,Miss Glare 1215,63,,,,215.00,375.00,20.00,0.00,0.00,0.00,289.00,NOS,NOS,NOS,1,0.000,645.00,,,0.000,,,,,,4974,1,,
2385,P-2385,Miss Glare 1235,63,,,,235.00,400.00,20.00,0.00,0.00,0.00,259.00,NOS,NOS,NOS,1,0.000,705.00,,,0.000,,,,,,4972,1,,
2386,P-2386,Miss Glare 1245,63,,,,245.00,425.00,20.00,0.00,0.00,0.00,259.00,NOS,NOS,NOS,1,0.000,735.00,,,0.000,,,,,,4973,1,,
3228,P-3228,Miss Glare 1265,39,,,,265.00,450.00,20.00,0.00,0.00,0.00,299.00,NOS,NOS,NOS,1,0.000,795.00,,,0.000,,,,,,5894,1,,
2388,P-2388,Miss Glare 1280,63,,,,280.00,488.00,20.00,0.00,0.00,0.00,289.00,NOS,NOS,NOS,1,0.000,840.00,,,0.000,,,,,,4975,1,,
2384,P-2384,Miss Glare 1290,63,,,,290.00,500.00,20.00,0.00,0.00,0.00,299.00,NOS,NOS,NOS,1,0.000,870.00,,,0.000,,,,,,4971,1,,
2423,P-2423,Miss Glare 1295,20,,,,295.00,525.00,20.00,0.00,0.00,0.00,299.00,NOS,NOS,NOS,1,0.000,885.00,,,0.000,,,,,,5009,1,,
2509,P-2509,Miss Glare 1340,60,,,,340.00,588.00,20.00,0.00,0.00,0.00,399.00,NOS,NOS,NOS,1,0.000,1020.00,,,0.000,,,,,,5095,1,,
2516,P-2516,Miss Glare 1365,60,,,,365.00,625.00,20.00,0.00,0.00,0.00,399.00,NOS,NOS,NOS,1,0.000,1095.00,,,0.000,,,,,,5102,1,,
2500,P-2500,Miss glare 1385,52,,,,385.00,675.00,20.00,0.00,0.00,0.00,20.00,NOS,NOS,NOS,1,0.000,1155.00,,,0.000,,,,,,5086,1,,
2508,P-2508,Miss Glare 1425,60,,,,425.00,725.00,20.00,0.00,0.00,0.00,499.00,NOS,NOS,NOS,1,0.000,1275.00,,,0.000,,,,,,5094,1,,
2507,P-2507,Miss Glare 1430,60,,,,430.00,750.00,20.00,0.00,0.00,0.00,499.00,NOS,NOS,NOS,1,0.000,1290.00,,,0.000,,,,,,5093,1,,
2514,P-2514,Miss glare 1460,60,,,,460.00,800.00,20.00,0.00,0.00,0.00,499.00,NOS,NOS,NOS,1,0.000,1380.00,,,0.000,,,,,,5100,1,,
2515,P-2515,Miss glare 1465,60,,,,465.00,800.00,20.00,0.00,0.00,0.00,499.00,NOS,NOS,NOS,1,0.000,1395.00,,,0.000,,,,,,5101,1,,
3240,P-3240,Miss glaree 1265,18,,,,265.00,450.00,20.00,0.00,0.00,0.00,299.00,NOS,NOS,NOS,1,0.000,795.00,,,0.000,,,,,,5908,1,,
229,P-0229,Miss Quincee (lower),53,gbb,,,190.00,279.00,20.00,0.00,0.00,0.00,199.00,NOS,NOS,NOS,1,0.000,349.00,,,4.000,,,,,,1635,1,,
908,P-0908,Miss u 1425,60,,,,425.00,580.00,0.00,0.00,0.00,0.00,450.00,NOS,NOS,NOS,1,0.000,750.00,,,0.000,,,,,,3357,1,,
909,P-0909,Miss u 1448,60,,,,448.00,763.00,20.00,0.00,0.00,0.00,520.00,NOS,NOS,NOS,1,0.000,1344.00,,,0.000,,,,,,3358,1,,
1001,P-1001,Miss U 1472,60,,,,472.00,660.00,20.00,0.00,0.00,0.00,499.00,NOS,NOS,NOS,1,0.000,825.00,,,0.000,,,,,,3451,1,,
1004,P-1004,Miss U 1484,60,,,,484.00,680.00,0.00,0.00,0.00,0.00,499.00,NOS,NOS,NOS,1,0.000,850.00,,,0.000,,,,,,3454,1,,
1000,P-1000,Miss U 1496,60,,,,496.00,680.00,20.00,0.00,0.00,0.00,499.00,NOS,NOS,NOS,1,0.000,850.00,,,0.000,,,,,,3450,1,,
2520,P-2520,Miss U 1507,60,,,,507.00,875.00,20.00,0.00,0.00,0.00,599.00,NOS,NOS,NOS,1,0.000,1521.00,,,0.000,,,,,,5106,1,,
2522,P-2522,Miss U 1539,60,,,,539.00,925.00,20.00,0.00,0.00,0.00,599.00,NOS,NOS,NOS,1,0.000,1617.00,,,0.000,,,,,,5108,1,,
919,P-0919,Miss U 1555,56,,,,555.00,950.00,20.00,0.00,0.00,0.00,600.00,NOS,NOS,NOS,1,0.000,1665.00,,,0.000,,,,,,3368,1,,
1003,P-1003,Miss U 1566,60,,,,566.00,780.00,20.00,0.00,0.00,0.00,599.00,NOS,NOS,NOS,1,0.000,975.00,,,0.000,,,,,,3453,1,,
1551,P-1551,Miss U 1584,56,,,,584.00,1050.00,20.00,0.00,0.00,0.00,599.00,NOS,NOS,NOS,1,0.000,1752.00,,,0.000,,,,,,4105,1,,
1733,P-1733,Miss U 1590,56,,,,590.00,1050.00,20.00,0.00,0.00,0.00,599.00,NOS,NOS,NOS,1,0.000,1770.00,,,0.000,,,,,,4289,1,,
1512,P-1512,Miss U 1596,56,,,,596.00,1075.00,20.00,0.00,0.00,0.00,599.00,NOS,NOS,NOS,1,0.000,1788.00,,,0.000,,,,,,4066,1,,
910,P-0910,Miss u 1602,60,,,,602.00,820.00,20.00,0.00,0.00,0.00,720.00,NOS,NOS,NOS,1,0.000,1025.00,,,0.000,,,,,,3359,1,,
1002,P-1002,Miss U 1614,60,,,,614.00,840.00,20.00,0.00,0.00,0.00,699.00,NOS,NOS,NOS,1,0.000,1050.00,,,0.000,,,,,,3452,1,,
915,P-0915,Miss U 1637,56,,,,637.00,1125.00,20.00,0.00,0.00,0.00,700.00,NOS,NOS,NOS,1,0.000,1911.00,,,0.000,,,,,,3364,1,,
1734,P-1734,Miss U 1643,56,,,,643.00,1150.00,20.00,0.00,0.00,0.00,699.00,NOS,NOS,NOS,1,0.000,1929.00,,,0.000,,,,,,4290,1,,
1514,P-1514,Miss U 1649,56,,,,649.00,1150.00,20.00,0.00,0.00,0.00,699.00,NOS,NOS,NOS,1,0.000,1947.00,,,0.000,,,,,,4068,1,,
1516,P-1516,Miss U 1696,56,,,,696.00,1225.00,20.00,0.00,0.00,0.00,699.00,NOS,NOS,NOS,1,0.000,2088.00,,,0.000,,,,,,4070,1,,
1515,P-1515,Miss U 1702,56,,,,702.00,1250.00,20.00,0.00,0.00,0.00,799.00,NOS,NOS,NOS,1,0.000,2106.00,,,0.000,,,,,,4069,1,,
1029,P-1029,Miss U 1720,60,,,,720.00,1000.00,20.00,0.00,0.00,0.00,799.00,NOS,NOS,NOS,1,0.000,1250.00,,,0.000,,,,,,3479,1,,
1552,P-1552,Miss U 1755,56,,,,755.00,1350.00,20.00,0.00,0.00,0.00,799.00,NOS,NOS,NOS,1,0.000,2265.00,,,0.000,,,,,,4106,1,,
1542,P-1542,Miss U 1767,56,,,,767.00,1375.00,20.00,2.50,2.50,0.00,799.00,NOS,NOS,NOS,1,0.000,2301.00,,,0.000,,,,,,4096,1,,
1553,P-1553,Miss U 1814,56,,,,814.00,1450.00,20.00,0.00,0.00,0.00,799.00,NOS,NOS,NOS,1,0.000,2442.00,,,0.000,,,,,,4107,1,,
1540,P-1540,Miss U 1826,56,,,,826.00,1475.00,20.00,2.50,2.50,0.00,899.00,NOS,NOS,NOS,1,0.000,2478.00,,,0.000,,,,,,4094,1,,
1541,P-1541,Miss U 1885,56,,,,885.00,1575.00,20.00,2.50,2.50,0.00,899.00,NOS,NOS,NOS,1,0.000,2655.00,,,0.000,,,,,,4095,1,,
386,P-0386,Miss 'U' 4398,63,,,,767.00,1052.00,20.00,0.00,0.00,0.00,799.00,NOS,NOS,NOS,1,0.000,1315.00,,,0.000,,,,24-28,,2261,1,,
386,P-0386,Miss 'U' 4398,63,,,,767.00,1052.00,20.00,0.00,0.00,0.00,799.00,NOS,NOS,NOS,1,0.000,1315.00,,,0.000,,,,18-22,,2262,1,,
386,P-0386,Miss 'U' 4398,63,,,,767.00,1052.00,20.00,0.00,0.00,0.00,799.00,NOS,NOS,NOS,1,0.000,1315.00,,,0.000,,,,3034,,2263,1,,
3329,P-3329,Miss Zaroor 1269,52,,,,269.00,475.00,20.00,0.00,0.00,0.00,299.00,NOS,NOS,NOS,1,0.000,807.00,,,0.000,,,,,,6008,1,,
3333,P-3333,Miss zaroor 1291,60,,,,291.00,500.00,20.00,0.00,0.00,0.00,299.00,NOS,NOS,NOS,1,0.000,873.00,,,0.000,,,,,,6012,1,,
2885,P-2885,Moden shine 1495,56,,,,495.00,850.00,20.00,0.00,0.00,0.00,599.00,NOS,NOS,NOS,1,0.000,1485.00,,,0.000,,,,,,5507,1,,
2887,P-2887,Moden shine1495,97,,,,495.00,850.00,20.00,0.00,0.00,0.00,499.00,NOS,NOS,NOS,1,0.000,1485.00,,,0.000,,,,,,5509,1,,
2888,P-2888,Moden style 1425,97,,,,425.00,750.00,20.00,0.00,0.00,0.00,499.00,NOS,NOS,NOS,1,0.000,1275.00,,,0.000,,,,,,5510,1,,
2886,P-2886,Moden style 1560,97,,,,560.00,975.00,20.00,0.00,0.00,0.00,599.00,NOS,NOS,NOS,1,0.000,1680.00,,,0.000,,,,,,5508,1,,
1716,P-1716,Modern shine 1510,56,,,,510.00,900.00,20.00,0.00,0.00,0.00,599.00,NOS,NOS,NOS,1,0.000,1530.00,,,0.000,,,,,,4272,1,,
1714,P-1714,Modern shine 1525,56,,,,525.00,925.00,20.00,0.00,0.00,0.00,599.00,NOS,NOS,NOS,1,0.000,1575.00,,,0.000,,,,,,4270,1,,
1715,P-1715,Modern style 1435,56,,,,435.00,788.00,20.00,0.00,0.00,0.00,499.00,NOS,NOS,NOS,1,0.000,1305.00,,,0.000,,,,,,4271,1,,
1713,P-1713,Modern style 1440,56,,,,440.00,788.00,20.00,0.00,0.00,0.00,499.00,NOS,NOS,NOS,1,0.000,1320.00,,,0.000,,,,,,4269,1,,
1724,P-1724,Modern Style 1485,97,,,,485.00,875.00,20.00,0.00,0.00,0.00,499.00,NOS,NOS,NOS,1,0.000,1455.00,,,0.000,,,,,,4280,1,,
45,P-0045,Moment 633 1147,7,,,,147.00,200.00,20.00,0.00,0.00,0.00,150.00,NOS,NOS,NOS,1,0.000,250.00,MEN'S COUNTER,,6.000,,,,,,1082,1,,
2655,P-2655,Moments 1105,7,,,,105.00,188.00,20.00,0.00,0.00,0.00,159.00,NOS,NOS,NOS,1,0.000,315.00,,,0.000,,,,,,5244,1,,
3180,P-3180,Moments 1107,33,,,,107.00,225.00,20.00,0.00,0.00,0.00,149.00,NOS,NOS,NOS,1,0.000,321.00,,,0.000,,,,,,5841,1,,
3181,P-3181,Moments 1121,33,,,,121.00,250.00,20.00,0.00,0.00,0.00,149.00,NOS,NOS,NOS,1,0.000,363.00,,,0.000,,,,,,5842,1,,
202,P-0202,MOMENTS 1130,16,gbb,,,130.00,180.00,20.00,0.00,0.00,0.00,160.00,NOS,NOS,NOS,1,0.000,225.00,,,5.000,,,,,,1494,1,,
2182,P-2182,Moments black 1118,7,,,,118.00,200.00,20.00,0.00,0.00,0.00,120.00,NOS,NOS,NOS,1,0.000,354.00,,,0.000,,,,,,4767,1,,
2181,P-2181,Moments white 1108,7,,,,108.00,188.00,20.00,0.00,0.00,0.00,120.00,NOS,NOS,NOS,1,0.000,324.00,,,0.000,,,,,,4766,1,,
1534,P-1534,Monitor 1603,19,,,,603.00,1088.00,20.00,0.00,0.00,0.00,699.00,NOS,NOS,NOS,1,0.000,1809.00,,,0.000,,,,,,4088,1,,
2203,P-2203,Moodyz 1255,60,,,,255.00,450.00,20.00,0.00,0.00,0.00,299.00,NOS,NOS,NOS,1,0.000,765.00,,,0.000,,,,,,4788,1,,
2496,P-2496,Moore 1196,60,,,,196.00,350.00,20.00,0.00,0.00,0.00,199.00,NOS,NOS,NOS,1,0.000,588.00,,,0.000,,,,,,5082,1,,
1099,P-1099,More 1189,60,,,,189.00,280.00,20.00,0.00,0.00,0.00,200.00,NOS,NOS,NOS,1,0.000,350.00,,,0.000,,,,,,3549,1,,
1100,P-1100,More 1207,60,,,,207.00,300.00,20.00,0.00,0.00,0.00,200.00,NOS,NOS,NOS,1,0.000,375.00,,,0.000,,,,,,3550,1,,
655,P-0655,Moti socks,93,,,,22.00,100.00,20.00,0.00,0.00,0.00,25.00,NOS,NOS,NOS,1,0.000,150.00,,,0.000,,,,,,4052551462956,1,,
2348,P-2348,Mount jio 1441,7,,,,441.00,750.00,20.00,0.00,0.00,0.00,499.00,NOS,NOS,NOS,1,0.000,1323.00,,,0.000,,,,,,4935,1,,
1448,P-1448,Muscle Tee,57,,,,150.00,288.00,20.00,0.00,0.00,0.00,159.00,NOS,NOS,NOS,1,0.000,283.00,,,0.000,,,,M,,8904122480295,1,,
1448,P-1448,Muscle Tee,57,,,,150.00,288.00,20.00,0.00,0.00,0.00,159.00,NOS,NOS,NOS,1,0.000,283.00,,,0.000,,,,L,,8904122480301,1,,
3422,P-3422,My brother 1533,20,,,,533.00,925.00,20.00,0.00,0.00,0.00,599.00,NOS,NOS,NOS,1,0.000,1599.00,,,0.000,,,,,,6104,1,,
1972,P-1972,My Brother 1550,87,,,,550.00,950.00,20.00,0.00,0.00,0.00,599.00,NOS,NOS,NOS,1,0.000,1650.00,,,0.000,,,,,,4538,1,,
3290,P-3290,My first baby 1260,63,,,,260.00,450.00,20.00,0.00,0.00,0.00,299.00,NOS,NOS,NOS,1,0.000,780.00,,,0.000,,,,,,5957,1,,
3311,P-3311,My first baby 1443,60,,,,443.00,775.00,20.00,0.00,0.00,0.00,499.00,NOS,NOS,NOS,1,0.000,1329.00,,,0.000,,,,,,5979,1,,
3308,P-3308,My first baby 1460,63,,,,460.00,788.00,20.00,0.00,0.00,0.00,499.00,NOS,NOS,NOS,1,0.000,1380.00,,,0.000,,,,,,5977,1,,
918,P-0918,My First Baby 1502,56,,,,502.00,690.00,20.00,0.00,0.00,0.00,600.00,NOS,NOS,NOS,1,0.000,863.00,,,0.000,,,,,,3367,1,,
3310,P-3310,My first baby 1506,60,,,,506.00,875.00,20.00,0.00,0.00,0.00,599.00,NOS,NOS,NOS,1,0.000,1518.00,,,0.000,,,,,,5978,1,,
3291,P-3291,My first baby 1512,63,,,,512.00,875.00,20.00,0.00,0.00,0.00,599.00,NOS,NOS,NOS,1,0.000,1536.00,,,0.000,,,,,,5958,1,,
3209,P-3209,My first baby 1535,60,,,,535.00,925.00,20.00,0.00,0.00,0.00,599.00,NOS,NOS,NOS,1,0.000,1605.00,,,0.000,,,,,,5870,1,,
3292,P-3292,My first baby 1546,63,,,,546.00,950.00,20.00,0.00,0.00,0.00,599.00,NOS,NOS,NOS,1,0.000,1638.00,,,0.000,,,,,,5959,1,,
3344,P-3344,My first baby 1552,60,,,,552.00,950.00,20.00,0.00,0.00,0.00,599.00,NOS,NOS,NOS,1,0.000,1656.00,,,0.000,,,,,,6023,1,,
3210,P-3210,My first baby 1581,60,,,,581.00,1000.00,20.00,0.00,0.00,0.00,599.00,NOS,NOS,NOS,1,0.000,1743.00,,,0.000,,,,,,5871,1,,
3577,P-3577,My First Baby 1585,60,,,,585.00,1000.00,20.00,0.00,0.00,0.00,599.00,NOS,NOS,NOS,1,0.000,1755.00,,,0.000,,,,,,6261,1,,
917,P-0917,My First Baby 1625,56,,,,625.00,860.00,20.00,0.00,0.00,0.00,750.00,NOS,NOS,NOS,1,0.000,1075.00,,,0.000,,,,,,3366,1,,
916,P-0916,My First Baby 1649,56,,,,649.00,900.00,0.00,0.00,0.00,0.00,750.00,NOS,NOS,NOS,1,0.000,1125.00,,,0.000,,,,,,3365,1,,
2796,P-2796,My first baby 1732,19,,,,732.00,1250.00,20.00,0.00,0.00,0.00,799.00,NOS,NOS,NOS,1,0.000,2196.00,,,0.000,,,,,,5416,1,,
3574,P-3574,My First Baby 1814,60,,,,814.00,1400.00,20.00,0.00,0.00,0.00,899.00,NOS,NOS,NOS,1,0.000,2442.00,,,0.000,,,,,,6258,1,,
3575,P-3575,My First Baby 1885,60,,,,885.00,1525.00,20.00,0.00,0.00,0.00,899.00,NOS,NOS,NOS,1,0.000,2655.00,,,0.000,,,,,,6259,1,,
2793,P-2793,My First day 1448,19,,,,448.00,788.00,20.00,0.00,0.00,0.00,499.00,NOS,NOS,NOS,1,0.000,1350.00,,,0.000,,,,,,5413,1,,
2791,P-2791,My First day 1460,19,,,,460.00,788.00,20.00,0.00,0.00,0.00,499.00,NOS,NOS,NOS,1,0.000,1380.00,,,0.000,,,,,,5411,1,,
2792,P-2792,My First day 1496,19,,,,496.00,850.00,20.00,0.00,0.00,0.00,499.00,NOS,NOS,NOS,1,0.000,1488.00,,,0.000,,,,,,5412,1,,
2782,P-2782,My first day 1542,19,,,,542.00,925.00,20.00,0.00,0.00,0.00,599.00,NOS,NOS,NOS,1,0.000,1626.00,,,0.000,,,,,,5402,1,,
2783,P-2783,My first day 1578,19,,,,578.00,1000.00,20.00,0.00,0.00,0.00,599.00,NOS,NOS,NOS,1,0.000,1734.00,,,0.000,,,,,,5403,1,,
3288,P-3288,my first hero 1466,33,,,,466.00,800.00,20.00,0.00,0.00,0.00,499.00,NOS,NOS,NOS,1,0.000,1398.00,,,0.000,,,,,,5955,1,,
3279,P-3279,My first hero 1525,33,,,,525.00,900.00,20.00,0.00,0.00,0.00,599.00,NOS,NOS,NOS,1,0.000,1575.00,,,0.000,,,,,,5946,1,,
2895,P-2895,My first hero 1543,19,,,,543.00,950.00,20.00,0.00,0.00,0.00,599.00,NOS,NOS,NOS,1,0.000,1629.00,,,0.000,,,,,,5517,1,,
2790,P-2790,My first hero 1566,19,,,,566.00,975.00,599.00,0.00,0.00,0.00,599.00,NOS,NOS,NOS,1,0.000,1698.00,,,0.000,,,,,,5410,1,,
2803,P-2803,My first hero 1596,19,,,,596.00,1050.00,20.00,0.00,0.00,0.00,599.00,NOS,NOS,NOS,1,0.000,1788.00,,,0.000,,,,,,5423,1,,
2896,P-2896,My first hero 1614,19,,,,614.00,1050.00,20.00,0.00,0.00,0.00,699.00,NOS,NOS,NOS,1,0.000,1842.00,,,0.000,,,,,,5518,1,,
3378,P-3378,N T Luthra 1129,60,,,,129.00,250.00,20.00,0.00,0.00,0.00,159.00,NOS,NOS,NOS,1,0.000,387.00,,,0.000,,,,,,6058,1,,
183,P-0183,N.t. Luthra 1101,19,gbb,,,185.00,270.00,20.00,0.00,0.00,0.00,139.00,NOS,NOS,NOS,1,0.000,338.00,Boy's counter,,4.000,,,,,,1398,1,,
1691,P-1691,N.T. Luthra 1125,19,,,,125.00,250.00,20.00,0.00,0.00,0.00,199.00,NOS,NOS,NOS,1,0.000,375.00,,,0.000,,,,,,4247,1,,
1693,P-1693,N.T. Luthra 1160,19,,,,160.00,300.00,20.00,0.00,0.00,0.00,199.00,NOS,NOS,NOS,1,0.000,480.00,,,0.000,,,,,,4249,1,,
1685,P-1685,N.T. Luthra 1165,19,,,,165.00,300.00,20.00,0.00,0.00,0.00,199.00,NOS,NOS,NOS,1,0.000,495.00,,,0.000,,,,,,4241,1,,
1683,P-1683,N.T. Luthra 1170,19,,,,170.00,315.00,20.00,0.00,0.00,0.00,199.00,NOS,NOS,NOS,1,0.000,510.00,,,0.000,,,,,,4239,1,,
1686,P-1686,N.T. Luthra 1172,19,,,,172.00,315.00,20.00,0.00,0.00,0.00,199.00,NOS,NOS,NOS,1,0.000,516.00,,,0.000,,,,,,4242,1,,
1706,P-1706,N.t. luthra 1175,32,,,,175.00,315.00,20.00,0.00,0.00,0.00,179.00,NOS,NOS,NOS,1,0.000,525.00,,,0.000,,,,,,4262,1,,
1667,P-1667,N.T. Luthra 1176,19,,,,176.00,315.00,20.00,0.00,0.00,0.00,199.00,NOS,NOS,NOS,1,0.000,528.00,,,0.000,,,,,,4223,1,,
1684,P-1684,N.T. Luthra 1185,19,,,,185.00,350.00,20.00,0.00,0.00,0.00,199.00,NOS,NOS,NOS,1,0.000,555.00,,,0.000,,,,,,4240,1,,
1609,P-1609,N.T. Luthra 1200,19,,,,200.00,375.00,20.00,0.00,0.00,0.00,299.00,NOS,NOS,NOS,1,0.000,600.00,,,0.000,,,,,,4164,1,,
1650,P-1650,N.T. Luthra 1205,56,,,,205.00,375.00,20.00,0.00,0.00,0.00,399.00,NOS,NOS,NOS,1,0.000,615.00,,,0.000,,,,,,4206,1,,
1603,P-1603,N.T. Luthra 1215,19,,,,215.00,388.00,20.00,0.00,0.00,0.00,299.00,NOS,NOS,NOS,1,0.000,645.00,,,0.000,,,,,,4157,1,,
1798,P-1798,N.T. luthra 1220,97,,,,220.00,385.00,20.00,0.00,0.00,0.00,299.00,NOS,NOS,NOS,1,0.000,660.00,,,0.000,,,,,,4355,1,,
1653,P-1653,N.T. Luthra 1225,56,,,,225.00,425.00,20.00,0.00,0.00,0.00,299.00,NOS,NOS,NOS,1,0.000,675.00,,,0.000,,,,,,4209,1,,
1606,P-1606,N.T. Luthra 1230,19,,,,230.00,425.00,20.00,0.00,0.00,0.00,299.00,NOS,NOS,NOS,1,0.000,690.00,,,0.000,,,,,,4160,1,,
101,P-0101,N.T. Luthra 419/1,20,gbb,,,160.00,240.00,20.00,0.00,0.00,0.00,188.00,NOS,NOS,NOS,1,0.000,300.00,Boy's counter,,6.000,,,,,,1242,1,,
102,P-0102,N.T. Luthra 420/1,20,gbb,,,150.00,240.00,20.00,0.00,0.00,0.00,188.00,NOS,NOS,NOS,1,0.000,300.00,Boy's counter,,5.000,,,,,,1243,1,,
3433,P-3433,Navdeep 1141,33,,,,141.00,250.00,20.00,0.00,0.00,0.00,159.00,NOS,NOS,NOS,1,0.000,423.00,,,0.000,,,,,,6117,1,,
1597,P-1597,Navdeep 1182,56,,,,182.00,350.00,20.00,2.50,2.50,0.00,199.00,NOS,NOS,NOS,1,0.000,546.00,,,0.000,,,,,,4151,1,,
1596,P-1596,Navdeep 1192,56,,,,192.00,375.00,20.00,0.00,0.00,0.00,199.00,NOS,NOS,NOS,1,0.000,576.00,,,0.000,,,,,,4150,1,,
1659,P-1659,Navdeep 1208,19,,,,208.00,388.00,20.00,0.00,0.00,0.00,259.00,NOS,NOS,NOS,1,0.000,624.00,,,0.000,,,,,,4215,1,,
1707,P-1707,Navdeep 1218,19,,,,218.00,400.00,20.00,0.00,0.00,0.00,249.00,NOS,NOS,NOS,1,0.000,654.00,,,0.000,,,,,,4263,1,,
1705,P-1705,Navdeep 1228,19,,,,228.00,415.00,20.00,0.00,0.00,0.00,299.00,NOS,NOS,NOS,1,0.000,684.00,,,0.000,,,,,,4261,1,,
3178,P-3178,Navdeep 1247,33,,,,247.00,425.00,20.00,0.00,0.00,0.00,299.00,NOS,NOS,NOS,1,0.000,741.00,,,0.000,,,,,,5838,1,,
514,P-0514,Navdeep 1250,87,,,,250.00,450.00,0.00,0.00,0.00,0.00,300.00,NOS,NOS,NOS,1,0.000,750.00,,,0.000,,,,,,2583,1,,
515,P-0515,Navdeep 1250-1,87,,,,250.00,340.00,20.00,0.00,0.00,0.00,300.00,NOS,NOS,NOS,1,0.000,425.00,,,0.000,,,,,,2584,1,,
1078,P-1078,Navdeep 1265,20,,,,265.00,360.00,20.00,0.00,0.00,0.00,299.00,NOS,NOS,NOS,1,0.000,450.00,,,0.000,,,,,,3528,1,,
2255,P-2255,Navdeep 1270,20,,,,270.00,475.00,20.00,0.00,0.00,0.00,299.00,NOS,NOS,NOS,1,0.000,810.00,,,0.000,,,,,,4840,1,,
1237,P-1237,Navdeep 1284,20,,,,284.00,500.00,20.00,0.00,0.00,0.00,299.00,NOS,NOS,NOS,1,0.000,852.00,,,0.000,,,,,,3687,1,,
905,P-0905,Navdeep 1315,33,,,,315.00,440.00,20.00,0.00,0.00,0.00,350.00,NOS,NOS,NOS,1,0.000,550.00,,,0.000,,,,,,3354,1,,
989,P-0989,Navdeep 1355,20,,,,355.00,500.00,20.00,0.00,0.00,0.00,399.00,NOS,NOS,NOS,1,0.000,625.00,,,0.000,,,,,,3439,1,,
3305,P-3305,Navdeep 1362,60,,,,362.00,625.00,20.00,0.00,0.00,0.00,399.00,NOS,NOS,NOS,1,0.000,1086.00,,,0.000,,,,,,5973,1,,
3306,P-3306,Navdeep 1363,60,,,,363.00,625.00,20.00,0.00,0.00,0.00,399.00,NOS,NOS,NOS,1,0.000,1089.00,,,0.000,,,,,,5974,1,,
516,P-0516,Navdeep 1375,87,,,,375.00,520.00,20.00,0.00,0.00,0.00,400.00,NOS,NOS,NOS,1,0.000,650.00,,,0.000,,,,,,2585,1,,
903,P-0903,Navdeep 1390,20,,,,390.00,540.00,20.00,0.00,0.00,0.00,450.00,NOS,NOS,NOS,1,0.000,675.00,,,0.000,,,,,,3352,1,,
990,P-0990,Navdeep 1395,60,,,,395.00,540.00,20.00,0.00,0.00,0.00,399.00,NOS,NOS,NOS,1,0.000,675.00,,,0.000,,,,,,3440,1,,
370,P-0370,Navdeep garments,86,,,,225.00,320.00,0.00,0.00,0.00,0.00,299.00,NOS,NOS,NOS,1,0.000,400.00,,,4.000,,,,0,,2165,1,,
370,P-0370,Navdeep garments,86,,,,225.00,320.00,0.00,0.00,0.00,0.00,299.00,NOS,NOS,NOS,1,0.000,400.00,,,5.000,,,,S,,2166,1,,
201,P-0201,New Fashion 1325,46,gbb,,,325.00,440.00,0.00,0.00,0.00,0.00,400.00,NOS,NOS,NOS,1,0.000,550.00,,,2.000,,,,,,1493,1,,
287,P-0287,NEW OCM TRADERS,63,gbb,,,1055.00,1440.00,20.00,0.00,0.00,0.00,1200.00,NOS,NOS,NOS,1,0.000,1800.00,,,1.000,,,,24,,1680,1,,
287,P-0287,NEW OCM TRADERS,63,gbb,,,1055.00,1440.00,20.00,0.00,0.00,0.00,1200.00,NOS,NOS,NOS,1,0.000,1800.00,,,1.000,,,,26,,1681,1,,
287,P-0287,NEW OCM TRADERS,63,gbb,,,1055.00,1440.00,20.00,0.00,0.00,0.00,1200.00,NOS,NOS,NOS,1,0.000,1800.00,,,1.000,,,,28,,1682,1,,
1450,P-1450,New top collection,21,,,,290.00,500.00,20.00,0.00,0.00,0.00,299.00,NOS,NOS,NOS,1,0.000,870.00,,,3.000,,,,,,3952,1,,
633,P-0633,Nice Girl 1440,91,,,,440.00,600.00,20.00,0.00,0.00,0.00,499.00,NOS,NOS,NOS,1,0.000,750.00,,,0.000,,,,,,2702,1,,
792,P-0792,Night suit set 1350,49,,,,350.00,500.00,20.00,0.00,0.00,0.00,399.00,NOS,NOS,NOS,1,0.000,625.00,,,0.000,,,,,,3233,1,,
209,P-0209,Nighty (4 PC set),49,gbb,,,373.00,519.00,20.00,0.00,0.00,0.00,499.00,NOS,NOS,NOS,1,0.000,649.00,,,1.000,,,,,,1533,1,,
779,P-0779,Nighty 1180,49,,,,180.00,280.00,20.00,0.00,0.00,0.00,200.00,NOS,NOS,NOS,1,0.000,350.00,,,0.000,,,,,,3217,1,,
1379,P-1379,Nikar,118,,,,140.00,220.00,20.00,0.00,0.00,0.00,169.00,NOS,NOS,NOS,1,0.000,275.00,,,0.000,,,,,,3834,1,,
1379,P-1379,Nikar,118,,,,140.00,220.00,20.00,0.00,0.00,0.00,169.00,NOS,NOS,NOS,1,0.000,275.00,,,0.000,,,,,,3835,1,,
1243,P-1243,Nikar (cargo),118,,,,250.00,500.00,20.00,0.00,0.00,0.00,299.00,NOS,NOS,NOS,1,0.000,750.00,,,0.000,,,,,,3693,1,,
64,P-0064,Nikar Opening stock,8,,,,120.00,200.00,20.00,0.00,0.00,0.00,150.00,NOS,NOS,NOS,1,0.000,250.00,MEN'S COUNTER,,3.000,,,,,,1142,1,,
64,P-0064,Nikar Opening stock,8,,,,120.00,200.00,20.00,0.00,0.00,0.00,150.00,NOS,NOS,NOS,1,0.000,250.00,MEN'S COUNTER,,2.000,,,,,,1143,1,,
64,P-0064,Nikar Opening stock,8,,,,120.00,200.00,20.00,0.00,0.00,0.00,150.00,NOS,NOS,NOS,1,0.000,250.00,MEN'S COUNTER,,2.000,,,,,,1144,1,,
64,P-0064,Nikar Opening stock,8,,,,120.00,200.00,20.00,0.00,0.00,0.00,150.00,NOS,NOS,NOS,1,0.000,250.00,MEN'S COUNTER,,3.000,,,,,,1145,1,,
64,P-0064,Nikar Opening stock,8,,,,120.00,200.00,20.00,0.00,0.00,0.00,150.00,NOS,NOS,NOS,1,0.000,250.00,MEN'S COUNTER,,4.000,,,,,,1146,1,,
64,P-0064,Nikar Opening stock,8,,,,120.00,200.00,20.00,0.00,0.00,0.00,150.00,NOS,NOS,NOS,1,0.000,250.00,MEN'S COUNTER,,21.000,,,,,,1147,1,,
652,P-0652,Nike sport socks,93,,,,68.00,180.00,0.00,0.00,0.00,0.00,25.00,NOS,NOS,NOS,1,0.000,225.00,,,0.000,,,,,,888407237157,1,,
3332,P-3332,Noor 1200,60,,,,200.00,350.00,20.00,0.00,0.00,0.00,249.00,NOS,NOS,NOS,1,0.000,600.00,,,0.000,,,,,,6011,1,,
495,P-0495,Noor 1205,91,,,,205.00,280.00,20.00,0.00,0.00,0.00,250.00,NOS,NOS,NOS,1,0.000,350.00,,,0.000,,,,,,2564,1,,
624,P-0624,Noor 1205-1,87,,,,205.00,280.00,20.00,0.00,0.00,0.00,299.00,NOS,NOS,NOS,1,0.000,350.00,,,0.000,,,,,,2693,1,,
520,P-0520,Noor 1215,91,,,,215.00,300.00,20.00,0.00,0.00,0.00,250.00,NOS,NOS,NOS,1,0.000,375.00,,,0.000,,,,,,2589,1,,
3314,P-3314,Noor 1220,60,,,,220.00,375.00,20.00,0.00,0.00,0.00,299.00,NOS,NOS,NOS,1,0.000,660.00,,,0.000,,,,,,5992,1,,
518,P-0518,Noor 1225,91,,,,225.00,320.00,20.00,0.00,0.00,0.00,250.00,NOS,NOS,NOS,1,0.000,400.00,,,0.000,,,,,,2587,1,,
539,P-0539,Noor 1225-1,91,,,,225.00,340.00,20.00,0.00,0.00,0.00,300.00,NOS,NOS,NOS,1,0.000,425.00,,,0.000,,,,,,2608,1,,
543,P-0543,Noor 1225-2,91,,,,225.00,320.00,0.00,0.00,0.00,0.00,250.00,NOS,NOS,NOS,1,0.000,400.00,,,0.000,,,,,,2612,1,,
519,P-0519,Noor 1245,91,,,,245.00,425.00,20.00,0.00,0.00,0.00,250.00,NOS,NOS,NOS,1,0.000,735.00,,,0.000,,,,,,2588,1,,
497,P-0497,Noor 1250,91,,,,250.00,350.00,0.00,0.00,0.00,0.00,300.00,NOS,NOS,NOS,1,0.000,438.00,,,0.000,,,,,,2566,1,,
3317,P-3317,Noor 1252,60,,,,252.00,450.00,20.00,0.00,0.00,0.00,299.00,NOS,NOS,NOS,1,0.000,756.00,,,0.000,,,,,,5995,1,,
1578,P-1578,Noor 1255,56,,,,255.00,450.00,20.00,0.00,0.00,0.00,299.00,NOS,NOS,NOS,1,0.000,765.00,,,0.000,,,,,,4132,1,,
538,P-0538,Noor 1260,91,,,,260.00,360.00,0.00,0.00,0.00,0.00,300.00,NOS,NOS,NOS,1,0.000,450.00,,,0.000,,,,,,2607,1,,
585,P-0585,Noor 1265,91,,,,265.00,360.00,20.00,0.00,0.00,0.00,299.00,NOS,NOS,NOS,1,0.000,450.00,,,0.000,,,,,,2654,1,,
623,P-0623,Noor 1265-1,87,,,,265.00,360.00,20.00,0.00,0.00,0.00,299.00,NOS,NOS,NOS,1,0.000,450.00,,,0.000,,,,,,2692,1,,
3330,P-3330,Noor 1270,60,,,,270.00,475.00,20.00,0.00,0.00,0.00,299.00,NOS,NOS,NOS,1,0.000,810.00,,,0.000,,,,,,6009,1,,
2812,P-2812,Noor 1275,56,,,,275.00,475.00,20.00,0.00,0.00,0.00,299.00,NOS,NOS,NOS,1,0.000,825.00,,,0.000,,,,,,5433,1,,
2139,P-2139,Noor 1280,60,,,,280.00,500.00,20.00,0.00,0.00,0.00,299.00,NOS,NOS,NOS,1,0.000,840.00,,,0.000,,,,,,4724,1,,
496,P-0496,Noor 1285,91,,,,285.00,390.00,0.00,0.00,0.00,0.00,300.00,NOS,NOS,NOS,1,0.000,488.00,,,0.000,,,,,,2565,1,,
584,P-0584,Noor 1285-1,91,,,,285.00,488.00,20.00,0.00,0.00,0.00,299.00,NOS,NOS,NOS,1,0.000,855.00,,,0.000,,,,,,2653,1,,
3321,P-3321,Noor 1290,60,,,,290.00,500.00,20.00,0.00,0.00,0.00,299.00,NOS,NOS,NOS,1,0.000,870.00,,,0.000,,,,,,6000,1,,
2816,P-2816,Noor 1295,56,,,,295.00,525.00,20.00,0.00,0.00,0.00,299.00,NOS,NOS,NOS,1,0.000,885.00,,,0.000,,,,,,5437,1,,
2143,P-2143,Noor 1305,60,,,,305.00,525.00,20.00,0.00,0.00,0.00,399.00,NOS,NOS,NOS,1,0.000,915.00,,,0.000,,,,,,4728,1,,
1757,P-1757,Noor 1310,56,,,,310.00,550.00,20.00,0.00,0.00,0.00,399.00,NOS,NOS,NOS,1,0.000,930.00,,,0.000,,,,,,4313,1,,
2808,P-2808,Noor 1315,56,,,,315.00,550.00,20.00,0.00,0.00,0.00,399.00,NOS,NOS,NOS,1,0.000,945.00,,,0.000,,,,,,5428,1,,
1761,P-1761,Noor 1320,56,,,,320.00,575.00,20.00,0.00,0.00,0.00,399.00,NOS,NOS,NOS,1,0.000,960.00,,,0.000,,,,,,4317,1,,
2142,P-2142,Noor 1325,60,,,,325.00,550.00,20.00,0.00,0.00,0.00,399.00,NOS,NOS,NOS,1,0.000,975.00,,,0.000,,,,,,4727,1,,
2519,P-2519,Noor 1330,60,,,,330.00,575.00,20.00,0.00,0.00,0.00,399.00,NOS,NOS,NOS,1,0.000,990.00,,,0.000,,,,,,5105,1,,
2814,P-2814,Noor 1336,56,,,,336.00,575.00,20.00,0.00,0.00,0.00,399.00,NOS,NOS,NOS,1,0.000,1008.00,,,0.000,,,,,,5435,1,,
2517,P-2517,Noor 1340,60,,,,340.00,588.00,20.00,0.00,0.00,0.00,399.00,NOS,NOS,NOS,1,0.000,1020.00,,,0.000,,,,,,5103,1,,
1762,P-1762,Noor 1350,56,,,,350.00,625.00,20.00,0.00,0.00,0.00,399.00,NOS,NOS,NOS,1,0.000,1050.00,,,0.000,,,,,,4318,1,,
2170,P-2170,Noor 1355,60,,,,355.00,600.00,20.00,0.00,0.00,0.00,399.00,NOS,NOS,NOS,1,0.000,1065.00,,,0.000,,,,,,4755,1,,
2499,P-2499,Noor 1360,52,,,,360.00,625.00,20.00,0.00,0.00,0.00,20.00,NOS,NOS,NOS,1,0.000,1080.00,,,0.000,,,,,,5087,1,,
2813,P-2813,Noor 1365,56,,,,365.00,625.00,20.00,0.00,0.00,0.00,399.00,NOS,NOS,NOS,1,0.000,1095.00,,,0.000,,,,,,5434,1,,
2806,P-2806,Noor 1370,56,,,,370.00,650.00,20.00,0.00,0.00,0.00,399.00,NOS,NOS,NOS,1,0.000,1110.00,,,0.000,,,,,,5426,1,,
2518,P-2518,Noor 1380,60,,,,380.00,650.00,20.00,0.00,0.00,0.00,399.00,NOS,NOS,NOS,1,0.000,1140.00,,,0.000,,,,,,5104,1,,
2141,P-2141,Noor 1385,60,,,,385.00,675.00,20.00,0.00,0.00,0.00,399.00,NOS,NOS,NOS,1,0.000,1155.00,,,0.000,,,,,,4726,1,,
2811,P-2811,Noor 1395,56,,,,395.00,675.00,20.00,0.00,0.00,0.00,399.00,NOS,NOS,NOS,1,0.000,1185.00,,,0.000,,,,,,5432,1,,
3323,P-3323,Noor 1400,60,,,,400.00,688.00,20.00,0.00,0.00,0.00,499.00,NOS,NOS,NOS,1,0.000,1200.00,,,0.000,,,,,,6002,1,,
3320,P-3320,Noor 1405,60,,,,405.00,688.00,20.00,0.00,0.00,0.00,499.00,NOS,NOS,NOS,1,0.000,1215.00,,,0.000,,,,,,5999,1,,
2140,P-2140,Noor 1415,60,,,,415.00,725.00,20.00,0.00,0.00,0.00,499.00,NOS,NOS,NOS,1,0.000,1245.00,,,0.000,,,,,,4725,1,,
2807,P-2807,Noor 1425,56,,,,425.00,725.00,20.00,0.00,0.00,0.00,499.00,NOS,NOS,NOS,1,0.000,1275.00,,,0.000,,,,,,5427,1,,
3322,P-3322,Noor 1430,60,,,,430.00,750.00,20.00,0.00,0.00,0.00,499.00,NOS,NOS,NOS,1,0.000,1290.00,,,0.000,,,,,,6001,1,,
3334,P-3334,Noor 1435,60,,,,435.00,750.00,20.00,0.00,0.00,0.00,499.00,NOS,NOS,NOS,1,0.000,1305.00,,,0.000,,,,,,6013,1,,
522,P-0522,Noor 1441,91,,,,441.00,640.00,20.00,0.00,0.00,0.00,400.00,NOS,NOS,NOS,1,0.000,799.00,,,0.000,,,,,,2591,1,,
2810,P-2810,Noor 1455,56,,,,455.00,775.00,20.00,0.00,0.00,0.00,499.00,NOS,NOS,NOS,1,0.000,1365.00,,,0.000,,,,,,5430,1,,
2809,P-2809,Noor 1485,56,,,,485.00,825.00,20.00,0.00,0.00,0.00,499.00,NOS,NOS,NOS,1,0.000,1455.00,,,0.000,,,,,,5429,1,,
523,P-0523,Noor 1535,91,,,,535.00,800.00,20.00,0.00,0.00,0.00,550.00,NOS,NOS,NOS,1,0.000,999.00,,,0.000,,,,,,2592,1,,
221,P-0221,Noor creation (Tshirt),52,gbb,,,115.00,200.00,20.00,0.00,0.00,0.00,139.00,NOS,NOS,NOS,1,0.000,250.00,,,10.000,,,,36,,1625,1,,
221,P-0221,Noor creation (Tshirt),52,gbb,,,115.00,200.00,20.00,0.00,0.00,0.00,139.00,NOS,NOS,NOS,1,0.000,250.00,,,4.000,,,,30-34,,1626,1,,
240,P-0240,Noor Creation OP Stock,56,gbb,,,365.00,500.00,20.00,0.00,0.00,0.00,399.00,NOS,NOS,NOS,1,0.000,625.00,,,4.000,,,,,,1660,1,,
228,P-0228,Noor Creations,53,gbb,,,185.00,280.00,0.00,0.00,0.00,0.00,199.00,NOS,NOS,NOS,1,0.000,350.00,,,5.000,,,,,,1634,1,,
237,P-0237,Noor Creations 8527,56,gbb,,,285.00,390.00,0.00,0.00,0.00,0.00,299.00,NOS,NOS,NOS,1,0.000,488.00,,,5.000,,,,,,1657,1,,
62,P-0062,Ns Lower 1150,14,,,,150.00,230.00,20.00,0.00,0.00,0.00,200.00,NOS,NOS,NOS,1,0.000,288.00,MEN'S COUNTER,,3.000,,,,,,1137,1,,
534,P-0534,Nt Luthra 1152,87,,,,152.00,230.00,20.00,0.00,0.00,0.00,200.00,NOS,NOS,NOS,1,0.000,288.00,,,0.000,,,,,,2603,1,,
535,P-0535,Nt Luthra 1170,87,,,,170.00,260.00,20.00,0.00,0.00,0.00,200.00,NOS,NOS,NOS,1,0.000,325.00,,,0.000,,,,,,2604,1,,
100,P-0100,NT Luthra 514/2,20,gbb,,,117.00,200.00,20.00,0.00,0.00,0.00,1500.00,NOS,NOS,NOS,1,0.000,250.00,,,4.000,,,,,,1241,1,,
43,P-0043,nu way 01 1175,7,,,,175.00,300.00,20.00,0.00,0.00,0.00,250.00,NOS,NOS,NOS,1,0.000,375.00,MEN'S COUNTER,,4.000,,,,,,1080,1,,
44,P-0044,nu way 10/b 1150,7,,,,150.00,240.00,20.00,0.00,0.00,0.00,200.00,NOS,NOS,NOS,1,0.000,300.00,MEN'S COUNTER,,2.000,,,,,,1081,1,,
2433,P-2433,Nu way 1080,20,,,,80.00,150.00,20.00,0.00,0.00,0.00,109.00,NOS,NOS,NOS,1,0.000,240.00,,,0.000,,,,,,5019,1,,
2390,P-2390,Nu way 1090,7,,,,90.00,175.00,20.00,0.00,0.00,0.00,99.00,NOS,NOS,NOS,1,0.000,270.00,,,0.000,,,,,,4977,1,,
2438,P-2438,Nu way 1100,20,,,,100.00,188.00,20.00,0.00,0.00,0.00,129.00,NOS,NOS,NOS,1,0.000,300.00,,,0.000,,,,,,5024,1,,
2290,P-2290,Nu Way 1145,20,,,,145.00,250.00,20.00,0.00,0.00,0.00,149.00,NOS,NOS,NOS,1,0.000,435.00,,,0.000,,,,,,4875,1,,
2279,P-2279,Nu Way 1160,20,,,,160.00,275.00,20.00,0.00,0.00,0.00,189.00,NOS,NOS,NOS,1,0.000,480.00,,,0.000,,,,,,4864,1,,
2293,P-2293,Nu way 1165,20,,,,165.00,288.00,20.00,0.00,0.00,0.00,199.00,NOS,NOS,NOS,1,0.000,495.00,,,0.000,,,,,,4878,1,,
2278,P-2278,Nu Way 1170,20,,,,170.00,300.00,20.00,0.00,0.00,0.00,189.00,NOS,NOS,NOS,1,0.000,510.00,,,0.000,,,,,,4863,1,,
3265,P-3265,Nu way 1180,7,,,,180.00,315.00,20.00,0.00,0.00,0.00,199.00,NOS,NOS,NOS,1,0.000,540.00,,,0.000,,,,,,5932,1,,
2277,P-2277,Nu Way 1205,20,,,,205.00,350.00,20.00,0.00,0.00,0.00,249.00,NOS,NOS,NOS,1,0.000,615.00,,,0.000,,,,,,4862,1,,
2340,P-2340,Nu way 1215,7,,,,215.00,375.00,20.00,0.00,0.00,0.00,279.00,NOS,NOS,NOS,1,0.000,645.00,,,0.000,,,,,,4927,1,,
2342,P-2342,Nu way 1220,7,,,,220.00,375.00,20.00,0.00,0.00,0.00,279.00,NOS,NOS,NOS,1,0.000,660.00,,,0.000,,,,,,4929,1,,
2270,P-2270,Nu way 1225,20,,,,225.00,400.00,20.00,0.00,0.00,0.00,275.00,NOS,NOS,NOS,1,0.000,675.00,,,0.000,,,,,,4855,1,,
3256,P-3256,Nu way 1245,16,,,,245.00,425.00,20.00,0.00,0.00,0.00,279.00,NOS,NOS,NOS,1,0.000,735.00,,,0.000,,,,,,5922,1,,
2271,P-2271,Nu way 1250,20,,,,250.00,425.00,20.00,0.00,0.00,0.00,275.00,NOS,NOS,NOS,1,0.000,750.00,,,0.000,,,,,,4856,1,,
2341,P-2341,Nu way 1255,7,,,,255.00,450.00,20.00,0.00,0.00,0.00,289.00,NOS,NOS,NOS,1,0.000,765.00,,,0.000,,,,,,4928,1,,
2667,P-2667,Nu way 1275,7,,,,275.00,475.00,20.00,0.00,0.00,0.00,300.00,NOS,NOS,NOS,1,0.000,825.00,,,0.000,,,,,,5286,1,,
2668,P-2668,Nu way 1285,7,,,,285.00,488.00,20.00,0.00,0.00,0.00,300.00,NOS,NOS,NOS,1,0.000,855.00,,,0.000,,,,,,5285,1,,
35,P-0035,Nu way 13/b 1200,7,,,,200.00,300.00,20.00,0.00,0.00,0.00,250.00,NOS,NOS,NOS,1,1.000,375.00,MEN'S COUNTER,CC2,6.000,,,,,,1071,1,,
3591,P-3591,Nu way 1300,7,,,,300.00,525.00,20.00,0.00,0.00,0.00,369.00,NOS,NOS,NOS,1,0.000,900.00,,,0.000,,,,,,6275,1,,
3592,P-3592,Nu way 1330,7,,,,330.00,575.00,20.00,0.00,0.00,0.00,369.00,NOS,NOS,NOS,1,0.000,990.00,,,0.000,,,,,,627,1,,
50,P-0050,nu way 320 1305,7,,,,305.00,400.00,0.00,0.00,0.00,0.00,305.00,NOS,NOS,NOS,1,0.000,500.00,MEN'S COUNTER,,3.000,,,,,,1087,1,,
42,P-0042,nu way 785 1255,7,,,,255.00,400.00,20.00,0.00,0.00,0.00,250.00,NOS,NOS,NOS,1,0.000,500.00,MEN'S COUNTER,,8.000,,,,,,1079,1,,
46,P-0046,nu way MRP 350,7,,,,150.00,280.00,20.00,0.00,0.00,0.00,200.00,NOS,NOS,NOS,1,0.000,350.00,MEN'S COUNTER,,7.000,,,,,,1083,1,,
2907,P-2907,Nutan japanese Pants 1260,15,,,,260.00,475.00,20.00,0.00,0.00,0.00,259.00,NOS,NOS,NOS,1,0.000,780.00,,,0.000,,,,,,5527,1,,
2906,P-2906,Nutan japanese Pants 1300,15,,,,300.00,550.00,20.00,0.00,0.00,0.00,359.00,NOS,NOS,NOS,1,0.000,900.00,,,0.000,,,,,,5526,1,,
827,P-0827,Nutan Koati 1240,11,,,,240.00,340.00,20.00,0.00,0.00,0.00,300.00,NOS,NOS,NOS,1,0.000,425.00,,,0.000,,,,,,3275,1,,
826,P-0826,Nutan Koati 1400,11,,,,400.00,550.00,20.00,0.00,0.00,0.00,450.00,NOS,NOS,NOS,1,0.000,688.00,,,0.000,,,,,,3274,1,,
828,P-0828,Nutan Koati 1480,11,,,,480.00,660.00,20.00,0.00,0.00,0.00,5500.00,NOS,NOS,NOS,1,0.000,825.00,,,0.000,,,,,,3276,1,,
426,P-0426,Nutan Koati Bitcoin 1380,11,,,,380.00,520.00,0.00,0.00,0.00,0.00,400.00,NOS,NOS,NOS,1,0.000,650.00,,,0.000,,,,,,2490,1,,
422,P-0422,Nutan koati Brahmastra 1550,11,,,,550.00,760.00,0.00,0.00,0.00,0.00,600.00,NOS,NOS,NOS,1,0.000,950.00,,,0.000,,,,,,2486,1,,
425,P-0425,Nutan Koati crape moss 1280,11,,,,280.00,500.00,20.00,0.00,0.00,0.00,300.00,NOS,NOS,NOS,1,0.000,840.00,,,0.000,,,,,,2489,1,,
423,P-0423,Nutan koati Jacot Print 1350,11,,,,350.00,760.00,20.00,0.00,0.00,0.00,600.00,NOS,NOS,NOS,1,0.000,950.00,,,0.000,,,,,,2487,1,,
421,P-0421,Nutan koati Jute 1220,11,,,,220.00,320.00,20.00,0.00,0.00,0.00,250.00,NOS,NOS,NOS,1,0.000,400.00,,,0.000,,,,,,2485,1,,
424,P-0424,Nutan Koati Romeo 1250,11,,,,250.00,360.00,20.00,0.00,0.00,0.00,300.00,NOS,NOS,NOS,1,0.000,450.00,,,0.000,,,,,,2488,1,,
1461,P-1461,Nutan shirt 1140,15,,,,140.00,315.00,20.00,0.00,0.00,0.00,149.00,NOS,NOS,NOS,1,0.000,420.00,,,0.000,,,,,,4023,1,,
1463,P-1463,Nutan shirt 1150,2,,,,150.00,315.00,20.00,0.00,0.00,0.00,159.00,NOS,NOS,NOS,1,0.000,450.00,,,0.000,,,,,,4025,1,,
1462,P-1462,Nutan shirt 1165,15,,,,165.00,300.00,20.00,0.00,0.00,0.00,179.00,NOS,NOS,NOS,1,0.000,495.00,,,0.000,,,,,,4024,1,,
2107,P-2107,Nutan shirt 1170,15,,,,170.00,300.00,20.00,0.00,0.00,0.00,199.00,NOS,NOS,NOS,1,0.000,510.00,,,0.000,,,,,,4692,1,,
1459,P-1459,Nutan Shirts 1120,15,,,,120.00,275.00,20.00,0.00,0.00,0.00,129.00,NOS,NOS,NOS,1,0.000,360.00,,,0.000,,,,,,4021,1,,
1460,P-1460,Nutan Shirts 1130,15,,,,130.00,288.00,20.00,0.00,0.00,0.00,139.00,NOS,NOS,NOS,1,0.000,390.00,,,0.000,,,,,,4022,1,,
2905,P-2905,Nutan shirts 1140,15,,,,140.00,315.00,0.00,0.00,0.00,0.00,199.00,NOS,NOS,NOS,1,0.000,420.00,,,0.000,,,,,,5525,1,,
2904,P-2904,Nutan shirts 1160,15,,,,160.00,315.00,0.00,0.00,0.00,0.00,199.00,NOS,NOS,NOS,1,0.000,480.00,,,0.000,,,,,,5524,1,,
822,P-0822,Nutan Shirts 1180,15,,,,180.00,315.00,20.00,0.00,0.00,0.00,200.00,NOS,NOS,NOS,1,0.000,540.00,,,0.000,,,,,,3270,1,,
413,P-0413,Nutan Shirts 1190,15,,,,190.00,350.00,20.00,0.00,0.00,0.00,200.00,NOS,NOS,NOS,1,0.000,570.00,,,0.000,,,,,,2477,1,,
823,P-0823,Nutan Shirts 1195,15,,,,195.00,270.00,20.00,0.00,0.00,0.00,250.00,NOS,NOS,NOS,1,0.000,338.00,,,0.000,,,,,,3271,1,,
410,P-0410,Nutan Shirts 1200,15,,,,200.00,375.00,20.00,0.00,0.00,0.00,250.00,NOS,NOS,NOS,1,0.000,600.00,,,0.000,,,,,,2474,1,,
412,P-0412,Nutan Shirts 1205,15,,,,205.00,375.00,20.00,0.00,0.00,0.00,250.00,NOS,NOS,NOS,1,0.000,615.00,,,0.000,,,,,,2476,1,,
414,P-0414,Nutan Shirts 1210,15,,,,210.00,375.00,20.00,0.00,0.00,0.00,250.00,NOS,NOS,NOS,1,0.000,630.00,,,0.000,,,,,,2478,1,,
2901,P-2901,Nutan shirts 1215,15,,,,215.00,375.00,20.00,0.00,0.00,0.00,289.00,NOS,NOS,NOS,1,0.000,645.00,,,0.000,,,,,,5529,1,,
415,P-0415,Nutan Shirts 1220,15,,,,220.00,400.00,20.00,0.00,0.00,0.00,250.00,NOS,NOS,NOS,1,0.000,660.00,,,0.000,,,,,,2479,1,,
416,P-0416,Nutan Shirts 1225,15,,,,225.00,415.00,20.00,0.00,0.00,0.00,250.00,NOS,NOS,NOS,1,0.000,675.00,,,0.000,,,,,,2480,1,,
411,P-0411,Nutan Shirts 1230,15,,,,230.00,400.00,20.00,0.00,0.00,0.00,250.00,NOS,NOS,NOS,1,0.000,690.00,,,0.000,,,,,,2475,1,,
417,P-0417,Nutan Shirts 1235,15,,,,235.00,425.00,20.00,0.00,0.00,0.00,250.00,NOS,NOS,NOS,1,0.000,705.00,,,0.000,,,,,,2481,1,,
420,P-0420,Nutan Shirts 1240,15,,,,240.00,415.00,20.00,0.00,0.00,0.00,300.00,NOS,NOS,NOS,1,0.000,720.00,,,0.000,,,,,,2484,1,,
418,P-0418,Nutan Shirts 1245,15,,,,245.00,350.00,0.00,0.00,0.00,0.00,250.00,NOS,NOS,NOS,1,0.000,440.00,,,0.000,,,,,,2482,1,,
824,P-0824,Nutan Shirts 1250,15,,,,250.00,425.00,20.00,0.00,0.00,0.00,300.00,NOS,NOS,NOS,1,0.000,750.00,,,0.000,,,,,,3272,1,,
419,P-0419,Nutan Shirts 1255,15,,,,255.00,360.00,0.00,0.00,0.00,0.00,250.00,NOS,NOS,NOS,1,0.000,450.00,,,0.000,,,,,,2483,1,,
825,P-0825,Nutan Shirts 1260,15,,,,260.00,450.00,20.00,0.00,0.00,0.00,300.00,NOS,NOS,NOS,1,0.000,780.00,,,0.000,,,,,,3273,1,,
2903,P-2903,Nutan shirts 1265,15,,,,265.00,450.00,20.00,0.00,0.00,0.00,299.00,NOS,NOS,NOS,1,0.000,795.00,,,0.000,,,,,,5523,1,,
2902,P-2902,Nutan shirts 1270,2,,,,270.00,475.00,20.00,0.00,0.00,0.00,299.00,NOS,NOS,NOS,1,0.000,810.00,,,0.000,,,,,,5521,1,,
1185,P-1185,NU-WAY 1090,7,,,,90.00,130.00,20.00,0.00,0.00,0.00,99.00,NOS,NOS,NOS,1,0.000,163.00,,,0.000,,,,,,3635,1,,
1147,P-1147,NU-WAY 1115,7,,,,115.00,225.00,20.00,0.00,0.00,0.00,149.00,NOS,NOS,NOS,1,0.000,345.00,,,0.000,,,,,,3597,1,,
1150,P-1150,NU-WAY 1190,7,,,,190.00,280.00,20.00,0.00,0.00,0.00,199.00,NOS,NOS,NOS,1,0.000,350.00,,,0.000,,,,,,3600,1,,
1161,P-1161,NU-WAY 1205,7,,,,205.00,280.00,20.00,0.00,0.00,0.00,239.00,NOS,NOS,NOS,1,0.000,350.00,,,0.000,,,,,,3611,1,,
1148,P-1148,NU-WAY 1250,7,,,,250.00,360.00,20.00,0.00,0.00,0.00,299.00,NOS,NOS,NOS,1,0.000,450.00,,,0.000,,,,,,3598,1,,
605,P-0605,NU-Way 1415,87,,,,415.00,570.00,20.00,0.00,0.00,0.00,499.00,NOS,NOS,NOS,1,0.000,713.00,,,0.000,,,,,,2674,1,,
1631,P-1631,O' Little 1165,32,,,,165.00,350.00,20.00,0.00,0.00,0.00,199.00,NOS,NOS,NOS,1,0.000,495.00,,,0.000,,,,,,4186,1,,
1396,P-1396,OK,19,,,,160.00,288.00,20.00,0.00,0.00,0.00,199.00,NOS,NOS,NOS,1,0.000,480.00,,,0.000,,,,,,3852,1,,
3380,P-3380,Ok 1145,20,,,,145.00,250.00,20.00,0.00,0.00,0.00,189.00,NOS,NOS,NOS,1,0.000,435.00,,,0.000,,,,,,6060,1,,
1916,P-1916,OK 1160,23,,,,160.00,275.00,20.00,0.00,0.00,0.00,199.00,NOS,NOS,NOS,1,0.000,480.00,,,0.000,,,,,,4474,1,,
529,P-0529,Ok 1164,87,,,,164.00,240.00,20.00,0.00,0.00,0.00,200.00,NOS,NOS,NOS,1,0.000,300.00,,,0.000,,,,,,2598,1,,
1921,P-1921,Ok 1175,87,,,,175.00,300.00,20.00,0.00,0.00,0.00,199.00,NOS,NOS,NOS,1,0.000,525.00,,,0.000,,,,,,4483,1,,
1978,P-1978,Ok 1180,87,,,,180.00,325.00,20.00,0.00,0.00,0.00,199.00,NOS,NOS,NOS,1,0.000,540.00,,,0.000,,,,,,4544,1,,
574,P-0574,Ok 1194,87,,,,194.00,270.00,0.00,0.00,0.00,0.00,200.00,NOS,NOS,NOS,1,0.000,335.00,,,0.000,,,,,,2643,1,,
2259,P-2259,OK 1198,20,,,,198.00,350.00,20.00,0.00,0.00,0.00,199.00,NOS,NOS,NOS,1,0.000,594.00,,,0.000,,,,,,4844,1,,
563,P-0563,Ok 1203,87,,,,203.00,280.00,20.00,0.00,0.00,0.00,300.00,NOS,NOS,NOS,1,0.000,350.00,,,0.000,,,,,,2632,1,,
441,P-0441,OK 1214,87,,,,214.00,300.00,20.00,0.00,0.00,0.00,249.00,NOS,NOS,NOS,1,0.000,375.00,,,0.000,,,,,,2505,1,,
442,P-0442,OK 1248,87,,,,248.00,340.00,20.00,0.00,0.00,0.00,269.00,NOS,NOS,NOS,1,0.000,425.00,,,0.000,,,,,,2506,1,,
3177,P-3177,Ok 1281,33,,,,281.00,488.00,20.00,0.00,0.00,0.00,299.00,NOS,NOS,NOS,1,0.000,843.00,,,0.000,,,,,,5839,1,,
1227,P-1227,OK 1303,20,,,,303.00,420.00,20.00,0.00,0.00,0.00,399.00,NOS,NOS,NOS,1,0.000,525.00,,,0.000,,,,,,3677,1,,
1977,P-1977,Ok 1314,87,,,,314.00,550.00,20.00,0.00,0.00,0.00,399.00,NOS,NOS,NOS,1,0.000,942.00,,,0.000,,,,,,4543,1,,
3364,P-3364,Ok 1330,20,,,,330.00,575.00,20.00,0.00,0.00,0.00,399.00,NOS,NOS,NOS,1,0.000,990.00,,,0.000,,,,,,6044,1,,
3365,P-3365,Ok 1336,20,,,,336.00,575.00,20.00,0.00,0.00,0.00,399.00,NOS,NOS,NOS,1,0.000,1008.00,,,0.000,,,,,,6045,1,,
3363,P-3363,Ok 1352,20,,,,352.00,600.00,20.00,0.00,0.00,0.00,399.00,NOS,NOS,NOS,1,0.000,1056.00,,,0.000,,,,,,6043,1,,
1920,P-1920,Ok 1358,87,,,,358.00,625.00,20.00,0.00,0.00,0.00,399.00,NOS,NOS,NOS,1,0.000,1074.00,,,0.000,,,,,,4482,1,,
3367,P-3367,Ok 1363,20,,,,363.00,625.00,20.00,0.00,0.00,0.00,399.00,NOS,NOS,NOS,1,0.000,1089.00,,,0.000,,,,,,6047,1,,
2224,P-2224,OK 1369,7,,,,369.00,650.00,20.00,0.00,0.00,0.00,399.00,NOS,NOS,NOS,1,0.000,1107.00,,,0.000,,,,,,4809,1,,
1226,P-1226,OK 1374,20,,,,374.00,520.00,20.00,0.00,0.00,0.00,399.00,NOS,NOS,NOS,1,0.000,650.00,,,0.000,,,,,,3676,1,,
2207,P-2207,Ok 1413,60,,,,413.00,715.00,20.00,0.00,0.00,0.00,499.00,NOS,NOS,NOS,1,0.000,1239.00,,,0.000,,,,,,4792,1,,
3550,P-3550,OK 1424,33,,,,424.00,725.00,20.00,0.00,0.00,0.00,499.00,NOS,NOS,OTH,1,0.000,1272.00,,,0.000,,,,,,6234,1,,
82,P-0082,Ok alp31024 1106,19,,,,106.00,160.00,0.00,0.00,0.00,0.00,150.00,NOS,NOS,NOS,1,0.000,200.00,,,3.000,,,,,,1226,1,,
1959,P-1959,ok simran 1087,87,,,,87.00,175.00,20.00,0.00,0.00,0.00,99.00,NOS,NOS,NOS,1,0.000,261.00,,,0.000,,,,,,4525,1,,
1953,P-1953,ok simran 1094,87,,,,94.00,175.00,20.00,0.00,0.00,0.00,139.00,NOS,NOS,NOS,1,0.000,282.00,,,0.000,,,,,,4519,1,,
1954,P-1954,Ok Simran 1101,87,,,,101.00,175.00,20.00,0.00,0.00,0.00,109.00,NOS,NOS,NOS,1,0.000,303.00,,,0.000,,,,,,4520,1,,
1952,P-1952,ok simran 1108,87,,,,108.00,188.00,20.00,0.00,0.00,0.00,139.00,NOS,NOS,NOS,1,0.000,324.00,,,0.000,,,,,,4518,1,,
3377,P-3377,Ok simran 1112,60,,,,112.00,200.00,20.00,0.00,0.00,0.00,129.00,NOS,NOS,NOS,1,0.000,336.00,,,0.000,,,,,,6057,1,,
3376,P-3376,Ok simran 1114,60,,,,114.00,225.00,20.00,0.00,0.00,0.00,129.00,NOS,NOS,NOS,1,0.000,342.00,,,0.000,,,,,,6055,1,,
3376,P-3376,Ok simran 1114,60,,,,114.00,225.00,20.00,0.00,0.00,0.00,129.00,NOS,NOS,NOS,1,0.000,342.00,,,0.000,,,,,,\,1,,
1958,P-1958,Ok Simran 1115,87,,,,115.00,200.00,20.00,0.00,0.00,0.00,179.00,NOS,NOS,NOS,1,0.000,345.00,,,0.000,,,,,,4524,1,,
1957,P-1957,Ok Simran 1125,87,,,,125.00,225.00,20.00,0.00,0.00,0.00,179.00,NOS,NOS,NOS,1,0.000,375.00,,,0.000,,,,,,4523,1,,
1689,P-1689,Ok simran 1128,19,,,,128.00,250.00,20.00,0.00,0.00,0.00,199.00,NOS,NOS,NOS,1,0.000,384.00,,,0.000,,,,,,4245,1,,
2262,P-2262,Ok simran 1131,20,,,,131.00,225.00,20.00,0.00,0.00,0.00,159.00,NOS,NOS,NOS,1,0.000,393.00,,,0.000,,,,,,4847,1,,
1956,P-1956,Ok Simran 1135,87,,,,135.00,250.00,20.00,0.00,0.00,0.00,179.00,NOS,NOS,NOS,1,0.000,405.00,,,0.000,,,,,,4522,1,,
2848,P-2848,ok simran 1138,16,,,,138.00,250.00,20.00,0.00,0.00,0.00,169.00,NOS,NOS,NOS,1,0.000,414.00,,,0.000,,,,,,5469,1,,
1955,P-1955,Ok Simran 1145,87,,,,145.00,250.00,20.00,0.00,0.00,0.00,179.00,NOS,NOS,NOS,1,0.000,435.00,,,0.000,,,,,,4521,1,,
1068,P-1068,Ok simran 1158,60,,,,158.00,220.00,0.00,0.00,0.00,0.00,159.00,NOS,NOS,NOS,1,0.000,275.00,,,0.000,,,,,,3518,1,,
2843,P-2843,OK simran 1168,16,,,,168.00,288.00,20.00,0.00,0.00,0.00,179.00,NOS,NOS,NOS,1,0.000,504.00,,,0.000,,,,,,5464,1,,
2853,P-2853,OK simran 1169,16,,,,169.00,300.00,20.00,0.00,0.00,0.00,199.00,NOS,NOS,NOS,1,0.000,507.00,,,0.000,,,,,,5475,1,,
1695,P-1695,Ok simran 1174,56,,,,174.00,315.00,20.00,0.00,0.00,0.00,179.00,NOS,NOS,NOS,1,0.000,522.00,,,0.000,,,,,,4251,1,,
2846,P-2846,OK simran 1176,16,,,,176.00,300.00,20.00,0.00,0.00,0.00,199.00,NOS,NOS,NOS,1,0.000,528.00,,,0.000,,,,,,5467,1,,
1687,P-1687,Ok simran 1180,19,,,,180.00,325.00,20.00,0.00,0.00,0.00,199.00,NOS,NOS,NOS,1,0.000,540.00,,,0.000,,,,,,4243,1,,
1688,P-1688,Ok simran 1186,19,,,,186.00,350.00,20.00,0.00,0.00,0.00,199.00,NOS,NOS,NOS,1,0.000,552.00,,,0.000,,,,,,4244,1,,
3434,P-3434,Ok simran 1188,60,,,,188.00,325.00,20.00,0.00,0.00,0.00,199.00,NOS,NOS,NOS,1,0.000,564.00,,,0.000,,,,,,6118,1,,
2854,P-2854,OK simran 1192,16,,,,192.00,350.00,20.00,0.00,0.00,0.00,199.00,NOS,NOS,NOS,1,0.000,576.00,,,0.000,,,,,,5476,1,,
1611,P-1611,OK simran 1204,19,,,,204.00,375.00,20.00,0.00,0.00,0.00,299.00,NOS,NOS,NOS,1,0.000,612.00,,,0.000,,,,,,4167,1,,
1694,P-1694,Ok simran 1210,19,,,,210.00,388.00,20.00,0.00,0.00,0.00,239.00,NOS,NOS,NOS,1,0.000,630.00,,,0.000,,,,,,4250,1,,
2852,P-2852,OK simran 1228,16,,,,228.00,400.00,20.00,0.00,0.00,0.00,299.00,NOS,NOS,NOS,1,0.000,684.00,,,0.000,,,,,,5474,1,,
1785,P-1785,Ok simran 1235,56,,,,235.00,425.00,20.00,0.00,0.00,0.00,299.00,NOS,NOS,NOS,1,0.000,705.00,,,0.000,,,,,,4341,1,,
1612,P-1612,OK simran 1240,19,,,,240.00,450.00,20.00,0.00,0.00,0.00,299.00,NOS,NOS,NOS,1,0.000,720.00,,,0.000,,,,,,4168,1,,
1962,P-1962,Ok simran 1250,87,,,,250.00,425.00,20.00,0.00,0.00,0.00,299.00,NOS,NOS,NOS,1,0.000,750.00,,,0.000,,,,,,4528,1,,
1613,P-1613,OK simran 1264,19,,,,264.00,488.00,20.00,0.00,0.00,0.00,299.00,NOS,NOS,NOS,1,0.000,792.00,,,0.000,,,,,,4169,1,,
3411,P-3411,Ok simran 1276,60,,,,276.00,475.00,20.00,0.00,0.00,0.00,299.00,NOS,NOS,NOS,1,0.000,828.00,,,0.000,,,,,,6092,1,,
3420,P-3420,Ok simran 1366,33,,,,366.00,625.00,20.00,0.00,0.00,0.00,399.00,NOS,NOS,NOS,1,0.000,1098.00,,,0.000,,,,,,6102,1,,
536,P-0536,Ok simranz 1145,87,,,,145.00,220.00,20.00,0.00,0.00,0.00,200.00,NOS,NOS,NOS,1,0.000,275.00,,,0.000,,,,,,2605,1,,
81,P-0081,OK sp-41075 1110,19,,,,110.00,160.00,0.00,0.00,0.00,0.00,150.00,NOS,NOS,NOS,1,0.000,200.00,,,3.000,,,,,,1225,1,,
289,P-0289,OM Fashion,65,,,,100.00,150.00,0.00,0.00,0.00,0.00,139.00,NOS,NOS,NOS,1,0.000,188.00,,,4.000,,,,,,1696,1,,
173,P-0173,OM Fashion (capry),38,gbb,,,70.00,150.00,20.00,0.00,0.00,0.00,99.00,NOS,NOS,NOS,1,0.000,188.00,,,14.000,,,,,,1354,1,,
290,P-0290,OM Fashion (leggings),61,,,,135.00,250.00,20.00,0.00,0.00,0.00,169.00,NOS,NOS,NOS,1,0.000,455.00,,,3.000,,,,Free,,1697,1,,
290,P-0290,OM Fashion (leggings),61,,,,135.00,250.00,20.00,0.00,0.00,0.00,169.00,NOS,NOS,NOS,1,0.000,455.00,,,3.000,,,,Free,,1698,1,455,
205,P-0205,OM Fashion (Middy) OP stock,47,gbb,,,475.00,825.00,20.00,0.00,0.00,0.00,599.00,NOS,NOS,NOS,1,0.000,1425.00,,,3.000,,,,Free,,1500,1,,
205,P-0205,OM Fashion (Middy) OP stock,47,gbb,,,475.00,825.00,20.00,0.00,0.00,0.00,599.00,NOS,NOS,NOS,1,0.000,1425.00,,,2.000,,,,Free,,1501,1,,
205,P-0205,OM Fashion (Middy) OP stock,47,gbb,,,475.00,825.00,20.00,0.00,0.00,0.00,599.00,NOS,NOS,NOS,1,0.000,1425.00,,,2.000,,,,Free,,1502,1,,
205,P-0205,OM Fashion (Middy) OP stock,47,gbb,,,475.00,825.00,20.00,0.00,0.00,0.00,599.00,NOS,NOS,NOS,1,0.000,1425.00,,,1.000,,,,Free,,1503,1,,
205,P-0205,OM Fashion (Middy) OP stock,47,gbb,,,475.00,825.00,20.00,0.00,0.00,0.00,599.00,NOS,NOS,NOS,1,0.000,1425.00,,,7.000,,,,Free,,1504,1,,
282,P-0282,OM fashion (printed leggings),61,gbb,,,80.00,160.00,0.00,0.00,0.00,0.00,149.00,NOS,NOS,NOS,1,0.000,200.00,,,7.000,,,,,,1673,1,,
3469,P-3469,Om fashion boys jeans 1320,17,,,,320.00,550.00,20.00,0.00,0.00,0.00,399.00,NOS,NOS,NOS,1,0.000,960.00,,,0.000,,,,,,6150,1,,
3468,P-3468,Om fashion boys pants 1280,17,,,,280.00,500.00,20.00,0.00,0.00,0.00,299.00,NOS,NOS,NOS,1,0.000,840.00,,,0.000,,,,,,6149,1,,
829,P-0829,Om Fashion Child Top 1220,69,,,,220.00,300.00,20.00,0.00,0.00,0.00,260.00,NOS,NOS,NOS,1,0.000,375.00,,,3.000,,,,,,3277,1,,
830,P-0830,Om Fashion Child Top 1225,69,,,,225.00,310.00,20.00,0.00,0.00,0.00,280.00,NOS,NOS,NOS,1,0.000,388.00,,,6.000,,,,,,3278,1,,
831,P-0831,Om Fashion Child Top 1225,69,,,,225.00,310.00,0.00,0.00,0.00,0.00,280.00,NOS,NOS,NOS,1,0.000,388.00,,,0.000,,,,,,3279,1,,
832,P-0832,Om Fashion Child Top 1245,69,,,,245.00,340.00,20.00,0.00,0.00,0.00,300.00,NOS,NOS,NOS,1,0.000,425.00,,,0.000,,,,,,3280,1,,
833,P-0833,Om Fashion Child Top 1255,69,,,,255.00,350.00,20.00,0.00,0.00,0.00,300.00,NOS,NOS,NOS,1,0.000,438.00,,,0.000,,,,,,3281,1,,
834,P-0834,Om Fashion Child Top 1260,69,,,,260.00,350.00,20.00,0.00,0.00,0.00,300.00,NOS,NOS,NOS,1,0.000,438.00,,,0.000,,,,,,3282,1,,
835,P-0835,Om Fashion Child Top 1265,69,,,,265.00,355.00,20.00,0.00,0.00,0.00,300.00,NOS,NOS,NOS,1,0.000,444.00,,,0.000,,,,,,3283,1,,
836,P-0836,Om Fashion Child Top 1270,69,,,,270.00,360.00,20.00,0.00,0.00,0.00,300.00,NOS,NOS,NOS,1,0.000,450.00,,,0.000,,,,,,3284,1,,
837,P-0837,Om Fashion Child Top 1275,69,,,,275.00,320.00,20.00,0.00,0.00,0.00,300.00,NOS,NOS,NOS,1,0.000,400.00,,,0.000,,,,,,3285,1,,
838,P-0838,Om Fashion Child Top 1280,69,,,,280.00,380.00,20.00,0.00,0.00,0.00,300.00,NOS,NOS,NOS,1,0.000,475.00,,,0.000,,,,,,3286,1,,
839,P-0839,Om Fashion Child Top 1290,69,,,,290.00,490.00,20.00,0.00,0.00,0.00,300.00,NOS,NOS,NOS,1,0.000,870.00,,,0.000,,,,,,3287,1,,
840,P-0840,Om Fashion Child Top 1295,69,,,,295.00,400.00,20.00,0.00,0.00,0.00,300.00,NOS,NOS,NOS,1,0.000,499.00,,,0.000,,,,,,3288,1,,
841,P-0841,Om Fashion Child Top 1300,69,,,,300.00,410.00,0.02,0.00,0.00,0.00,350.00,NOS,NOS,NOS,1,0.000,515.00,,,0.000,,,,,,3289,1,,
842,P-0842,Om Fashion Child Top 1310,69,,,,310.00,420.00,20.00,0.00,0.00,0.00,350.00,NOS,NOS,NOS,1,0.000,525.00,,,0.000,,,,,,3290,1,,
843,P-0843,Om Fashion Child Top 1320,69,,,,320.00,440.00,20.00,0.00,0.00,0.00,350.00,NOS,NOS,NOS,1,0.000,550.00,,,0.000,,,,,,3291,1,,
844,P-0844,Om Fashion Child Top 1335,69,,,,335.00,460.00,20.00,0.00,0.00,0.00,350.00,NOS,NOS,NOS,1,0.000,575.00,,,0.000,,,,,,3292,1,,
1468,P-1468,Om Fashion Child Top 1350,69,,,,350.00,600.00,20.00,0.00,0.00,0.00,399.00,NOS,NOS,NOS,1,0.000,1050.00,,,0.000,,,,,,4030,1,,
845,P-0845,Om Fashion Child Top 1365,69,,,,365.00,500.00,20.00,0.00,0.00,0.00,400.00,NOS,NOS,NOS,1,0.000,625.00,,,0.000,,,,,,3293,1,,
846,P-0846,Om Fashion Child Top 1385,69,,,,385.00,520.00,20.00,0.00,0.00,0.00,400.00,NOS,NOS,NOS,1,0.000,650.00,,,0.000,,,,,,3294,1,,
847,P-0847,Om Fashion Child Top 1395,69,,,,395.00,540.00,20.00,0.00,0.00,0.00,400.00,NOS,NOS,NOS,1,0.000,675.00,,,0.000,,,,,,3295,1,,
1467,P-1467,Om Fashion Child Top 1405,69,,,,405.00,688.00,20.00,0.00,0.00,0.00,499.00,NOS,NOS,NOS,1,0.000,1215.00,,,0.000,,,,,,4029,1,,
3458,P-3458,Om fashion co ord set 1345,27,,,,345.00,588.00,20.00,0.00,0.00,0.00,399.00,NOS,NOS,NOS,1,0.000,1035.00,,,0.000,,,,,,6139,1,,
3467,P-3467,Om fashion co ord set 1365,69,,,,365.00,625.00,20.00,0.00,0.00,0.00,399.00,NOS,NOS,NOS,1,0.000,1095.00,,,0.000,,,,,,6148,1,,
2913,P-2913,Om fashion Co-ord set 1350,27,,,,350.00,600.00,20.00,0.00,0.00,0.00,399.00,NOS,NOS,NOS,1,0.000,1050.00,,,0.000,,,,,,5534,1,,
2914,P-2914,Om fashion Co-ord set 1375,27,,,,375.00,650.00,20.00,0.00,0.00,0.00,399.00,NOS,NOS,NOS,1,0.000,1125.00,,,0.000,,,,,,5535,1,,
2912,P-2912,Om fashion Co-ord set1380,27,,,,380.00,650.00,20.00,0.00,0.00,0.00,399.00,NOS,NOS,NOS,1,0.000,1140.00,,,0.000,,,,,,5533,1,,
1465,P-1465,Om fashion girls jeans 1395,24,,,,395.00,688.00,20.00,0.00,0.00,0.00,399.00,NOS,NOS,NOS,1,0.000,1185.00,,,0.000,,,,,,4027,1,,
1464,P-1464,Om fashion girls jeans 1425,24,,,,425.00,725.00,20.00,0.00,0.00,0.00,499.00,NOS,NOS,NOS,1,0.000,1275.00,,,0.000,,,,,,4026,1,,
817,P-0817,Om fashion jegging 1335,29,,,,335.00,575.00,20.00,0.00,0.00,0.00,350.00,NOS,NOS,NOS,1,0.000,1005.00,,,0.000,,,,,,3265,1,,
2918,P-2918,Om fashion jegging 1340,27,,,,340.00,588.00,20.00,0.00,0.00,0.00,399.00,NOS,NOS,NOS,1,0.000,1020.00,,,0.000,,,,,,5539,1,,
818,P-0818,Om fashion jegging 1375,29,,,,375.00,500.00,20.00,0.00,0.00,0.00,400.00,NOS,NOS,NOS,1,0.000,625.00,,,0.000,,,,,,3266,1,,
2919,P-2919,Om fashion jegging 1385,27,,,,385.00,675.00,20.00,0.00,0.00,0.00,399.00,NOS,NOS,NOS,1,0.000,1155.00,,,0.000,,,,,,5540,1,,
2917,P-2917,Om fashion jegging 1460,27,,,,460.00,788.00,20.00,0.00,0.00,0.00,499.00,NOS,NOS,NOS,1,0.000,1380.00,,,0.000,,,,,,5538,1,,
2916,P-2916,Om fashion jegging 1470,27,,,,470.00,800.00,20.00,0.00,0.00,0.00,499.00,NOS,NOS,NOS,1,0.000,1410.00,,,0.000,,,,,,5537,1,,
3459,P-3459,Om fashion kids top 1290,69,,,,290.00,500.00,20.00,0.00,0.00,0.00,299.00,NOS,NOS,NOS,1,0.000,870.00,,,0.000,,,,,,6140,1,,
3460,P-3460,Om fashion kids top 1300,69,,,,300.00,525.00,20.00,0.00,0.00,0.00,300.00,NOS,NOS,NOS,1,0.000,900.00,,,0.000,,,,,,6141,1,,
3461,P-3461,Om fashion kids top 1310,69,,,,310.00,550.00,20.00,0.00,0.00,0.00,330.00,NOS,NOS,NOS,1,0.000,930.00,,,0.000,,,,,,6142,1,,
3462,P-3462,Om fashion kids top 1320,69,,,,320.00,550.00,20.00,0.00,0.00,0.00,330.00,NOS,NOS,NOS,1,0.000,960.00,,,0.000,,,,,,6143,1,,
3463,P-3463,Om fashion kids top 1335,69,,,,335.00,575.00,20.00,0.00,0.00,0.00,399.00,NOS,NOS,NOS,1,0.000,1005.00,,,0.000,,,,,,6144,1,,
3464,P-3464,Om fashion kids top 1350,69,,,,350.00,600.00,20.00,0.00,0.00,0.00,399.00,NOS,NOS,NOS,1,0.000,1050.00,,,0.000,,,,,,6145,1,,
3465,P-3465,Om fashion kids top 1355,69,,,,355.00,625.00,20.00,0.00,0.00,0.00,399.00,NOS,NOS,NOS,1,0.000,1065.00,,,0.000,,,,,,6146,1,,
3466,P-3466,Om fashion kids top 1430,69,,,,430.00,750.00,20.00,0.00,0.00,0.00,399.00,NOS,NOS,NOS,1,0.000,1290.00,,,0.000,,,,,,6147,1,,
870,P-0870,Om fashion kurti 1175,76,,,,175.00,250.00,20.00,0.00,0.00,0.00,200.00,NOS,NOS,NOS,1,0.000,315.00,,,0.000,,,,,,3318,1,,
868,P-0868,Om fashion kurti 1260,76,,,,260.00,450.00,20.00,0.00,0.00,0.00,300.00,NOS,NOS,NOS,1,0.000,780.00,,,0.000,,,,,,3316,1,,
869,P-0869,Om fashion kurti 1280,76,,,,280.00,380.00,20.00,0.00,0.00,0.00,300.00,NOS,NOS,NOS,1,0.000,475.00,,,0.000,,,,,,3317,1,,
866,P-0866,Om fashion kurti 1315,76,,,,315.00,440.00,20.00,0.00,0.00,0.00,350.00,NOS,NOS,NOS,1,0.000,550.00,,,0.000,,,,,,3314,1,,
867,P-0867,Om fashion kurti 1345,76,,,,345.00,480.00,20.00,0.00,0.00,0.00,400.00,NOS,NOS,NOS,1,0.000,599.00,,,0.000,,,,,,3315,1,,
860,P-0860,Om fashion kurti 1565,76,,,,565.00,780.00,20.00,0.00,0.00,0.00,600.00,NOS,NOS,NOS,1,0.000,975.00,,,0.000,,,,,,3308,1,,
861,P-0861,Om fashion kurti 1595,76,,,,595.00,840.00,20.00,0.00,0.00,0.00,650.00,NOS,NOS,NOS,1,0.000,1050.00,,,0.000,,,,,,3309,1,,
862,P-0862,Om fashion kurti 1660,76,,,,660.00,920.00,20.00,0.00,0.00,0.00,700.00,NOS,NOS,NOS,1,0.000,1150.00,,,0.000,,,,,,3310,1,,
863,P-0863,Om fashion kurti 1665,76,,,,665.00,950.00,20.00,0.00,0.00,0.00,700.00,NOS,NOS,NOS,1,0.000,1188.00,,,0.000,,,,,,3311,1,,
864,P-0864,Om fashion kurti 1750,76,,,,750.00,1040.00,20.00,0.00,0.00,0.00,800.00,NOS,NOS,NOS,1,0.000,1299.00,,,0.000,,,,,,3312,1,,
871,P-0871,Om fashion kurti 1755,76,,,,755.00,1050.00,20.00,0.00,0.00,0.00,800.00,NOS,NOS,NOS,1,0.000,1315.00,,,0.000,,,,,,3319,1,,
865,P-0865,Om fashion kurti 1895,76,,,,895.00,1240.00,20.00,0.00,0.00,0.00,900.00,NOS,NOS,NOS,1,0.000,1550.00,,,0.000,,,,,,3313,1,,
3438,P-3438,OM Fashion kurti set 11315,76,,,,1315.00,2250.00,20.00,0.00,0.00,0.00,1399.00,NOS,NOS,NOS,1,0.000,3945.00,,,0.000,,,,,,6107,1,,
3441,P-3441,OM Fashion kurti set 11380,76,,,,1380.00,2350.00,20.00,0.00,0.00,0.00,1399.00,NOS,NOS,NOS,1,0.000,4140.00,,,0.000,,,,,,6122,1,,
3445,P-3445,OM Fashion kurti set 1475,76,,,,475.00,825.00,20.00,0.00,0.00,0.00,499.00,NOS,NOS,NOS,1,0.000,1425.00,,,0.000,,,,,,6126,1,,
2928,P-2928,Om fashion kurti set 1530,109,,,,530.00,900.00,20.00,0.00,0.00,0.00,599.00,NOS,NOS,NOS,1,0.000,1590.00,,,0.000,,,,,,5549,1,,
2927,P-2927,Om fashion kurti set 1540,109,,,,540.00,925.00,20.00,0.00,0.00,0.00,599.00,NOS,NOS,NOS,1,0.000,1620.00,,,0.000,,,,,,5548,1,,
3437,P-3437,OM Fashion kurti set 1605,76,,,,605.00,1050.00,20.00,0.00,0.00,0.00,699.00,NOS,NOS,NOS,1,0.000,1815.00,,,0.000,,,,,,6106,1,,
3436,P-3436,OM Fashion kurti set 1640,76,,,,640.00,1088.00,20.00,0.00,0.00,0.00,699.00,NOS,NOS,NOS,1,0.000,1920.00,,,0.000,,,,,,6101,1,,
3443,P-3443,OM Fashion kurti set 1665,76,,,,665.00,1150.00,20.00,0.00,0.00,0.00,699.00,NOS,NOS,NOS,1,0.000,1995.00,,,0.000,,,,,,6124,1,,
2924,P-2924,Om fashion kurti set 1715,109,,,,715.00,1225.00,20.00,0.00,0.00,0.00,799.00,NOS,NOS,NOS,1,0.000,2145.00,,,0.000,,,,,,5545,1,,
1466,P-1466,Om fashion kurti set 1740,64,,,,740.00,1275.00,20.00,0.00,0.00,0.00,799.00,NOS,NOS,NOS,1,0.000,2220.00,,,0.000,,,,,,4028,1,,
2925,P-2925,Om fashion kurti set 1780,109,,,,780.00,1350.00,20.00,0.00,0.00,0.00,799.00,NOS,NOS,NOS,1,0.000,2340.00,,,0.000,,,,,,5546,1,,
3444,P-3444,OM Fashion kurti set 1785,76,,,,785.00,1350.00,20.00,0.00,0.00,0.00,799.00,NOS,NOS,NOS,1,0.000,2355.00,,,0.000,,,,,,6125,1,,
2926,P-2926,Om fashion kurti set 1795,109,,,,795.00,1375.00,20.00,0.00,0.00,0.00,799.00,NOS,NOS,NOS,1,0.000,2385.00,,,0.000,,,,,,5547,1,,
3442,P-3442,OM Fashion kurti set 1830,76,,,,830.00,1425.00,20.00,0.00,0.00,0.00,899.00,NOS,NOS,NOS,1,0.000,2490.00,,,0.000,,,,,,6123,1,,
3439,P-3439,OM Fashion kurti set 1850,76,,,,850.00,1450.00,20.00,0.00,0.00,0.00,899.00,NOS,NOS,NOS,1,0.000,2550.00,,,0.000,,,,,,6120,1,,
2929,P-2929,Om fashion kurti set 1920,109,,,,920.00,1575.00,20.00,0.00,0.00,0.00,999.00,NOS,NOS,NOS,1,0.000,2760.00,,,0.000,,,,,,5550,1,,
3440,P-3440,OM Fashion kurti set 1950,76,,,,950.00,1625.00,20.00,0.00,0.00,0.00,990.00,NOS,NOS,NOS,1,0.000,2850.00,,,0.000,,,,,,6121,1,,
3453,P-3453,Om fashion ladies Co ord set 1840,76,,,,840.00,1450.00,20.00,0.00,0.00,0.00,899.00,NOS,NOS,NOS,1,0.000,2520.00,,,0.000,,,,,,6134,1,,
3454,P-3454,Om fashion ladies kurti 1110,56,,,,110.00,225.00,20.00,0.00,0.00,0.00,199.00,NOS,NOS,NOS,1,0.000,330.00,,,0.000,,,,,,6135,1,,
3455,P-3455,Om fashion ladies kurti 1130,56,,,,130.00,250.00,20.00,0.00,0.00,0.00,199.00,NOS,NOS,NOS,1,0.000,390.00,,,0.000,,,,,,6136,1,,
3449,P-3449,Om fashion ladies middy 1540,76,,,,540.00,925.00,20.00,0.00,0.00,0.00,599.00,NOS,NOS,NOS,1,0.000,1620.00,,,0.000,,,,,,6130,1,,
3450,P-3450,Om fashion ladies middy 1600,76,,,,600.00,1025.00,20.00,0.00,0.00,0.00,699.00,NOS,NOS,NOS,1,0.000,1800.00,,,0.000,,,,,,6131,1,,
3451,P-3451,Om fashion ladies middy 1660,76,,,,660.00,1125.00,20.00,0.00,0.00,0.00,699.00,NOS,NOS,NOS,1,0.000,1980.00,,,0.000,,,,,,6132,1,,
3452,P-3452,Om fashion ladies middy 1690,76,,,,690.00,1175.00,20.00,0.00,0.00,0.00,699.00,NOS,NOS,NOS,1,0.000,2070.00,,,0.000,,,,,,6133,1,,
819,P-0819,Om Fashion Ladies Pant 1345,29,,,,345.00,588.00,20.00,0.00,0.00,0.00,400.00,NOS,NOS,NOS,1,0.000,1035.00,,,0.000,,,,,,3267,1,,
821,P-0821,Om Fashion Ladies Pant 1360,29,,,,360.00,500.00,20.00,0.00,0.00,0.00,400.00,NOS,NOS,NOS,1,0.000,625.00,,,0.000,,,,,,3269,1,,
820,P-0820,Om Fashion Ladies Pant 1410,29,,,,410.00,700.00,20.00,0.00,0.00,0.00,450.00,NOS,NOS,NOS,1,0.000,1230.00,,,0.000,,,,,,3268,1,,
3473,P-3473,Om fashion Ladies Pants 1450,17,,,,450.00,800.00,20.00,0.00,0.00,0.00,499.00,NOS,NOS,NOS,1,0.000,1350.00,,,0.000,,,,,,6154,1,,
3472,P-3472,Om fashion Ladies Pants 1460,17,,,,460.00,800.00,20.00,0.00,0.00,0.00,499.00,NOS,NOS,NOS,1,0.000,1380.00,,,0.000,,,,,,6153,1,,
3456,P-3456,Om fashion ladies shirt 1285,27,,,,285.00,488.00,20.00,0.00,0.00,0.00,299.00,NOS,NOS,NOS,1,0.000,855.00,,,0.000,,,,,,6137,1,,
3457,P-3457,Om fashion ladies shirt 1310,27,,,,310.00,550.00,20.00,0.00,0.00,0.00,399.00,NOS,NOS,NOS,1,0.000,930.00,,,0.000,,,,,,6138,1,,
853,P-0853,Om fashion ladies top 1260,25,,,,260.00,360.00,20.00,0.00,0.00,0.00,300.00,NOS,NOS,NOS,1,0.000,450.00,,,0.000,,,,,,3301,1,,
1470,P-1470,Om Fashion Ladies Top 1265,25,,,,265.00,450.00,20.00,0.00,0.00,0.00,299.00,NOS,NOS,NOS,1,0.000,795.00,,,0.000,,,,,,4032,1,,
1469,P-1469,Om Fashion Ladies Top 1290,25,,,,290.00,500.00,20.00,0.00,0.00,0.00,299.00,NOS,NOS,NOS,1,0.000,870.00,,,0.000,,,,,,4031,1,,
854,P-0854,Om fashion ladies top 1305,25,,,,305.00,420.00,20.00,0.00,0.00,0.00,350.00,NOS,NOS,NOS,1,0.000,5250.00,,,0.000,,,,,,3302,1,,
3446,P-3446,OM Fashion Ladies Top 1310,76,,,,310.00,550.00,20.00,0.00,0.00,0.00,399.00,NOS,NOS,NOS,1,0.000,930.00,,,0.000,,,,,,6127,1,,
855,P-0855,Om fashion ladies top 1335,25,,,,335.00,460.00,20.00,0.00,0.00,0.00,350.00,NOS,NOS,NOS,1,0.000,575.00,,,0.000,,,,,,3303,1,,
3447,P-3447,OM Fashion Ladies Top 1340,76,,,,340.00,588.00,20.00,0.00,0.00,0.00,399.00,NOS,NOS,NOS,1,0.000,1020.00,,,0.000,,,,,,6128,1,,
856,P-0856,Om fashion ladies top 1345,25,,,,345.00,470.00,20.00,0.00,0.00,0.00,400.00,NOS,NOS,NOS,1,0.000,588.00,,,0.000,,,,,,3304,1,,
857,P-0857,Om fashion ladies top 1365,25,,,,365.00,625.00,20.00,0.00,0.00,0.00,400.00,NOS,NOS,NOS,1,0.000,1095.00,,,0.000,,,,,,3305,1,,
858,P-0858,Om fashion ladies top 1375,25,,,,375.00,520.00,20.00,0.00,0.00,0.00,400.00,NOS,NOS,NOS,1,0.000,650.00,,,0.000,,,,,,3306,1,,
848,P-0848,Om Fashion Ladies Top 1380,25,,,,380.00,520.00,20.00,0.00,0.00,0.00,400.00,NOS,NOS,NOS,1,0.000,650.00,,,0.000,,,,,,3296,1,,
859,P-0859,Om fashion ladies top 1415,25,,,,415.00,560.00,20.00,0.00,0.00,0.00,450.00,NOS,NOS,NOS,1,0.000,700.00,,,0.000,,,,,,3307,1,,
3448,P-3448,Om fashion ladies top 1430,76,,,,430.00,750.00,20.00,0.00,0.00,0.00,499.00,NOS,NOS,NOS,1,0.000,1290.00,,,0.000,,,,,,6129,1,,
849,P-0849,Om Fashion Ladies Top 1475,25,,,,475.00,815.00,20.00,0.00,0.00,0.00,500.00,NOS,NOS,NOS,1,0.000,1425.00,,,0.000,,,,,,3297,1,,
850,P-0850,Om fashion ladies top 1485,25,,,,485.00,660.00,20.00,0.00,0.00,0.00,500.00,NOS,NOS,NOS,1,0.000,825.00,,,0.000,,,,,,3298,1,,
851,P-0851,Om fashion ladies top 1505,25,,,,505.00,692.00,20.00,0.00,0.00,0.00,500.00,NOS,NOS,NOS,1,0.000,866.00,,,0.000,,,,,,3299,1,,
852,P-0852,Om fashion ladies top 1510,25,,,,510.00,700.00,20.00,0.00,0.00,0.00,500.00,NOS,NOS,NOS,1,0.000,875.00,,,0.000,,,,,,3300,1,,
3470,P-3470,Om fashion legging 1115,17,,,,115.00,225.00,20.00,0.00,0.00,0.00,139.00,NOS,NOS,NOS,1,0.000,345.00,,,0.000,,,,,,6151,1,,
3471,P-3471,Om fashion legging 1130,17,,,,130.00,250.00,20.00,0.00,0.00,0.00,139.00,NOS,NOS,NOS,1,0.000,390.00,,,0.000,,,,,,6152,1,,
2922,P-2922,Om Fashion Pants 1320,109,,,,320.00,550.00,20.00,0.00,0.00,0.00,399.00,NOS,NOS,NOS,1,0.000,960.00,,,0.000,,,,,,5543,1,,
2920,P-2920,Om fashion Pants 1395,16,,,,395.00,675.00,20.00,0.00,0.00,0.00,399.00,NOS,NOS,NOS,1,0.000,1185.00,,,0.000,,,,,,5541,1,,
2923,P-2923,Om Fashion Pants 1410,109,,,,410.00,700.00,20.00,0.00,0.00,0.00,499.00,NOS,NOS,NOS,1,0.000,1230.00,,,0.000,,,,,,5544,1,,
2954,P-2954,Om fashion Pants 1421,22,,,,421.00,750.00,20.00,0.00,0.00,0.00,499.00,NOS,NOS,NOS,1,0.000,2105.00,,,0.000,,,,,,5576,1,,
2921,P-2921,Om fashion Pants 1450,16,,,,450.00,775.00,20.00,0.00,0.00,0.00,499.00,NOS,NOS,NOS,1,0.000,1350.00,,,0.000,,,,,,5542,1,,
2955,P-2955,Om fashion Pants 1485,22,,,,485.00,825.00,20.00,0.00,0.00,0.00,499.00,NOS,NOS,NOS,1,0.000,1455.00,,,0.000,,,,,,5577,1,,
2909,P-2909,Om fashion shirts 1230,27,,,,230.00,400.00,20.00,0.00,0.00,0.00,259.00,NOS,NOS,NOS,1,0.000,690.00,,,0.000,,,,,,5530,1,,
2910,P-2910,Om fashion shirts 1245,27,,,,245.00,425.00,20.00,0.00,0.00,0.00,259.00,NOS,NOS,NOS,1,0.000,735.00,,,0.000,,,,,,5531,1,,
2908,P-2908,Om fashion shirts 1250,27,,,,250.00,425.00,20.00,0.00,0.00,0.00,259.00,NOS,NOS,NOS,1,0.000,750.00,,,0.000,,,,,,5528,1,,
2911,P-2911,Om fashion short kurti1305,27,,,,305.00,525.00,20.00,0.00,0.00,0.00,359.00,NOS,NOS,NOS,1,0.000,915.00,,,0.000,,,,,,5532,1,,
2915,P-2915,Om fashion T shirt 1200,27,,,,200.00,350.00,20.00,0.00,0.00,0.00,299.00,NOS,NOS,NOS,1,0.000,600.00,,,0.000,,,,,,5536,1,,
3487,P-3487,One go denims 1550,5,,,,550.00,950.00,20.00,0.00,0.00,0.00,599.00,NOS,NOS,NOS,1,0.000,1650.00,,,0.000,,,,,,6169,1,,
3479,P-3479,ONEGO JEANS 1500,5,,,,500.00,850.00,0.00,0.00,0.00,0.00,550.00,NOS,NOS,NOS,1,0.000,1500.00,mens conter,,0.000,,,,,,6160,1,,
1194,P-1194,ONE-TEN 1123,20,,,,123.00,180.00,20.00,0.00,0.00,0.00,159.00,NOS,NOS,NOS,1,0.000,225.00,,,0.000,,,,,,3644,1,,
1802,P-1802,Only brand 1177,19,,,,177.00,325.00,20.00,0.00,0.00,0.00,199.00,NOS,NOS,NOS,1,0.000,531.00,,,0.000,,,,,,4359,1,,
1622,P-1622,Only Brand 1185,19,,,,185.00,350.00,20.00,0.00,0.00,0.00,199.00,NOS,NOS,NOS,1,0.000,555.00,,,0.000,,,,,,4178,1,,
1621,P-1621,Only Brand 1197,19,,,,197.00,375.00,20.00,0.00,0.00,0.00,199.00,NOS,NOS,NOS,1,0.000,591.00,,,0.000,,,,,,4177,1,,
2630,P-2630,Original 1355,7,,,,355.00,625.00,20.00,0.00,0.00,0.00,399.00,NOS,NOS,NOS,1,0.000,1065.00,,,0.000,,,,,,5218,1,,
3375,P-3375,OT 1102,20,,,,102.00,200.00,20.00,0.00,0.00,0.00,129.00,NOS,NOS,NOS,1,0.000,306.00,,,0.000,,,,,,6056,1,,
1081,P-1081,OT 1128,20,,,,128.00,180.00,20.00,0.00,0.00,0.00,149.00,NOS,NOS,NOS,1,0.000,225.00,,,0.000,,,,,,3531,1,,
2842,P-2842,OT 1131,16,,,,131.00,250.00,20.00,0.00,0.00,0.00,159.00,NOS,NOS,NOS,1,0.000,393.00,,,0.000,,,,,,5463,1,,
1082,P-1082,OT 1133,20,,,,133.00,250.00,20.00,0.00,0.00,0.00,169.00,NOS,NOS,NOS,1,0.000,399.00,,,0.000,,,,,,3532,1,,
1051,P-1051,OT 1145,20,,,,145.00,220.00,0.00,0.00,0.00,0.00,149.00,NOS,NOS,NOS,1,0.000,275.00,,,0.000,,,,,,3501,1,,
1053,P-1053,OT 1148,20,,,,148.00,220.00,20.00,0.00,0.00,0.00,169.00,NOS,NOS,NOS,1,0.000,275.00,,,0.000,,,,,,3503,1,,
2251,P-2251,OT 1152,20,,,,152.00,275.00,20.00,0.00,0.00,0.00,199.00,NOS,NOS,NOS,1,0.000,456.00,,,0.000,,,,,,4836,1,,
1052,P-1052,OT 1165,20,,,,165.00,230.00,20.00,0.00,0.00,0.00,179.00,NOS,NOS,NOS,1,0.000,288.00,,,0.000,,,,,,3502,1,,
513,P-0513,Ot 1185,87,,,,185.00,350.00,20.00,0.00,0.00,0.00,200.00,NOS,NOS,NOS,1,0.000,555.00,,,0.000,,,,,,2582,1,,
2252,P-2252,OT 1189,20,,,,189.00,325.00,20.00,0.00,0.00,0.00,189.00,NOS,NOS,NOS,1,0.000,567.00,,,0.000,,,,,,4837,1,,
512,P-0512,Ot 1190,87,,,,190.00,270.00,0.00,0.00,0.00,0.00,200.00,NOS,NOS,NOS,1,0.000,340.00,,,0.000,,,,,,2581,1,,
2253,P-2253,OT 1192,20,,,,192.00,350.00,20.00,0.00,0.00,0.00,199.00,NOS,NOS,NOS,1,0.000,576.00,,,0.000,,,,,,4838,1,,
3387,P-3387,OT 1194,20,,,,194.00,350.00,20.00,0.00,0.00,0.00,199.00,NOS,NOS,NOS,1,0.000,582.00,,,0.000,,,,,,6067,1,,
511,P-0511,Ot 1195,87,,,,195.00,280.00,20.00,0.00,0.00,0.00,200.00,NOS,NOS,NOS,1,0.000,350.00,,,0.000,,,,,,2580,1,,
2249,P-2249,OT 1200,20,,,,200.00,350.00,20.00,0.00,0.00,0.00,259.00,NOS,NOS,NOS,1,0.000,600.00,,,0.000,,,,,,4834,1,,
1040,P-1040,OT 1205,20,,,,205.00,280.00,20.00,0.00,0.00,0.00,259.00,NOS,NOS,NOS,1,0.000,350.00,,,0.000,,,,,,3490,1,,
573,P-0573,Ot 1210,87,,,,210.00,290.00,0.00,0.00,0.00,0.00,250.00,NOS,NOS,NOS,1,0.000,368.00,,,0.000,,,,,,2642,1,,
436,P-0436,OT 1235,87,,,,235.00,320.00,0.00,0.00,0.00,0.00,299.00,NOS,NOS,NOS,1,0.000,400.00,,,0.000,,,,,,2500,1,,
560,P-0560,Ot 1240,87,,,,240.00,330.00,20.00,0.00,0.00,0.00,400.00,NOS,NOS,NOS,1,0.000,415.00,,,0.000,,,,,,2629,1,,
1966,P-1966,Ot 1250,16,,,,250.00,425.00,20.00,0.00,0.00,0.00,299.00,NOS,NOS,NOS,1,0.000,750.00,,,0.000,,,,,,4532,1,,
1039,P-1039,OT 1255,20,,,,255.00,360.00,0.00,0.00,0.00,0.00,299.00,NOS,NOS,NOS,1,0.000,450.00,,,0.000,,,,,,3489,1,,
435,P-0435,OT 1260,87,,,,260.00,360.00,20.00,0.00,0.00,0.00,299.00,NOS,NOS,NOS,1,0.000,450.00,,,0.000,,,,,,2499,1,,
551,P-0551,OT 1260-1,19,,,,260.00,360.00,0.00,0.00,0.00,0.00,299.00,NOS,NOS,NOS,1,0.000,450.00,,,0.000,,,,,,2620,1,,
3389,P-3389,OT 1263,20,,,,263.00,450.00,20.00,0.00,0.00,0.00,299.00,NOS,NOS,NOS,1,0.000,789.00,,,0.000,,,,,,6069,1,,
552,P-0552,Ot 1265,87,,,,265.00,450.00,20.00,0.00,0.00,0.00,300.00,NOS,NOS,NOS,1,0.000,795.00,,,0.000,,,,,,2621,1,,
434,P-0434,OT 1270,87,,,,270.00,380.00,20.00,0.00,0.00,0.00,299.00,NOS,NOS,NOS,1,0.000,475.00,,,0.000,,,,,,2498,1,,
2416,P-2416,OT 1289,20,,,,289.00,500.00,20.00,0.00,0.00,0.00,299.00,NOS,NOS,NOS,1,0.000,867.00,,,0.000,,,,,,5002,1,,
498,P-0498,OT 1290,87,,,,290.00,400.00,20.00,0.00,0.00,0.00,300.00,NOS,NOS,NOS,1,0.000,500.00,,,0.000,,,,,,2567,1,,
550,P-0550,OT 1290-1,19,,,,290.00,400.00,0.00,0.00,0.00,0.00,299.00,NOS,NOS,NOS,1,0.000,500.00,,,0.000,,,,,,2619,1,,
499,P-0499,OT 1300,87,,,,300.00,410.00,0.00,0.00,0.00,0.00,350.00,NOS,NOS,NOS,1,0.000,515.00,,,0.000,,,,,,2568,1,,
2023,P-2023,OT 1305,87,,,,305.00,525.00,20.00,0.00,0.00,0.00,399.00,NOS,NOS,NOS,1,0.000,915.00,,,0.000,,,,,,4607,1,,
2462,P-2462,OT 1322,52,,,,322.00,550.00,20.00,0.00,0.00,0.00,399.00,NOS,NOS,NOS,1,0.000,966.00,,,0.000,,,,,,5048,1,,
3362,P-3362,OT 1339,20,,,,339.00,588.00,20.00,0.00,0.00,0.00,399.00,NOS,NOS,NOS,1,0.000,1017.00,,,0.000,,,,,,6042,1,,
561,P-0561,Ot 260-1,87,,,,260.00,360.00,0.00,0.00,0.00,0.00,300.00,NOS,NOS,NOS,1,0.000,450.00,,,0.000,,,,,,2630,1,,
1656,P-1656,OT One-top 1175,56,,,,175.00,325.00,20.00,0.00,0.00,0.00,199.00,NOS,NOS,NOS,1,0.000,525.00,,,0.000,,,,,,4212,1,,
1610,P-1610,OT one-top 1190,19,,,,190.00,350.00,20.00,0.00,0.00,0.00,299.00,NOS,NOS,NOS,1,0.000,570.00,,,0.000,,,,,,4166,1,,
1657,P-1657,OT One-top 1195,56,,,,195.00,375.00,20.00,0.00,0.00,0.00,199.00,NOS,NOS,NOS,1,0.000,585.00,,,0.000,,,,,,4213,1,,
1658,P-1658,OT One-top 1200,19,,,,200.00,375.00,20.00,0.00,0.00,0.00,259.00,NOS,NOS,NOS,1,0.000,600.00,,,0.000,,,,,,4214,1,,
1700,P-1700,Ot one-top 1215,19,,,,215.00,388.00,20.00,0.00,0.00,0.00,299.00,NOS,NOS,NOS,1,0.000,645.00,,,0.000,,,,,,4256,1,,
1699,P-1699,OT One-top 1220,19,,,,220.00,388.00,20.00,0.00,0.00,0.00,299.00,NOS,NOS,NOS,1,0.000,660.00,,,0.000,,,,,,4255,1,,
1797,P-1797,OT one-top 1240,97,,,,240.00,450.00,20.00,0.00,0.00,0.00,299.00,NOS,NOS,NOS,1,0.000,720.00,,,0.000,,,,,,4354,1,,
220,P-0220,OT -Top,26,gbb,,,120.00,200.00,20.00,0.00,0.00,0.00,149.00,NOS,NOS,NOS,1,0.000,250.00,,,6.000,,,,L,,1620,1,,
220,P-0220,OT -Top,26,gbb,,,120.00,200.00,20.00,0.00,0.00,0.00,149.00,NOS,NOS,NOS,1,0.000,250.00,,,4.000,,,,XL,,1621,1,,
220,P-0220,OT -Top,26,gbb,,,120.00,200.00,20.00,0.00,0.00,0.00,149.00,NOS,NOS,NOS,1,0.000,250.00,,,6.000,,,,M,,1622,1,,
220,P-0220,OT -Top,26,gbb,,,120.00,200.00,20.00,0.00,0.00,0.00,149.00,NOS,NOS,NOS,1,0.000,250.00,,,8.000,,,,24-28,,1623,1,,
220,P-0220,OT -Top,26,gbb,,,120.00,200.00,20.00,0.00,0.00,0.00,149.00,NOS,NOS,NOS,1,0.000,250.00,,,3.000,,,,30-34,,1624,1,,
222,P-0222,OT -Top P/71501,52,gbb,,,105.00,160.00,20.00,0.00,0.00,0.00,139.00,NOS,NOS,NOS,1,0.000,200.00,,,9.000,,,,,,1627,1,,
103,P-0103,OT top S/20213,20,gbb,,,105.00,200.00,20.00,0.00,0.00,0.00,188.00,NOS,NOS,NOS,1,0.000,250.00,Boy's counter,,3.000,,,,,,1244,1,,
184,P-0184,OT -Top W/20253 1115,19,gbb,,,1115.00,176.00,20.00,0.00,0.00,0.00,109.00,NOS,NOS,NOS,1,0.000,220.00,Boy's counter,,3.000,,,,,,1399,1,,
185,P-0185,OT -Top W/40164 1150,19,gbb,,,150.00,220.00,0.00,0.00,0.00,0.00,149.00,NOS,NOS,NOS,1,0.000,275.00,Boy's counter,,2.000,,,,,,1400,1,,
83,P-0083,Ot top w/4097,19,,,,145.00,220.00,0.00,0.00,0.00,0.00,150.00,NOS,NOS,NOS,1,0.000,275.00,,,3.000,,,,20,,1016,1,,
2113,P-2113,OTI Cargo 1320,93,,,,320.00,550.00,20.00,0.00,0.00,0.00,379.00,NOS,NOS,NOS,1,0.000,960.00,,,0.000,,,,,,4698,1,,
1480,P-1480,OTI JEANS 1499,5,,,,499.00,8489.00,20.00,0.00,0.00,0.00,510.00,NOS,NOS,NOS,1,0.000,1497.00,,,0.000,,,,,,4444,1,,
1481,P-1481,OTI JEANS 1535,5,,,,535.00,915.00,20.00,0.00,0.00,0.00,545.00,NOS,NOS,NOS,1,0.000,1605.00,,,0.000,,,,,,4041,1,,
1482,P-1482,OTI JEANS 1545,5,,,,545.00,950.00,20.00,0.00,0.00,0.00,560.00,NOS,NOS,NOS,1,0.000,1635.00,,,0.000,,,,,,4042,1,,
1479,P-1479,OTI JEANS 1585,5,,,,585.00,1000.00,20.00,0.00,0.00,0.00,590.00,NOS,NOS,NOS,1,0.000,1755.00,,,0.000,,,,,,4438,1,,
2109,P-2109,OTI Jeans 1675,5,,,,675.00,1150.00,20.00,0.00,0.00,0.00,699.00,NOS,NOS,NOS,1,0.000,2025.00,,,0.000,,,,,,4694,1,,
2108,P-2108,OTI Jeans 1685,5,,,,685.00,1175.00,20.00,0.00,0.00,0.00,699.00,NOS,NOS,NOS,1,0.000,2055.00,,,0.000,,,,,,4693,1,,
2110,P-2110,OTI Jeans 1765,5,,,,765.00,1300.00,20.00,0.00,0.00,0.00,799.00,NOS,NOS,NOS,1,0.000,2295.00,,,0.000,,,,,,4695,1,,
2111,P-2111,OTI Jeans 1855,5,,,,855.00,1450.00,20.00,0.00,0.00,0.00,899.00,NOS,NOS,NOS,1,0.000,2565.00,,,0.000,,,,,,4696,1,,
1483,P-1483,OTI JENS 1499,5,,,,499.00,875.00,20.00,0.00,0.00,0.00,515.00,NOS,NOS,NOS,1,0.000,1497.00,,,0.000,,,,,,4443,1,,
2112,P-2112,OTI Shorts 1169,93,,,,169.00,300.00,20.00,0.00,0.00,0.00,179.00,NOS,NOS,NOS,1,0.000,507.00,,,0.000,,,,,,4697,1,,
1402,P-1402,Out look 1180,7,,,,180.00,325.00,20.00,0.00,0.00,0.00,199.00,NOS,NOS,NOS,1,0.000,540.00,,,0.000,,,,,,3858,1,,
1193,P-1193,OUT LOOK 1255,16,,,,255.00,360.00,20.00,0.00,0.00,0.00,299.00,NOS,NOS,NOS,1,0.000,450.00,,,0.000,,,,,,3643,1,,
2287,P-2287,Outlook 1160,20,,,,160.00,288.00,20.00,0.00,0.00,0.00,149.00,NOS,NOS,NOS,1,0.000,480.00,,,0.000,,,,,,4872,1,,
1776,P-1776,Outlook 1190,4,,,,190.00,350.00,20.00,0.00,0.00,0.00,199.00,NOS,NOS,NOS,1,0.000,570.00,,,0.000,,,,,,4332,1,,
547,P-0547,Outlook 1195,83,,,,195.00,270.00,20.00,0.00,0.00,0.00,200.00,NOS,NOS,NOS,1,0.000,338.00,,,0.000,,,,,,2616,1,,
1168,P-1168,Outlook 1205,16,,,,205.00,450.00,20.00,0.00,0.00,0.00,299.00,NOS,NOS,NOS,1,0.000,615.00,,,0.000,,,,,,3618,1,,
549,P-0549,Outlook 1210,83,,,,210.00,363.00,20.00,0.00,0.00,0.00,259.00,NOS,NOS,NOS,1,0.000,630.00,,,0.000,,,,,,2618,1,,
548,P-0548,Outlook 1215,83,,,,215.00,300.00,20.00,0.00,0.00,0.00,299.00,NOS,NOS,NOS,1,0.000,375.00,,,0.000,,,,,,2617,1,,
1788,P-1788,Outlook 1220,56,,,,220.00,400.00,20.00,0.00,0.00,0.00,299.00,NOS,NOS,NOS,1,0.000,660.00,,,0.000,,,,,,4344,1,,
1783,P-1783,Outlook 1225,56,,,,225.00,400.00,20.00,0.00,0.00,0.00,299.00,NOS,NOS,NOS,1,0.000,675.00,,,0.000,,,,,,4339,1,,
645,P-0645,Outlook 1230,91,,,,230.00,400.00,20.00,0.00,0.00,0.00,299.00,NOS,NOS,NOS,1,0.000,690.00,,,0.000,,,,,,2714,1,,
1784,P-1784,Outlook 1240,56,,,,240.00,425.00,20.00,0.00,0.00,0.00,299.00,NOS,NOS,NOS,1,0.000,720.00,,,0.000,,,,,,4350,1,,
1186,P-1186,OUTLOOK 1255,16,,,,255.00,360.00,20.00,0.00,0.00,0.00,299.00,NOS,NOS,NOS,1,0.000,450.00,,,0.000,,,,,,3636,1,,
1925,P-1925,outlook 1315,87,,,,315.00,550.00,20.00,0.00,0.00,0.00,399.00,NOS,NOS,NOS,1,0.000,945.00,,,0.000,,,,,,4489,1,,
1924,P-1924,Outlook 1335,87,,,,335.00,588.00,20.00,0.00,0.00,0.00,399.00,NOS,NOS,NOS,1,0.000,1005.00,,,0.000,,,,,,4488,1,,
1787,P-1787,Outlook 1350,56,,,,350.00,600.00,20.00,0.00,0.00,0.00,399.00,NOS,NOS,NOS,1,0.000,1050.00,,,0.000,,,,,,4343,1,,
1982,P-1982,Outlook 1405,87,,,,405.00,688.00,20.00,0.00,0.00,0.00,499.00,NOS,NOS,NOS,1,0.000,1215.00,,,0.000,,,,,,4548,1,,
1926,P-1926,outlook 1430,87,,,,430.00,750.00,20.00,0.00,0.00,0.00,499.00,NOS,NOS,NOS,1,0.000,1290.00,,,0.000,,,,,,4490,1,,
1917,P-1917,OutLook 1445,23,,,,445.00,750.00,20.00,0.00,0.00,0.00,499.00,NOS,NOS,NOS,1,0.000,1335.00,,,0.000,,,,,,4479,1,,
3297,P-3297,Oye Boy 1437,33,,,,437.00,750.00,20.00,0.00,0.00,0.00,499.00,NOS,NOS,NOS,1,0.000,1311.00,,,0.000,,,,,,5964,1,,
1232,P-1232,P kids 1399,20,,,,399.00,560.00,20.00,0.00,0.00,0.00,459.00,NOS,NOS,NOS,1,0.000,700.00,,,0.000,,,,,,3682,1,,
1118,P-1118,P kids 1404,33,,,,404.00,560.00,20.00,0.00,0.00,0.00,450.00,NOS,NOS,NOS,1,0.000,700.00,,,0.000,,,,,,3568,1,,
3296,P-3296,P kids 1406,63,,,,406.00,700.00,20.00,0.00,0.00,0.00,499.00,NOS,NOS,NOS,1,0.000,1218.00,,,0.000,,,,,,5963,1,,
946,P-0946,P kids 1419,20,,,,419.00,580.00,20.00,0.00,0.00,0.00,499.00,NOS,NOS,NOS,1,0.000,725.00,,,0.000,,,,,,3396,1,,
962,P-0962,P kids 1444,20,,,,444.00,610.00,20.00,0.00,0.00,0.00,499.00,NOS,NOS,NOS,1,0.000,763.00,,,0.000,,,,,,3412,1,,
1116,P-1116,P kids 1458,33,,,,458.00,640.00,20.00,0.00,0.00,0.00,500.00,NOS,NOS,NOS,1,0.000,800.00,,,0.000,,,,,,3566,1,,
1113,P-1113,P kids 1463,33,,,,463.00,640.00,20.00,0.00,0.00,0.00,500.00,NOS,NOS,NOS,1,0.000,800.00,,,0.000,,,,,,3563,1,,
2283,P-2283,P P 1175,20,,,,175.00,300.00,20.00,0.00,0.00,0.00,199.00,NOS,NOS,NOS,1,0.000,525.00,,,0.000,,,,,,4868,1,,
2274,P-2274,P P 1185,20,,,,185.00,325.00,20.00,0.00,0.00,0.00,195.00,NOS,NOS,NOS,1,0.000,555.00,,,0.000,,,,,,4859,1,,
2284,P-2284,P P 1190,20,,,,190.00,325.00,20.00,0.00,0.00,0.00,199.00,NOS,NOS,NOS,1,0.000,570.00,,,0.000,,,,,,4869,1,,
2840,P-2840,P P 1215,16,,,,215.00,375.00,20.00,0.00,0.00,0.00,299.00,NOS,NOS,NOS,1,0.000,645.00,,,0.000,,,,,,5461,1,,
2841,P-2841,P P 1230,16,,,,230.00,400.00,20.00,0.00,0.00,0.00,299.00,NOS,NOS,NOS,1,0.000,690.00,,,0.000,,,,,,5462,1,,
1201,P-1201,P. KIDS 1422,20,,,,422.00,600.00,20.00,0.00,0.00,0.00,499.00,NOS,NOS,NOS,1,0.000,750.00,,,0.000,,,,,,3651,1,,
1231,P-1231,P. kids 1481,20,,,,481.00,660.00,20.00,0.00,0.00,0.00,499.00,NOS,NOS,NOS,1,0.000,825.00,,,0.000,,,,,,3681,1,,
1181,P-1181,P.P. 1148,20,,,,148.00,220.00,20.00,0.00,0.00,0.00,169.00,NOS,NOS,NOS,1,0.000,275.00,,,0.000,,,,,,3631,1,,
1180,P-1180,P.P.1158,20,,,,158.00,230.00,20.00,0.00,0.00,0.00,169.00,NOS,NOS,NOS,1,0.000,288.00,,,0.000,,,,,,3630,1,,
174,P-0174,P/J set,39,gbb,,,440.00,600.00,20.00,0.00,0.00,0.00,499.00,NOS,NOS,NOS,1,0.000,750.00,,,3.000,,,,M,,1355,1,,
174,P-0174,P/J set,39,gbb,,,440.00,600.00,20.00,0.00,0.00,0.00,499.00,NOS,NOS,NOS,1,0.000,750.00,,,5.000,,,,XXL,,1356,1,,
174,P-0174,P/J set,39,gbb,,,440.00,600.00,20.00,0.00,0.00,0.00,499.00,NOS,NOS,NOS,1,0.000,750.00,,,3.000,,,,XL,,1357,1,,
174,P-0174,P/J set,39,gbb,,,440.00,600.00,20.00,0.00,0.00,0.00,499.00,NOS,NOS,NOS,1,0.000,750.00,,,3.000,,,,M,,1358,1,,
174,P-0174,P/J set,39,gbb,,,440.00,600.00,20.00,0.00,0.00,0.00,499.00,NOS,NOS,NOS,1,0.000,750.00,,,6.000,,,,L,,1359,1,,
174,P-0174,P/J set,39,gbb,,,440.00,600.00,20.00,0.00,0.00,0.00,499.00,NOS,NOS,NOS,1,0.000,750.00,,,4.000,,,,L,,1360,1,,
174,P-0174,P/J set,39,gbb,,,440.00,600.00,20.00,0.00,0.00,0.00,499.00,NOS,NOS,NOS,1,0.000,750.00,,,7.000,,,,XXL,,1361,1,,
754,P-0754,Pants 1120,109,,,,120.00,315.00,20.00,0.00,0.00,0.00,199.00,NOS,NOS,NOS,1,0.000,390.00,,,0.000,,,,,,3159,1,,
754,P-0754,Pants 1120,109,,,,120.00,315.00,20.00,0.00,0.00,0.00,199.00,NOS,NOS,NOS,1,0.000,390.00,,,0.000,,,,,,3160,1,,
3085,P-3085,Papa & princess 1395,63,,,,395.00,675.00,20.00,0.00,0.00,0.00,399.00,NOS,NOS,NOS,1,0.000,1185.00,,,0.000,,,,,,5754,1,,
3084,P-3084,Papa & princess 1401,63,,,,401.00,688.00,20.00,0.00,0.00,0.00,499.00,NOS,NOS,NOS,1,0.000,1203.00,,,0.000,,,,,,5755,1,,
2549,P-2549,Papa & Princess 1420,60,,,,420.00,725.00,20.00,0.00,0.00,0.00,499.00,NOS,NOS,NOS,1,0.000,1260.00,,,0.000,,,,,,5136,1,,
2548,P-2548,Papa & princess 1460,60,,,,460.00,788.00,20.00,0.00,0.00,0.00,499.00,NOS,NOS,NOS,1,0.000,1380.00,,,0.000,,,,,,5135,1,,
3086,P-3086,Papa & princess 1466,63,,,,466.00,800.00,20.00,0.00,0.00,0.00,499.00,NOS,NOS,NOS,1,0.000,1398.00,,,0.000,,,,,,5753,1,,
323,P-0323,Pearl panty plain,74,,,,37.80,79.00,20.00,0.00,0.00,0.00,49.00,NOS,NOS,NOS,1,0.000,79.00,,,3.000,,,,80,,1997,1,,
323,P-0323,Pearl panty plain,74,,,,37.80,79.00,20.00,0.00,0.00,0.00,49.00,NOS,NOS,NOS,1,0.000,79.00,,,17.000,,,,85,,1998,1,,
323,P-0323,Pearl panty plain,74,,,,37.80,79.00,20.00,0.00,0.00,0.00,49.00,NOS,NOS,NOS,1,0.000,79.00,,,18.000,,,,90,,1999,1,,
323,P-0323,Pearl panty plain,74,,,,37.80,79.00,20.00,0.00,0.00,0.00,49.00,NOS,NOS,NOS,1,0.000,79.00,,,2.000,,,,95,,2000,1,,
323,P-0323,Pearl panty plain,74,,,,37.80,79.00,20.00,0.00,0.00,0.00,49.00,NOS,NOS,NOS,1,0.000,79.00,,,17.000,,,,100,,2001,1,,
324,P-0324,Pearl panty Printed,74,,,,53.00,79.00,0.00,0.00,0.00,0.00,59.00,NOS,NOS,NOS,1,0.000,95.00,,,2.000,,,,80,,2002,1,,
324,P-0324,Pearl panty Printed,74,,,,53.00,79.00,0.00,0.00,0.00,0.00,59.00,NOS,NOS,NOS,1,0.000,95.00,,,11.000,,,,85,,2003,1,,
324,P-0324,Pearl panty Printed,74,,,,53.00,79.00,0.00,0.00,0.00,0.00,59.00,NOS,NOS,NOS,1,0.000,95.00,,,8.000,,,,90,,2004,1,,
324,P-0324,Pearl panty Printed,74,,,,53.00,79.00,0.00,0.00,0.00,0.00,59.00,NOS,NOS,NOS,1,0.000,95.00,,,6.000,,,,95,,2005,1,,
324,P-0324,Pearl panty Printed,74,,,,53.00,79.00,0.00,0.00,0.00,0.00,59.00,NOS,NOS,NOS,1,0.000,95.00,,,8.000,,,,100,,2006,1,,
876,P-0876,Peebros 1572,60,,,,572.00,800.00,20.00,0.00,0.00,0.00,599.00,NOS,NOS,NOS,1,0.000,999.00,,,0.000,,,,,,3324,1,,
876,P-0876,Peebros 1572,60,,,,572.00,800.00,20.00,0.00,0.00,0.00,599.00,NOS,NOS,NOS,1,0.000,999.00,,,0.000,,,,,,3325,1,,
1032,P-1032,Perfect Girl 1360,60,,,,360.00,520.00,20.00,0.00,0.00,0.00,399.00,NOS,NOS,NOS,1,0.000,650.00,,,0.000,,,,,,3482,1,,
1035,P-1035,Perfect Girl 1389,60,,,,389.00,560.00,20.00,0.00,0.00,0.00,399.00,NOS,NOS,NOS,1,0.000,700.00,,,0.000,,,,,,3485,1,,
1034,P-1034,Perfect Girl 1407,60,,,,407.00,725.00,20.00,0.00,0.00,0.00,499.00,NOS,NOS,NOS,1,0.000,1221.00,,,0.000,,,,,,3484,1,,
3588,P-3588,Perfect Girl 1413,60,,,,413.00,725.00,20.00,0.00,0.00,0.00,499.00,NOS,NOS,NOS,1,0.000,1239.00,,,0.000,,,,,,6272,1,,
1036,P-1036,Perfect Girl 1437,60,,,,437.00,630.00,20.00,0.00,0.00,0.00,499.00,NOS,NOS,NOS,1,0.000,788.00,,,0.000,,,,,,3486,1,,
2513,P-2513,Perfect girl 1466,60,,,,466.00,800.00,20.00,0.00,0.00,0.00,499.00,NOS,NOS,NOS,1,0.000,1398.00,,,0.000,,,,,,5099,1,,
3589,P-3589,Perfect Girl 1472,60,,,,472.00,825.00,20.00,0.00,0.00,0.00,499.00,NOS,NOS,NOS,1,0.000,1416.00,,,0.000,,,,,,6273,1,,
1033,P-1033,Perfect Girl 1496,60,,,,496.00,710.00,20.00,0.00,0.00,0.00,499.00,NOS,NOS,NOS,1,0.000,888.00,,,0.000,,,,,,3483,1,,
3590,P-3590,Perfect girl 1501,56,,,,501.00,875.00,20.00,0.00,0.00,0.00,599.00,NOS,NOS,NOS,1,0.000,1503.00,,,0.000,,,,,,6274,1,,
3152,P-3152,Perfect girl 1571,60,,,,571.00,1000.00,20.00,0.00,0.00,0.00,599.00,NOS,NOS,NOS,1,0.000,1713.00,,,0.000,,,,,,5813,1,,
3095,P-3095,Perfect girl 1630,63,,,,630.00,1075.00,20.00,0.00,0.00,0.00,699.00,NOS,NOS,NOS,1,0.000,1890.00,,,0.000,,,,,,5744,1,,
2891,P-2891,Perfect Girl 1667,56,,,,667.00,1150.00,20.00,0.00,0.00,0.00,699.00,NOS,NOS,NOS,1,0.000,2001.00,,,0.000,,,,,,5513,1,,
3121,P-3121,perfect girl 1673,141,,,,673.00,1150.00,20.00,0.00,0.00,0.00,699.00,NOS,NOS,NOS,1,0.000,2019.00,,,0.000,,,,,,5718,1,,
3096,P-3096,Perfect girl 1701,63,,,,701.00,1200.00,20.00,0.00,0.00,0.00,799.00,NOS,NOS,NOS,1,0.000,2103.00,,,0.000,,,,,,5743,1,,
3122,P-3122,Perfect girl 1702,141,,,,702.00,1200.00,20.00,0.00,0.00,0.00,799.00,NOS,NOS,NOS,1,0.000,2106.00,,,0.000,,,,,,5717,1,,
3151,P-3151,Perfect girl 1714,60,,,,714.00,1225.00,20.00,0.00,0.00,0.00,799.00,NOS,NOS,NOS,1,0.000,2142.00,,,0.000,,,,,,5812,1,,
387,P-0387,Perfect Girl 4408,63,,,,643.00,880.00,0.00,0.00,0.00,0.00,699.00,NOS,NOS,NOS,1,0.000,1100.00,,,0.000,,,,24-28,,2264,1,,
1563,P-1563,Perfect girls 1566,56,,,,566.00,1000.00,20.00,0.00,0.00,0.00,599.00,NOS,NOS,NOS,1,0.000,1698.00,,,0.000,,,,,,4117,1,,
1564,P-1564,Perfect girls 1625,56,,,,625.00,1115.00,20.00,0.00,0.00,0.00,699.00,NOS,NOS,NOS,1,0.000,1875.00,,,0.000,,,,,,4118,1,,
3150,P-3150,Perferct girl 1702,60,,,,702.00,1200.00,20.00,0.00,0.00,0.00,799.00,NOS,NOS,NOS,1,0.000,2106.00,,,0.000,,,,,,5811,1,,
2458,P-2458,Perkins 1155,20,,,,155.00,275.00,20.00,0.00,0.00,0.00,199.00,NOS,NOS,NOS,1,0.000,465.00,,,0.000,,,,,,5044,1,,
3223,P-3223,Perkins prime 1129,16,,,,129.00,250.00,20.00,0.00,0.00,0.00,159.00,NOS,NOS,NOS,1,0.000,387.00,,,0.000,,,,,,5888,1,,
3221,P-3221,Perkins prime 1165,16,,,,165.00,300.00,20.00,0.00,0.00,0.00,199.00,NOS,NOS,NOS,1,0.000,495.00,,,0.000,,,,,,5882,1,,
3262,P-3262,Perkins Prime 1184,18,,,,184.00,325.00,20.00,0.00,0.00,0.00,199.00,NOS,NOS,NOS,1,0.000,552.00,,,0.000,,,,,,5929,1,,
3217,P-3217,Perkins prime 1226,39,,,,226.00,400.00,20.00,0.00,0.00,0.00,299.00,NOS,NOS,NOS,1,0.000,678.00,,,0.000,,,,,,5878,1,,
1665,P-1665,Piggy Bank 1280,19,,,,280.00,500.00,20.00,0.00,0.00,0.00,299.00,NOS,NOS,NOS,1,0.000,840.00,,,0.000,,,,,,4221,1,,
509,P-0509,Piggybank 1665,87,,,,665.00,900.00,0.00,0.00,0.00,0.00,650.00,NOS,NOS,NOS,1,0.000,1099.00,,,0.000,,,,,,2578,1,,
3174,P-3174,Ping pong 1195,60,,,,195.00,350.00,20.00,0.00,0.00,0.00,199.00,NOS,NOS,NOS,1,0.000,585.00,,,0.000,,,,,,5835,1,,
3143,P-3143,Ping Pong 1218,60,,,,218.00,375.00,20.00,0.00,0.00,0.00,299.00,NOS,NOS,NOS,1,0.000,654.00,,,0.000,,,,,,5804,1,,
3170,P-3170,Ping Pong 1230,60,,,,230.00,400.00,20.00,0.00,0.00,0.00,299.00,NOS,NOS,NOS,1,0.000,690.00,,,0.000,,,,,,5831,1,,
3147,P-3147,Ping Pong 1236,60,,,,236.00,425.00,20.00,0.00,0.00,0.00,299.00,NOS,NOS,NOS,1,0.000,708.00,,,0.000,,,,,,5808,1,,
3149,P-3149,Ping Pong 1242,60,,,,242.00,425.00,20.00,0.00,0.00,0.00,299.00,NOS,NOS,NOS,1,0.000,726.00,,,0.000,,,,,,5810,1,,
3166,P-3166,Ping Pong 1248,60,,,,248.00,425.00,20.00,0.00,0.00,0.00,299.00,NOS,NOS,NOS,1,0.000,744.00,,,0.000,,,,,,5827,1,,
3173,P-3173,Ping Pong 1260,60,,,,260.00,450.00,20.00,0.00,0.00,0.00,299.00,NOS,NOS,NOS,1,0.000,780.00,,,0.000,,,,,,5834,1,,
3145,P-3145,Ping Pong 1271,60,,,,271.00,475.00,20.00,0.00,0.00,0.00,299.00,NOS,NOS,NOS,1,0.000,813.00,,,0.000,,,,,,5806,1,,
3144,P-3144,Ping Pong 1283,60,,,,283.00,488.00,20.00,0.00,0.00,0.00,299.00,NOS,NOS,NOS,1,0.000,849.00,,,0.000,,,,,,5805,1,,
3171,P-3171,Ping Pong 1289,60,,,,289.00,500.00,20.00,0.00,0.00,0.00,299.00,NOS,NOS,NOS,1,0.000,867.00,,,0.000,,,,,,5832,1,,
3172,P-3172,Ping Pong 1301,60,,,,301.00,525.00,20.00,0.00,0.00,0.00,399.00,NOS,NOS,NOS,1,0.000,903.00,,,0.000,,,,,,5833,1,,
3146,P-3146,Ping Pong 1319,60,,,,319.00,550.00,20.00,0.00,0.00,0.00,399.00,NOS,NOS,NOS,1,0.000,957.00,,,0.000,,,,,,5807,1,,
3167,P-3167,Ping Pong 1330,60,,,,330.00,575.00,20.00,0.00,0.00,0.00,399.00,NOS,NOS,NOS,1,0.000,990.00,,,0.000,,,,,,5828,1,,
3169,P-3169,Ping Pong 1336,60,,,,336.00,575.00,20.00,0.00,0.00,0.00,399.00,NOS,NOS,NOS,1,0.000,1008.00,,,0.000,,,,,,5830,1,,
3148,P-3148,Ping Pong 1384,60,,,,384.00,675.00,20.00,0.00,0.00,0.00,399.00,NOS,NOS,NOS,1,0.000,1152.00,,,0.000,,,,,,5809,1,,
3168,P-3168,Ping Pong 1425,60,,,,425.00,725.00,20.00,0.00,0.00,0.00,499.00,NOS,NOS,NOS,1,0.000,1275.00,,,0.000,,,,,,5829,1,,
3175,P-3175,Ping pong 1431,60,,,,431.00,750.00,20.00,0.00,0.00,0.00,499.00,NOS,NOS,NOS,1,0.000,1293.00,,,0.000,,,,,,5836,1,,
2494,P-2494,PingPong 1177,60,,,,177.00,300.00,20.00,0.00,0.00,0.00,199.00,NOS,NOS,NOS,1,0.000,531.00,,,0.000,,,,,,5080,1,,
2495,P-2495,PingPong 1191,60,,,,191.00,325.00,20.00,0.00,0.00,0.00,199.00,NOS,NOS,NOS,1,0.000,575.00,,,0.000,,,,,,5081,1,,
2497,P-2497,PingPong 1220,60,,,,220.00,375.00,20.00,0.00,0.00,0.00,299.00,NOS,NOS,NOS,1,0.000,660.00,,,0.000,,,,,,5083,1,,
2488,P-2488,PingPong 1224,60,,,,224.00,400.00,20.00,0.00,0.00,0.00,299.00,NOS,NOS,NOS,1,0.000,672.00,,,0.000,,,,,,5074,1,,
2493,P-2493,PingPong 1242,60,,,,242.00,425.00,20.00,0.00,0.00,0.00,299.00,NOS,NOS,NOS,1,0.000,726.00,,,0.000,,,,,,5079,1,,
2490,P-2490,PingPong 1249,60,,,,249.00,450.00,20.00,0.00,0.00,0.00,299.00,NOS,NOS,NOS,1,0.000,747.00,,,0.000,,,,,,5076,1,,
1525,P-1525,PingPong 1254,56,,,,254.00,475.00,20.00,0.00,0.00,0.00,299.00,NOS,NOS,NOS,1,0.000,762.00,,,0.000,,,,,,4079,1,,
2489,P-2489,PingPong 1260,60,,,,260.00,450.00,20.00,0.00,0.00,0.00,299.00,NOS,NOS,NOS,1,0.000,780.00,,,0.000,,,,,,5075,1,,
1526,P-1526,PingPong 1266,56,,,,266.00,488.00,20.00,0.00,0.00,0.00,299.00,NOS,NOS,NOS,1,0.000,798.00,,,0.000,,,,,,4080,1,,
1524,P-1524,PingPong 1283,56,,,,283.00,515.00,20.00,0.00,0.00,0.00,299.00,NOS,NOS,NOS,1,0.000,849.00,,,0.000,,,,,,4078,1,,
2510,P-2510,Pingpong 1307,60,,,,307.00,525.00,20.00,0.00,0.00,0.00,399.00,NOS,NOS,NOS,1,0.000,921.00,,,0.000,,,,,,5096,1,,
2498,P-2498,Pingpong 1313,60,,,,313.00,550.00,20.00,0.00,0.00,0.00,399.00,NOS,NOS,NOS,1,0.000,939.00,,,0.000,,,,,,5084,1,,
1511,P-1511,PingPong 1431,56,,,,431.00,775.00,20.00,0.00,0.00,0.00,499.00,NOS,NOS,NOS,1,0.000,1293.00,,,0.000,,,,,,4065,1,,
1720,P-1720,Pink castle 11005,56,,,,1005.00,1788.00,20.00,0.00,0.00,0.00,1009.00,NOS,NOS,NOS,1,0.000,3015.00,,,0.000,,,,,,4276,1,,
2878,P-2878,Pink castle 11085,56,,,,1085.00,1850.00,20.00,0.00,0.00,0.00,1099.00,NOS,NOS,NOS,1,0.000,3255.00,,,0.000,,,,,,5500,1,,
2884,P-2884,Pink castle 1555,56,,,,555.00,950.00,20.00,0.00,0.00,0.00,599.00,NOS,NOS,NOS,1,0.000,1665.00,,,0.000,,,,,,5506,1,,
1718,P-1718,Pink castle 1655,56,,,,655.00,1150.00,20.00,0.00,0.00,0.00,699.00,NOS,NOS,NOS,1,0.000,1965.00,,,0.000,,,,,,4274,1,,
1719,P-1719,Pink castle 1755,56,,,,755.00,1350.00,20.00,0.00,0.00,0.00,799.00,NOS,NOS,NOS,1,0.000,2265.00,,,0.000,,,,,,4275,1,,
2876,P-2876,Pink castle 1805,56,,,,805.00,1375.00,20.00,0.00,0.00,0.00,899.00,NOS,NOS,NOS,1,0.000,2415.00,,,0.000,,,,,,5498,1,,
1726,P-1726,Pink castle 1855,56,,,,855.00,1525.00,20.00,0.00,0.00,0.00,899.00,NOS,NOS,NOS,1,0.000,2565.00,,,0.000,,,,,,4282,1,,
1711,P-1711,Pink castle 1885,56,,,,885.00,1575.00,20.00,0.00,0.00,0.00,899.00,NOS,NOS,NOS,1,0.000,2655.00,,,0.000,,,,,,4267,1,,
2870,P-2870,Pink castle 1905,63,,,,905.00,1538.00,20.00,0.00,0.00,0.00,999.00,NOS,NOS,NOS,1,0.000,2715.00,,,0.000,,,,,,5492,1,,
2877,P-2877,Pink castle 1955,56,,,,955.00,1625.00,20.00,0.00,0.00,0.00,999.00,NOS,NOS,NOS,1,0.000,2865.00,,,0.000,,,,,,5499,1,,
1721,P-1721,Pink castle 1985,56,,,,985.00,1750.00,20.00,0.00,0.00,0.00,999.00,NOS,NOS,NOS,1,0.000,2955.00,,,0.000,,,,,,4277,1,,
2166,P-2166,Pink Derby 1655,60,,,,655.00,1125.00,20.00,0.00,0.00,0.00,699.00,NOS,NOS,NOS,1,0.000,1965.00,,,0.000,,,,,,4751,1,,
2138,P-2138,Pink Derby 1757,60,,,,757.00,1288.00,20.00,0.00,0.00,0.00,799.00,NOS,NOS,NOS,1,0.000,2271.00,,,0.000,,,,,,4723,1,,
2890,P-2890,Pink derby 1802,56,,,,802.00,1375.00,20.00,0.00,0.00,0.00,899.00,NOS,NOS,NOS,1,0.000,2406.00,,,0.000,,,,,,5512,1,,
2167,P-2167,Pink derby 1825,60,,,,825.00,1400.00,20.00,0.00,0.00,0.00,899.00,NOS,NOS,NOS,1,0.000,2475.00,,,0.000,,,,,,4752,1,,
3268,P-3268,Pink derby 1859,63,,,,859.00,1475.00,20.00,0.00,0.00,0.00,999.00,NOS,NOS,NOS,1,0.000,2577.00,,,0.000,,,,,,5935,1,,
2137,P-2137,Pink Derby 1881,60,,,,881.00,1500.00,20.00,0.00,0.00,0.00,899.00,NOS,NOS,NOS,1,0.000,2643.00,,,0.000,,,,,,4722,1,,
3269,P-3269,Pink derby 1904,63,,,,904.00,1550.00,20.00,0.00,0.00,0.00,999.00,NOS,NOS,NOS,1,0.000,2712.00,,,0.000,,,,,,5936,1,,
2805,P-2805,Pink derby 1932,63,,,,932.00,1588.00,20.00,0.00,0.00,0.00,999.00,NOS,NOS,NOS,1,0.000,2796.00,,,0.000,,,,,,5425,1,,
2136,P-2136,Pink Derby 1938,60,,,,938.00,1600.00,20.00,0.00,0.00,0.00,999.00,NOS,NOS,NOS,1,0.000,2814.00,,,0.000,,,,,,4721,1,,
2537,P-2537,Pink derby 1961,60,,,,961.00,1650.00,20.00,0.00,0.00,0.00,999.00,NOS,NOS,NOS,1,0.000,2883.00,,,0.000,,,,,,5124,1,,
2894,P-2894,Pink derby 1989,63,,,,989.00,1700.00,20.00,0.00,0.00,0.00,999.00,NOS,NOS,NOS,1,0.000,2958.00,,,0.000,,,,,,5516,1,,
1031,P-1031,Pinkderby 1763,60,,,,763.00,1060.00,20.00,0.00,0.00,0.00,799.00,NOS,NOS,NOS,1,0.000,1325.00,,,0.000,,,,,,3481,1,,
1729,P-1729,Pinkderby 1791,56,,,,791.00,1388.00,20.00,0.00,0.00,0.00,950.00,NOS,NOS,NOS,1,0.000,2373.00,,,0.000,,,,,,4285,1,,
1559,P-1559,Pinkderby 1831,56,,,,831.00,1475.00,20.00,0.00,0.00,0.00,899.00,NOS,NOS,NOS,1,0.000,2493.00,,,0.000,,,,,,4113,1,,
1558,P-1558,Pinkderby 1848,56,,,,848.00,1500.00,20.00,0.00,0.00,0.00,899.00,NOS,NOS,NOS,1,0.000,2544.00,,,0.000,,,,,,4112,1,,
1557,P-1557,Pinkderby 1887,56,,,,887.00,1575.00,20.00,0.00,0.00,0.00,899.00,NOS,NOS,NOS,1,0.000,2661.00,,,0.000,,,,,,4111,1,,
1728,P-1728,Pinkderby 1904,56,,,,904.00,1588.00,20.00,0.00,0.00,0.00,950.00,NOS,NOS,NOS,1,0.000,2712.00,,,0.000,,,,,,4284,1,,
1727,P-1727,Pinkderby 1944,56,,,,944.00,1675.00,20.00,0.00,0.00,0.00,950.00,NOS,NOS,NOS,1,0.000,2832.00,,,0.000,,,,,,4283,1,,
3229,P-3229,Pint sugar 1190,39,,,,190.00,325.00,20.00,0.00,0.00,0.00,199.00,NOS,NOS,NOS,1,0.000,570.00,,,0.000,,,,,,5895,1,,
690,P-0690,Piyarey dollar fancy cotton,2,,,,360.00,500.00,0.00,0.00,0.00,0.00,400.00,NOS,NOS,NOS,1,0.000,625.00,,,0.000,,,,,,2939,1,,
702,P-0702,Piyarey Dollar Fancy Cotton 1360,2,,,,360.00,500.00,0.00,0.00,0.00,0.00,389.00,NOS,NOS,NOS,1,0.000,625.00,,,0.000,,,,,,3003,1,,
689,P-0689,Piyarey linen shirt 1330,2,,,,330.00,480.00,0.00,0.00,0.00,0.00,350.00,NOS,NOS,NOS,1,0.000,600.00,,,0.000,,,,,,2938,1,,
675,P-0675,Piyarey shirt,2,,,,315.00,700.00,0.00,0.00,0.00,0.00,399.00,NOS,NOS,NOS,1,0.000,875.00,,,5.000,,,,,,2859,1,,
675,P-0675,Piyarey shirt,2,,,,315.00,700.00,0.00,0.00,0.00,0.00,399.00,NOS,NOS,NOS,1,0.000,875.00,,,4.000,,,,,,2860,1,,
675,P-0675,Piyarey shirt,2,,,,315.00,700.00,0.00,0.00,0.00,0.00,399.00,NOS,NOS,NOS,1,0.000,875.00,,,2.000,,,,,,2861,1,,
23,P-0023,Piyarey shirt 1315,2,,Balwant,,315.00,600.00,20.00,0.00,0.00,0.00,350.00,NOS,NOS,NOS,1,5.000,945.00,MEN'S COUNTER,CC2,7.000,,,,,,1055,1,,
23,P-0023,Piyarey shirt 1315,2,,Balwant,,315.00,600.00,20.00,0.00,0.00,0.00,350.00,NOS,NOS,NOS,1,5.000,945.00,MEN'S COUNTER,CC2,9.000,,,,M,,1056,1,,
23,P-0023,Piyarey shirt 1315,2,,Balwant,,315.00,600.00,20.00,0.00,0.00,0.00,350.00,NOS,NOS,NOS,1,5.000,945.00,MEN'S COUNTER,CC2,7.000,,,,L,,1057,1,,
23,P-0023,Piyarey shirt 1315,2,,Balwant,,315.00,600.00,20.00,0.00,0.00,0.00,350.00,NOS,NOS,NOS,1,5.000,945.00,MEN'S COUNTER,CC2,7.000,,,,XL,,1058,1,,
23,P-0023,Piyarey shirt 1315,2,,Balwant,,315.00,600.00,20.00,0.00,0.00,0.00,350.00,NOS,NOS,NOS,1,5.000,945.00,MEN'S COUNTER,CC2,1.000,,,,XXL,,1059,1,,
3,P-0003,Piyarey Shirt 1360,2,,Balwant,,355.00,675.00,20.00,0.00,0.00,0.00,400.00,NOS,NOS,NOS,1,10.000,1080.00,MENS COUNTER,CC2,12.000,,,,S,,1005,1,,
3,P-0003,Piyarey Shirt 1360,2,,Balwant,,355.00,675.00,20.00,0.00,0.00,0.00,400.00,NOS,NOS,NOS,1,10.000,1080.00,MENS COUNTER,CC2,14.000,,,,M,,1006,1,,
3,P-0003,Piyarey Shirt 1360,2,,Balwant,,355.00,675.00,20.00,0.00,0.00,0.00,400.00,NOS,NOS,NOS,1,10.000,1080.00,MENS COUNTER,CC2,16.000,,,,L,,1007,1,,
3,P-0003,Piyarey Shirt 1360,2,,Balwant,,355.00,675.00,20.00,0.00,0.00,0.00,400.00,NOS,NOS,NOS,1,10.000,1080.00,MENS COUNTER,CC2,20.000,,,,XL,,1008,1,,
3,P-0003,Piyarey Shirt 1360,2,,Balwant,,355.00,675.00,20.00,0.00,0.00,0.00,400.00,NOS,NOS,NOS,1,10.000,1080.00,MENS COUNTER,CC2,2.000,,,,XXL,,1009,1,,
3,P-0003,Piyarey Shirt 1360,2,,Balwant,,355.00,675.00,20.00,0.00,0.00,0.00,400.00,NOS,NOS,NOS,1,10.000,1080.00,MENS COUNTER,CC2,7.000,,,,,,1010,1,,
4,P-0004,Piyarey shirt 1385,2,,Balwant,,385.00,675.00,20.00,0.00,0.00,0.00,400.00,NOS,NOS,NOS,1,5.000,1155.00,Mens counter,CC2,2.000,,,,,,1011,1,,
4,P-0004,Piyarey shirt 1385,2,,Balwant,,385.00,675.00,20.00,0.00,0.00,0.00,400.00,NOS,NOS,NOS,1,5.000,1155.00,Mens counter,CC2,7.000,,,,M,CHECK,1012,1,,
4,P-0004,Piyarey shirt 1385,2,,Balwant,,385.00,675.00,20.00,0.00,0.00,0.00,400.00,NOS,NOS,NOS,1,5.000,1155.00,Mens counter,CC2,3.000,,,,L,CHECK,1013,1,,
4,P-0004,Piyarey shirt 1385,2,,Balwant,,385.00,675.00,20.00,0.00,0.00,0.00,400.00,NOS,NOS,NOS,1,5.000,1155.00,Mens counter,CC2,10.000,,,,XL,,1014,1,,
4,P-0004,Piyarey shirt 1385,2,,Balwant,,385.00,675.00,20.00,0.00,0.00,0.00,400.00,NOS,NOS,NOS,1,5.000,1155.00,Mens counter,CC2,3.000,,,,XXL,CHECK,1015,1,,
1420,P-1420,Plain bermuda TK-014,8,,,,210.00,392.00,20.00,0.00,0.00,0.00,219.00,NOS,NOS,NOS,1,0.000,392.00,,,4.000,,,,M,,8904122440787,1,,
1420,P-1420,Plain bermuda TK-014,8,,,,210.00,392.00,20.00,0.00,0.00,0.00,219.00,NOS,NOS,NOS,1,0.000,392.00,,,0.000,,,,L,,8904122440788,1,,
1420,P-1420,Plain bermuda TK-014,8,,,,210.00,392.00,20.00,0.00,0.00,0.00,219.00,NOS,NOS,NOS,1,0.000,392.00,,,0.000,,,,XL,,8904122440789,1,,
175,P-0175,plazo 1170,40,gbb,,,170.00,252.00,0.00,0.00,0.00,0.00,199.00,NOS,NOS,NOS,1,0.000,315.00,,,3.000,,,,,,1362,1,,
1385,P-1385,POLO 206,13,,,,475.00,825.00,20.00,0.00,0.00,0.00,499.00,NOS,NOS,NOS,1,0.000,1416.00,,,0.000,,,,,,3841,1,,
2440,P-2440,PP 1145,20,,,,145.00,250.00,20.00,0.00,0.00,0.00,199.00,NOS,NOS,NOS,1,0.000,435.00,,,0.000,,,,,,5026,1,,
2455,P-2455,PP 1165,20,,,,165.00,288.00,20.00,0.00,0.00,0.00,199.00,NOS,NOS,NOS,1,0.000,495.00,,,0.000,,,,,,5041,1,,
2435,P-2435,PP 1175,20,,,,175.00,300.00,20.00,0.00,0.00,0.00,199.00,NOS,NOS,NOS,1,0.000,525.00,,,0.000,,,,,,5021,1,,
2434,P-2434,PP 1180,20,,,,180.00,325.00,20.00,0.00,0.00,0.00,199.00,NOS,NOS,NOS,1,0.000,480.00,,,0.000,,,,,,5020,1,,
2457,P-2457,PP 1185,20,,,,185.00,325.00,20.00,0.00,0.00,0.00,199.00,NOS,NOS,NOS,1,0.000,555.00,,,0.000,,,,,,5043,1,,
2456,P-2456,PP 1195,20,,,,195.00,350.00,20.00,0.00,0.00,0.00,199.00,NOS,NOS,NOS,1,0.000,585.00,,,0.000,,,,,,5042,1,,
2436,P-2436,PP 1200,20,,,,200.00,350.00,20.00,0.00,0.00,0.00,239.00,NOS,NOS,NOS,1,0.000,600.00,,,0.000,,,,,,5022,1,,
2837,P-2837,Pra creation 1169,16,,,,169.00,288.00,20.00,0.00,0.00,0.00,199.00,NOS,NOS,NOS,1,0.000,507.00,,,0.000,,,,,,5458,1,,
2838,P-2838,Pra creation 1173,16,,,,173.00,300.00,20.00,0.00,0.00,0.00,199.00,NOS,NOS,NOS,1,0.000,519.00,,,0.000,,,,,,5459,1,,
2839,P-2839,Pra creation 1179,16,,,,179.00,325.00,20.00,0.00,0.00,0.00,199.00,NOS,NOS,NOS,1,0.000,537.00,,,0.000,,,,,,5460,1,,
2836,P-2836,Pra creation 1189,16,,,,189.00,325.00,20.00,0.00,0.00,0.00,199.00,NOS,NOS,NOS,1,0.000,567.00,,,0.000,,,,,,5457,1,,
3220,P-3220,Pra creations 1169,16,,,,169.00,300.00,20.00,0.00,0.00,0.00,199.00,NOS,NOS,NOS,1,0.000,507.00,,,0.000,,,,,,5881,1,,
1381,P-1381,Pranda 53,6,,,,455.00,775.00,20.00,0.00,0.00,0.00,499.00,NOS,NOS,NOS,1,0.000,1365.00,,,0.000,,,,,,3837,1,,
1380,P-1380,Pranda 54,6,,,,455.00,775.00,20.00,0.00,0.00,0.00,499.00,NOS,NOS,NOS,1,0.000,1365.00,,,0.000,,,,,,3836,1,,
333,P-0333,Preety panty PO3,74,,,,58.00,79.00,0.00,0.00,0.00,0.00,59.00,NOS,NOS,NOS,1,0.000,99.00,,,3.000,,,,85,,8904122455354,1,,
333,P-0333,Preety panty PO3,74,,,,58.00,79.00,0.00,0.00,0.00,0.00,59.00,NOS,NOS,NOS,1,0.000,99.00,,,3.000,,,,85cm,,2011,1,,
333,P-0333,Preety panty PO3,74,,,,58.00,79.00,0.00,0.00,0.00,0.00,59.00,NOS,NOS,NOS,1,0.000,99.00,,,3.000,,,,85,,2013,1,,
593,P-0593,Pumkim 1155,87,,,,155.00,220.00,20.00,0.00,0.00,0.00,199.00,NOS,NOS,NOS,1,0.000,275.00,,,0.000,,,,,,2662,1,,
1794,P-1794,Pumkim 1175,97,,,,175.00,325.00,20.00,0.00,0.00,0.00,199.00,NOS,NOS,NOS,1,0.000,525.00,,,0.000,,,,,,4351,1,,
592,P-0592,Pumkim 1190,87,,,,190.00,260.00,20.00,0.00,0.00,0.00,199.00,NOS,NOS,NOS,1,0.000,325.00,,,0.000,,,,,,2661,1,,
594,P-0594,Pumkim 1195,87,,,,195.00,270.00,20.00,0.00,0.00,0.00,199.00,NOS,NOS,NOS,1,0.000,338.00,,,0.000,,,,,,2663,1,,
646,P-0646,Pumkim 1240,91,,,,240.00,332.00,20.00,0.00,0.00,0.00,299.00,NOS,NOS,NOS,1,0.000,415.00,,,0.000,,,,,,2715,1,,
647,P-0647,Pumkim 1240-1,91,,,,240.00,332.00,20.00,0.00,0.00,0.00,299.00,NOS,NOS,NOS,1,0.000,415.00,,,0.000,,,,,,2716,1,,
648,P-0648,Pumkim 1260,91,,,,260.00,360.00,20.00,0.00,0.00,0.00,299.00,NOS,NOS,NOS,1,0.000,450.00,,,0.000,,,,,,2717,1,,
583,P-0583,Pumkim 1280,91,,,,280.00,380.00,0.00,0.00,0.00,0.00,299.00,NOS,NOS,NOS,1,0.000,476.00,,,0.000,,,,,,2652,1,,
1878,P-1878,R.R Gaba 1540,87,,,,540.00,925.00,20.00,0.00,0.00,0.00,599.00,NOS,NOS,NOS,1,0.000,1620.00,,,0.000,,,,,,4433,1,,
1879,P-1879,R.R Gaba 1590,87,,,,590.00,1000.00,20.00,0.00,0.00,0.00,599.00,NOS,NOS,NOS,1,0.000,1770.00,,,0.000,,,,,,4434,1,,
1880,P-1880,R.R Gaba 1660,87,,,,660.00,1125.00,20.00,0.00,0.00,0.00,699.00,NOS,NOS,NOS,1,0.000,1980.00,,,0.000,,,,,,4435,1,,
1877,P-1877,R.R Gaba 1700,87,,,,700.00,1200.00,20.00,0.00,0.00,0.00,799.00,NOS,NOS,NOS,1,0.000,2100.00,,,0.000,,,,,,4432,1,,
1230,P-1230,R.R. 1505,20,,,,505.00,720.00,20.00,0.00,0.00,0.00,599.00,NOS,NOS,NOS,1,0.000,900.00,,,0.000,,,,,,3680,1,,
2419,P-2419,R.R. Gaba 1270,20,,,,270.00,475.00,20.00,0.00,0.00,0.00,299.00,NOS,NOS,NOS,1,0.000,810.00,,,0.000,,,,,,5005,1,,
1062,P-1062,R.R. Gaba 1290,20,,,,290.00,400.00,20.00,0.00,0.00,0.00,299.00,NOS,NOS,NOS,1,0.000,500.00,,,0.000,,,,,,3512,1,,
1061,P-1061,R.R. Gaba 1295,20,,,,295.00,420.00,20.00,0.00,0.00,0.00,299.00,NOS,NOS,NOS,1,0.000,525.00,,,0.000,,,,,,3511,1,,
2453,P-2453,R.R. Gaba 1425,20,,,,425.00,725.00,20.00,0.00,0.00,0.00,499.00,NOS,NOS,NOS,1,0.000,1275.00,,,0.000,,,,,,5039,1,,
2126,P-2126,R.R. GABA 1435,33,,,,435.00,750.00,20.00,0.00,0.00,0.00,499.00,NOS,NOS,NOS,1,0.000,1305.00,,,0.000,,,,,,4711,1,,
2123,P-2123,R.R. Gaba 1445,33,,,,445.00,750.00,20.00,0.00,0.00,0.00,499.00,NOS,NOS,NOS,1,0.000,1335.00,,,0.000,,,,,,4708,1,,
2467,P-2467,R.R. Gaba 1455,52,,,,455.00,775.00,20.00,0.00,0.00,0.00,499.00,NOS,NOS,NOS,1,0.000,1365.00,,,0.000,,,,,,5053,1,,
2130,P-2130,R.R. Gaba 1460,33,,,,460.00,788.00,20.00,0.00,0.00,0.00,499.00,NOS,NOS,NOS,1,0.000,1380.00,,,0.000,,,,,,4715,1,,
2555,P-2555,R.R. Gaba 1475,60,,,,475.00,825.00,20.00,0.00,0.00,0.00,499.00,NOS,NOS,NOS,1,0.000,1425.00,,,0.000,,,,,,5142,1,,
2451,P-2451,R.R. Gaba 1480,20,,,,480.00,825.00,20.00,0.00,0.00,0.00,499.00,NOS,NOS,NOS,1,0.000,1440.00,,,0.000,,,,,,5037,1,,
2831,P-2831,R.R. Gaba 1484,19,,,,484.00,825.00,20.00,0.00,0.00,0.00,499.00,NOS,NOS,NOS,1,0.000,1452.00,,,0.000,,,,,,5452,1,,
2466,P-2466,R.R. Gaba 1485,52,,,,485.00,825.00,20.00,0.00,0.00,0.00,499.00,NOS,NOS,NOS,1,0.000,1455.00,,,0.000,,,,,,5052,1,,
2452,P-2452,R.R. Gaba 1490,20,,,,490.00,850.00,20.00,0.00,0.00,0.00,499.00,NOS,NOS,NOS,1,0.000,1470.00,,,0.000,,,,,,5038,1,,
2454,P-2454,R.R. Gaba 1500,20,,,,500.00,850.00,20.00,0.00,0.00,0.00,599.00,NOS,NOS,NOS,1,0.000,1500.00,,,0.000,,,,,,5040,1,,
1083,P-1083,R.R. Gaba 1525,20,,,,525.00,720.00,20.00,0.00,0.00,0.00,599.00,NOS,NOS,NOS,1,0.000,900.00,,,0.000,,,,,,3533,1,,
1768,P-1768,R.R. Gaba 1555,56,,,,555.00,1000.00,20.00,0.00,0.00,0.00,599.00,NOS,NOS,NOS,1,0.000,1665.00,,,0.000,,,,,,4324,1,,
1770,P-1770,R.R. Gaba 1570,56,,,,570.00,1000.00,20.00,0.00,0.00,0.00,599.00,NOS,NOS,NOS,1,0.000,1710.00,,,0.000,,,,,,4326,1,,
1769,P-1769,R.R. Gaba 1580,56,,,,580.00,1025.00,20.00,0.00,0.00,0.00,599.00,NOS,NOS,NOS,1,0.000,1780.00,,,0.000,,,,,,4325,1,,
1771,P-1771,R.R. Gaba 1585,56,,,,585.00,1050.00,20.00,0.00,0.00,0.00,599.00,NOS,NOS,NOS,1,0.000,1755.00,,,0.000,,,,,,4327,1,,
2465,P-2465,R.R. Gaba 1600,52,,,,600.00,1025.00,20.00,0.00,0.00,0.00,699.00,NOS,NOS,NOS,1,0.000,1800.00,,,0.000,,,,,,5051,1,,
2468,P-2468,R.R. Gaba 1630,52,,,,630.00,1100.00,20.00,0.00,0.00,0.00,699.00,NOS,NOS,NOS,1,0.000,1860.00,,,0.000,,,,,,5054,1,,
1885,P-1885,R.R. Gaba 1650,87,,,,650.00,1100.00,20.00,0.00,0.00,0.00,699.00,NOS,NOS,NOS,1,0.000,1950.00,,,0.000,,,,,,4441,1,,
1884,P-1884,R.R. Gaba 1690,87,,,,690.00,1188.00,20.00,0.00,0.00,0.00,699.00,NOS,NOS,NOS,1,0.000,2070.00,,,0.000,,,,,,4440,1,,
1882,P-1882,R.R. Gaba 1705,87,,,,705.00,1200.00,20.00,0.00,0.00,0.00,799.00,NOS,NOS,NOS,1,0.000,2115.00,,,0.000,,,,,,4437,1,,
1883,P-1883,R.R. Gaba 1745,87,,,,745.00,1250.00,20.00,0.00,0.00,0.00,799.00,NOS,NOS,NOS,1,0.000,2235.00,,,0.000,,,,,,4439,1,,
1073,P-1073,R.R. Gaga1315,20,,,,315.00,440.00,20.00,0.00,0.00,0.00,399.00,NOS,NOS,NOS,1,0.000,550.00,,,0.000,,,,,,3523,1,,
315,P-0315,Rainfun  OP,72,,,,124.00,200.00,20.00,0.00,0.00,0.00,191.00,NOS,NOS,NOS,1,0.000,250.00,,,7.000,,,,,,1976,1,,
316,P-0316,Rainfun  OP,73,,,,122.00,200.00,20.00,0.00,0.00,0.00,199.00,NOS,NOS,NOS,1,0.000,250.00,,,6.000,,,,Free,,1977,1,,
316,P-0316,Rainfun  OP,73,,,,122.00,200.00,20.00,0.00,0.00,0.00,199.00,NOS,NOS,NOS,1,0.000,250.00,,,1.000,,,,Free,,1978,1,,
1405,P-1405,Rainfun Champion 1140,129,,,,140.00,350.00,20.00,0.00,0.00,0.00,159.00,NOS,NOS,NOS,1,0.000,420.00,,,0.000,,,,,,3864,1,,
3622,P-3622,Rainfun empire 1285,129,,,,285.00,575.00,20.00,0.00,0.00,0.00,299.00,NOS,NOS,NOS,1,0.000,855.00,,,0.000,,,,,,6306,1,,
3624,P-3624,Rainfun eva 1044,129,,,,44.00,125.00,20.00,0.00,0.00,0.00,44.00,NOS,NOS,NOS,1,0.000,200.00,,,0.000,,,,,,6308,1,,
1404,P-1404,Rainfun Fighter 1360,129,,,,360.00,875.00,20.00,0.00,0.00,0.00,399.00,NOS,NOS,NOS,1,0.000,1080.00,,,0.000,,,,,,3863,1,,
1406,P-1406,rainfun Fortuner 1250,129,,,,250.00,625.00,20.00,0.00,0.00,0.00,299.00,NOS,NOS,NOS,1,0.000,750.00,,,0.000,,,,,,3865,1,,
1409,P-1409,Rainfun Gentleman 1135,129,,,,135.00,350.00,20.00,0.00,0.00,0.00,149.00,NOS,NOS,NOS,1,0.000,405.00,,,0.000,,,,,,3868,1,,
1408,P-1408,Rainfun Jackpot 1135,129,,,,135.00,350.00,20.00,0.00,0.00,0.00,149.00,NOS,NOS,NOS,1,0.000,405.00,,,0.000,,,,,,3867,1,,
1412,P-1412,rainfun Jambo 1200,129,,,,200.00,500.00,20.00,0.00,0.00,0.00,299.00,NOS,NOS,NOS,1,0.000,600.00,,,0.000,,,,,,3871,1,,
1413,P-1413,Rainfun Khushi 1096,129,,,,96.00,250.00,20.00,0.00,0.00,0.00,99.00,NOS,NOS,NOS,1,0.000,288.00,,,0.000,,,,,,3872,1,,
3623,P-3623,Rainfun lovely kids rain coat 1155,129,,,,155.00,315.00,20.00,0.00,0.00,0.00,199.00,NOS,NOS,NOS,1,0.000,465.00,,,0.000,,,,,,6307,1,,
3620,P-3620,Rainfun PILOT 1150,129,,,,150.00,300.00,20.00,0.00,0.00,0.00,199.00,NOS,NOS,NOS,1,0.000,450.00,,,0.000,,,,,,6304,1,,
2678,P-2678,Rainfun ponchu 1070,129,,,,70.00,188.00,20.00,0.00,0.00,0.00,99.00,NOS,NOS,NOS,1,0.000,210.00,,,0.000,,,,,,5260,1,,
1407,P-1407,Rainfun Popular 1195,129,,,,195.00,490.00,20.00,0.00,0.00,0.00,199.00,NOS,NOS,NOS,1,0.000,585.00,,,0.000,,,,,,3866,1,,
3617,P-3617,Rainfun Pride Safari 1155,129,,,,155.00,325.00,20.00,0.00,0.00,0.00,199.00,NOS,NOS,NOS,1,0.000,465.00,,,0.000,,,,,,6301,1,,
3621,P-3621,Rainfun Raider 1320,129,,,,320.00,650.00,20.00,0.00,0.00,0.00,399.00,NOS,NOS,NOS,1,0.000,960.00,,,0.000,,,,,,6305,1,,
2679,P-2679,Rainfun Sanya 1095,129,,,,95.00,250.00,20.00,0.00,0.00,0.00,99.00,NOS,NOS,NOS,1,0.000,285.00,,,0.000,,,,,,5261,1,,
1411,P-1411,Rainfun SHE'LL 1155,129,,,,155.00,390.00,20.00,0.00,0.00,0.00,159.00,NOS,NOS,NOS,1,0.000,465.00,,,0.000,,,,,,3870,1,,
2680,P-2680,Rainfun Signature 1250,129,,,,250.00,625.00,20.00,0.00,0.00,0.00,299.00,NOS,NOS,NOS,1,0.000,750.00,,,0.000,,,,,,5262,1,,
2681,P-2681,Rainfun Silky kids 1195,129,,,,195.00,500.00,20.00,0.00,0.00,0.00,199.00,NOS,NOS,NOS,1,0.000,765.00,,,0.000,,,,,,5263,1,,
3619,P-3619,Rainfun SKORE reversible 1350,129,,,,350.00,700.00,20.00,0.00,0.00,0.00,399.00,NOS,NOS,NOS,1,0.000,1050.00,,,0.000,,,,,,6303,1,,
1410,P-1410,rainfun Trendy 1140,129,,,,140.00,350.00,20.00,0.00,0.00,0.00,149.00,NOS,NOS,NOS,1,0.000,420.00,,,0.000,,,,,,3869,1,,
2677,P-2677,Rainfun windosar 1380,129,,,,380.00,950.00,20.00,0.00,0.00,0.00,399.00,NOS,NOS,NOS,1,0.000,1140.00,,,0.000,,,,,,5259,1,,
3618,P-3618,Rainfun windson 1450,129,,,,450.00,900.00,20.00,0.00,0.00,0.00,499.00,NOS,NOS,NOS,1,0.000,1350.00,,,0.000,,,,,,6302,1,,
214,P-0214,Real Kids Classic (K/P) OP Stock,45,gbb,,,1050.00,1470.00,20.00,0.00,0.00,0.00,1000.00,NOS,NOS,NOS,1,0.000,1838.00,,,1.000,,,,11,,1603,1,,
214,P-0214,Real Kids Classic (K/P) OP Stock,45,gbb,,,1050.00,1470.00,20.00,0.00,0.00,0.00,1000.00,NOS,NOS,NOS,1,0.000,1838.00,,,0.000,,,,13,,1604,1,,
214,P-0214,Real Kids Classic (K/P) OP Stock,45,gbb,,,1050.00,1470.00,20.00,0.00,0.00,0.00,1000.00,NOS,NOS,NOS,1,0.000,1838.00,,,1.000,,,,12,,1605,1,,
214,P-0214,Real Kids Classic (K/P) OP Stock,45,gbb,,,1050.00,1470.00,20.00,0.00,0.00,0.00,1000.00,NOS,NOS,NOS,1,0.000,1838.00,,,1.000,,,,12,,1606,1,,
198,P-0198,Real kids classic K/P OP stock,21,gbb,,,99.00,150.00,20.00,0.00,0.00,0.00,88.00,NOS,NOS,NOS,1,0.000,188.00,,,2.000,,,,2,,1475,1,,
198,P-0198,Real kids classic K/P OP stock,21,gbb,,,99.00,150.00,20.00,0.00,0.00,0.00,88.00,NOS,NOS,NOS,1,0.000,188.00,,,1.000,,,,3,,1476,1,,
198,P-0198,Real kids classic K/P OP stock,21,gbb,,,99.00,150.00,20.00,0.00,0.00,0.00,88.00,NOS,NOS,NOS,1,0.000,188.00,,,2.000,,,,4,,1477,1,,
198,P-0198,Real kids classic K/P OP stock,21,gbb,,,99.00,150.00,20.00,0.00,0.00,0.00,88.00,NOS,NOS,NOS,1,0.000,188.00,,,1.000,,,,6,,1478,1,,
198,P-0198,Real kids classic K/P OP stock,21,gbb,,,99.00,150.00,20.00,0.00,0.00,0.00,88.00,NOS,NOS,NOS,1,0.000,188.00,,,1.000,,,,6,,1479,1,,
198,P-0198,Real kids classic K/P OP stock,21,gbb,,,99.00,150.00,20.00,0.00,0.00,0.00,88.00,NOS,NOS,NOS,1,0.000,188.00,,,2.000,,,,7,,1480,1,,
198,P-0198,Real kids classic K/P OP stock,21,gbb,,,99.00,150.00,20.00,0.00,0.00,0.00,88.00,NOS,NOS,NOS,1,0.000,188.00,,,2.000,,,,2,,1481,1,,
654,P-0654,Reebok socks,93,,,,68.00,180.00,0.00,0.00,0.00,0.00,25.00,NOS,NOS,NOS,1,0.000,225.00,,,0.000,,,,,,8064091718734,1,,
2971,P-2971,Rendo LF shirts 1450,2,,,,450.00,775.00,20.00,0.00,0.00,0.00,499.00,NOS,NOS,NOS,1,0.000,1350.00,,,0.000,,,,,,5588,1,,
2972,P-2972,Rendo LF shirts 1472,2,,,,472.00,815.00,20.00,0.00,0.00,0.00,499.00,NOS,NOS,NOS,1,0.000,1416.00,,,0.000,,,,,,5590,1,,
2973,P-2973,Rendo LF shirts 1517,2,,,,517.00,900.00,20.00,0.00,0.00,0.00,599.00,NOS,NOS,NOS,1,0.000,1551.00,,,0.000,,,,,,5591,1,,
3476,P-3476,Rendolf 1450,2,,,,450.00,775.00,20.00,0.00,0.00,0.00,499.00,NOS,NOS,NOS,1,0.000,1350.00,,,0.000,,,,,,6157,1,,
3477,P-3477,Rendolf 1472,2,,,,472.00,825.00,20.00,0.00,0.00,0.00,499.00,NOS,NOS,NOS,1,0.000,1416.00,,,0.000,,,,,,6158,1,,
3478,P-3478,Rendolf 1517,2,,,,517.00,900.00,20.00,0.00,0.00,0.00,599.00,NOS,NOS,NOS,1,0.000,1551.00,,,0.000,,,,,,6159,1,,
3498,P-3498,Rendolf shirts 1495,2,,,,495.00,850.00,20.00,0.00,0.00,0.00,499.00,NOS,NOS,NOS,1,0.000,1485.00,,,0.000,,,,,,6181,1,,
1387,P-1387,RFD 1001,5,,,,630.00,1088.00,20.00,0.00,0.00,0.00,699.00,NOS,NOS,NOS,1,0.000,1890.00,,,0.000,,,,,,3843,1,,
1386,P-1386,RFD 2003,5,,,,630.00,1088.00,20.00,0.00,0.00,0.00,699.00,NOS,NOS,NOS,1,0.000,1890.00,,,0.000,,,,,,3842,1,,
1384,P-1384,RFD 3004,5,,,,660.00,1188.00,20.00,0.00,0.00,0.00,699.00,NOS,NOS,NOS,1,0.000,1980.00,,,0.000,,,,,,3840,1,,
2577,P-2577,RICH LOOK 1595,134,,,,595.00,1050.00,20.00,0.00,0.00,0.00,599.00,NOS,NOS,NOS,1,0.000,1785.00,,,0.000,,,,,,5152,1,,
658,P-0658,Richlay Junior's,95,,,,455.00,620.00,20.00,0.00,0.00,0.00,499.00,NOS,NOS,NOS,1,0.000,775.00,,,3.000,,,,,,2766,1,,
658,P-0658,Richlay Junior's,95,,,,455.00,620.00,20.00,0.00,0.00,0.00,499.00,NOS,NOS,NOS,1,0.000,775.00,,,3.000,,,,,,2767,1,,
2326,P-2326,Rider 11730,63,,,,1730.00,2940.00,20.00,0.00,0.00,0.00,1799.00,NOS,NOS,NOS,1,0.000,5190.00,,,0.000,,,,,,4921,1,,
2547,P-2547,Ridika 1464,60,,,,464.00,788.00,20.00,0.00,0.00,0.00,499.00,NOS,NOS,NOS,1,0.000,1392.00,,,0.000,,,,,,5134,1,,
768,P-0768,Right Choose madan,110,,,,40.00,64.00,0.00,0.00,0.00,0.00,49.00,NOS,NOS,NOS,1,0.000,80.00,,,0.000,,,,,,3198,1,,
1614,P-1614,Rimzim 1355,19,,,,355.00,650.00,20.00,0.00,0.00,0.00,399.00,NOS,NOS,NOS,1,0.000,1065.00,,,0.000,,,,,,4170,1,,
1615,P-1615,Rimzim 1375,19,,,,375.00,675.00,20.00,0.00,0.00,0.00,399.00,NOS,NOS,NOS,1,0.000,1125.00,,,0.000,,,,,,4171,1,,
112,P-0112,Rimzim kids fashion S 1501 1119,20,,,,119.00,200.00,20.00,0.00,0.00,0.00,150.00,NOS,NOS,NOS,1,0.000,250.00,Boy's counter,,2.000,,,,,,1253,1,,
117,P-0117,Rimzim S 8005 1129,20,,,,129.00,220.00,20.00,0.00,0.00,0.00,199.00,NOS,NOS,NOS,1,0.000,275.00,Boy's counter,,2.000,,,,,,1258,1,,
130,P-0130,Rimzim S4104 1219,20,,,,219.00,300.00,20.00,0.00,0.00,0.00,250.00,NOS,NOS,NOS,1,0.000,375.00,Boy's counter,,3.000,,,,,,1271,1,,
2531,P-2531,Ritika 1464,60,,,,464.00,788.00,20.00,0.00,0.00,0.00,499.00,NOS,NOS,NOS,1,0.000,1392.00,,,0.000,,,,,,5118,1,,
2564,P-2564,Romantic 11125,134,,,,1125.00,1950.00,20.00,0.00,0.00,0.00,1199.00,NOS,NOS,NOS,1,0.000,3375.00,,,0.000,,,,,,5165,1,,
2563,P-2563,Romantic 1925,134,,,,925.00,1575.00,20.00,0.00,0.00,0.00,999.00,NOS,NOS,NOS,1,0.000,2775.00,,,0.000,,,,,,5166,1,,
178,P-0178,Rose leaf (printed lower),41,gbb,,,255.00,380.00,20.00,0.00,0.00,0.00,250.00,NOS,NOS,NOS,1,0.000,475.00,,,2.000,,,,M,,1367,1,,
178,P-0178,Rose leaf (printed lower),41,gbb,,,255.00,380.00,20.00,0.00,0.00,0.00,250.00,NOS,NOS,NOS,1,0.000,475.00,,,1.000,,,,XXL,,1368,1,,
1712,P-1712,Rose Line 1390,56,,,,390.00,700.00,20.00,0.00,0.00,0.00,499.00,NOS,NOS,NOS,1,0.000,1170.00,,,0.000,,,,,,4268,1,,
1355,P-1355,Rotary feeding Bottle brush 1071,106,,,,71.00,100.00,0.00,0.00,0.00,0.00,79.00,NOS,NOS,NOS,1,0.000,125.00,,,0.000,,,,,,3806,1,,
875,P-0875,Royalwood  5 pc 12995,9,,,,2995.00,4000.00,0.00,0.00,0.00,0.00,3300.00,NOS,NOS,NOS,1,0.000,4999.00,,,0.000,,,,,,3323,1,,
874,P-0874,Royalwood  5 pc 29588,9,,,,3195.00,4350.00,0.00,0.00,0.00,0.00,3300.00,NOS,NOS,NOS,1,0.000,5440.00,,,0.000,,,,,,3322,1,,
873,P-0873,Royalwood  waist coat 88275,11,,,,865.00,1180.00,20.00,0.00,0.00,0.00,900.00,NOS,NOS,NOS,1,0.000,1475.00,,,0.000,,,,,,3321,1,,
872,P-0872,Royalwood  waist coat 88289,11,,,,795.00,1080.00,0.00,0.00,0.00,0.00,850.00,NOS,NOS,NOS,1,0.000,1349.00,,,0.000,,,,,,3320,1,,
2996,P-2996,Royalwood 2 PC 11795,89,,,,1795.00,3250.00,20.00,0.00,0.00,0.00,1899.00,NOS,NOS,NOS,1,0.000,5385.00,,,0.000,,,,,,5620,1,,
2995,P-2995,Royalwood 2 PC 11895,89,,,,1895.00,3450.00,20.00,0.00,0.00,0.00,1899.00,NOS,NOS,NOS,1,0.000,5685.00,,,0.000,,,,,,5619,1,,
2671,P-2671,Royalwood 2 piece 11895,89,,,,1895.00,3225.00,20.00,0.00,0.00,0.00,1950.00,NOS,NOS,NOS,1,0.000,5685.00,,,0.000,,,,,,5280,1,,
2980,P-2980,Royalwood 3 PC 12595,89,,,,2595.00,4700.00,20.00,0.00,0.00,0.00,2599.00,NOS,NOS,NOS,1,0.000,7785.00,,,0.000,,,,,,5598,1,,
2105,P-2105,Royalwood 5 pc 12395,89,,,,2395.00,4000.00,20.00,0.00,0.00,0.00,2399.00,NOS,NOS,NOS,1,0.000,7185.00,,,0.000,,,,,,4690,1,,
2103,P-2103,Royalwood 5 pc 12495,89,,,,2495.00,4250.00,20.00,0.00,0.00,0.00,2499.00,NOS,NOS,NOS,1,0.000,7485.00,,,0.000,,,,,,4688,1,,
2106,P-2106,Royalwood 5 pc 12695,89,,,,2695.00,4500.00,20.00,0.00,0.00,0.00,2399.00,NOS,NOS,NOS,1,0.000,8085.00,,,0.000,,,,,,4691,1,,
2064,P-2064,Royalwood 5 pc 12895,89,,,,2895.00,4940.00,20.00,0.00,0.00,0.00,2899.00,NOS,NOS,NOS,1,0.000,8685.00,,,0.000,,,,,,4649,1,,
2104,P-2104,Royalwood 5 pc 13095,89,,,,3095.00,5250.00,20.00,0.00,0.00,0.00,3099.00,NOS,NOS,NOS,1,0.000,9285.00,,,0.000,,,,,,4689,1,,
2985,P-2985,Royalwood 5 PC 13195,89,,,,3195.00,5800.00,20.00,0.00,0.00,0.00,3999.00,NOS,NOS,NOS,1,0.000,9585.00,,,0.000,,,,,,5603,1,,
2984,P-2984,Royalwood 5 PC 13495,89,,,,3495.00,6300.00,20.00,0.00,0.00,0.00,3999.00,NOS,NOS,NOS,1,0.000,10485.00,,,0.000,,,,,,5602,1,,
2981,P-2981,Royalwood 5 PC 13695,89,,,,3695.00,6650.00,20.00,0.00,0.00,0.00,3999.00,NOS,NOS,NOS,1,0.000,11085.00,,,0.000,,,,,,5599,1,,
2997,P-2997,Royalwood 5 PC 13795,89,,,,3795.00,6850.00,20.00,0.00,0.00,0.00,3799.00,NOS,NOS,NOS,1,0.000,11385.00,,,0.000,,,,,,5621,1,,
2029,P-2029,Royalwood 5 pc suit 3195,11,,,,3195.00,5115.00,20.00,0.00,0.00,0.00,3199.00,NOS,NOS,NOS,1,0.000,9585.00,,,0.000,,,,,,4613,1,,
2032,P-2032,Royalwood Blazer 11295,11,,,,1295.00,2200.00,20.00,0.00,0.00,0.00,1299.00,NOS,NOS,NOS,1,0.000,3885.00,,,0.000,,,,,,4616,1,,
2987,P-2987,Royalwood Blazer 11295,89,,,,1295.00,2375.00,20.00,0.00,0.00,0.00,1599.00,NOS,NOS,NOS,1,0.000,3885.00,,,0.000,,,,,,5605,1,,
2998,P-2998,Royalwood Blazer 11395,89,,,,1395.00,2550.00,20.00,0.00,0.00,0.00,1399.00,NOS,NOS,NOS,1,0.000,4185.00,,,0.000,,,,,,5622,1,,
2030,P-2030,Royalwood Blazer 11495,11,,,,1495.00,2550.00,20.00,0.00,0.00,0.00,1499.00,NOS,NOS,NOS,1,0.000,4485.00,,,0.000,,,,,,4614,1,,
2986,P-2986,Royalwood Blazer 11695,89,,,,1695.00,3050.00,20.00,0.00,0.00,0.00,1999.00,NOS,NOS,NOS,1,0.000,5085.00,,,0.000,,,,,,5604,1,,
2031,P-2031,Royalwood Blazer 11795,11,,,,1795.00,3051.00,20.00,0.00,0.00,0.00,1799.00,NOS,NOS,NOS,1,0.000,5385.00,,,0.000,,,,,,4615,1,,
2993,P-2993,Royalwood Indo 11495,89,,,,1495.00,3000.00,20.00,0.00,0.00,0.00,1499.00,NOS,NOS,NOS,1,0.000,4485.00,,,0.000,,,,,,5617,1,,
2992,P-2992,Royalwood Indo 12395,89,,,,2395.00,4800.00,20.00,0.00,0.00,0.00,2399.00,NOS,NOS,NOS,1,0.000,7185.00,,,0.000,,,,,,5616,1,,
3002,P-3002,Royalwood Indo 13295,89,,,,3295.00,6600.00,20.00,0.00,0.00,0.00,3299.00,NOS,NOS,NOS,1,0.000,9885.00,,,0.000,,,,,,5626,1,,
2982,P-2982,Royalwood Indo 13595,89,,,,3595.00,7200.00,20.00,0.00,0.00,0.00,3999.00,NOS,NOS,NOS,1,0.000,10785.00,,,0.000,,,,,,5600,1,,
2990,P-2990,Royalwood Indo I3795,89,,,,3795.00,7600.00,20.00,0.00,0.00,0.00,3799.00,NOS,NOS,NOS,1,0.000,11385.00,,,0.000,,,,,,5614,1,,
2999,P-2999,Royalwood Indo11495,89,,,,1495.00,3000.00,20.00,0.00,0.00,0.00,1499.00,NOS,NOS,NOS,1,0.000,4485.00,,,0.000,,,,,,5623,1,,
2066,P-2066,Royalwood jodhpuri 12195,3,,,,2195.00,3625.00,20.00,0.00,0.00,0.00,2299.00,NOS,NOS,NOS,1,0.000,6585.00,,,0.000,,,,,,4651,1,,
2065,P-2065,Royalwood jodhpuri 12295,3,,,,2295.00,3900.00,20.00,0.00,0.00,0.00,2299.00,NOS,NOS,NOS,1,0.000,6885.00,,,0.000,,,,,,4650,1,,
2067,P-2067,Royalwood jodhpuri 12395,3,,,,2395.00,4000.00,20.00,0.00,0.00,0.00,2399.00,NOS,NOS,NOS,1,0.000,7185.00,,,0.000,,,,,,4652,1,,
2636,P-2636,Royalwood jodhpuri 3 PC set 12795,9,,,,2795.00,4990.00,20.00,0.00,0.00,0.00,2799.00,NOS,NOS,NOS,1,0.000,14970.00,,,0.000,,,,,,5224,1,,
2036,P-2036,Royalwood K/P 1595,11,,,,595.00,1000.00,20.00,0.00,0.00,0.00,599.00,NOS,NOS,NOS,1,0.000,1785.00,,,0.000,,,,,,4620,1,,
2100,P-2100,Royalwood K/P 1625,3,,,,625.00,1075.00,20.00,0.00,0.00,0.00,699.00,NOS,NOS,NOS,1,0.000,1875.00,,,0.000,,,,,,4685,1,,
2101,P-2101,Royalwood K/P 1745,3,,,,745.00,1275.00,20.00,0.00,0.00,0.00,799.00,NOS,NOS,NOS,1,0.000,2235.00,,,0.000,,,,,,4686,1,,
3509,P-3509,Royalwood K/P 1775,3,,,,775.00,1325.00,20.00,0.00,0.00,0.00,799.00,NOS,NOS,NOS,1,0.000,2325.00,,,0.000,,,,,,6192,1,,
2102,P-2102,Royalwood K/P 1895,3,,,,895.00,1525.00,20.00,0.00,0.00,0.00,899.00,NOS,NOS,NOS,1,0.000,2685.00,,,0.000,,,,,,4687,1,,
2035,P-2035,Royalwood K/P 1945,11,,,,945.00,1625.00,20.00,0.00,0.00,0.00,999.00,NOS,NOS,NOS,1,0.000,2835.00,,,0.000,,,,,,4619,1,,
2034,P-2034,Royalwood K/P 1995,11,,,,995.00,1700.00,20.00,0.00,0.00,0.00,999.00,NOS,NOS,NOS,1,0.000,2985.00,,,0.000,,,,,,4618,1,,
2033,P-2033,Royalwood koati K/P 67574,11,,,,995.00,1700.00,20.00,0.00,0.00,0.00,999.00,NOS,NOS,NOS,1,0.000,2985.00,,,0.000,,,,,,4617,1,,
2989,P-2989,Royalwood Kurta Pajama 11045,89,,,,1045.00,1900.00,20.00,0.00,0.00,0.00,1099.00,NOS,NOS,NOS,1,0.000,3135.00,,,0.000,,,,,,5607,1,,
2988,P-2988,Royalwood Kurta Pajama 11595,89,,,,1595.00,2875.00,20.00,0.00,0.00,0.00,1599.00,NOS,NOS,NOS,1,0.000,4785.00,,,0.000,,,,,,5606,1,,
3000,P-3000,Royalwood Kurta Pajama 1995,89,,,,995.00,1800.00,20.00,0.00,0.00,0.00,999.00,NOS,NOS,NOS,1,0.000,2985.00,,,0.000,,,,,,5624,1,,
3001,P-3001,Royalwood Sherwani 11495,89,,,,1495.00,3000.00,20.00,0.00,0.00,0.00,1499.00,NOS,NOS,NOS,1,0.000,4485.00,,,0.000,,,,,,5625,1,,
2983,P-2983,Royalwood Sherwani 12595,89,,,,2595.00,5200.00,20.00,0.00,0.00,0.00,2999.00,NOS,NOS,NOS,1,0.000,7785.00,,,0.000,,,,,,5601,1,,
3510,P-3510,Royalwood waist coat 1695,11,,,,695.00,1150.00,20.00,0.00,0.00,0.00,699.00,NOS,NOS,NOS,1,0.000,2025.00,,,0.000,,,,,,6193,1,,
3511,P-3511,Royalwood waist coat 1725,11,,,,725.00,1250.00,20.00,0.00,0.00,0.00,799.00,NOS,NOS,NOS,1,0.000,2175.00,,,0.000,,,,,,6194,1,,
3508,P-3508,Royalwood Waist Coat 1745,11,,,,745.00,1275.00,20.00,0.00,0.00,0.00,799.00,NOS,NOS,NOS,1,0.000,2235.00,,,0.000,,,,,,6191,1,,
2991,P-2991,Royalwood Waist Coat 1795,89,,,,795.00,1450.00,20.00,0.00,0.00,0.00,799.00,NOS,NOS,NOS,1,0.000,2385.00,,,0.000,,,,,,5613,1,,
2027,P-2027,Royalwood waist coat 88259,11,,,,625.00,1088.00,20.00,0.00,0.00,0.00,699.00,NOS,NOS,NOS,1,0.000,1875.00,,,0.000,,,,,,4611,1,,
2028,P-2028,Royalwood waist coat 88301,11,,,,695.00,1188.00,20.00,0.00,0.00,0.00,699.00,NOS,NOS,NOS,1,0.000,2085.00,,,0.000,,,,,,4612,1,,
2026,P-2026,Royalwood waist coat 88322,11,,,,695.00,1188.00,20.00,0.00,0.00,0.00,699.00,NOS,NOS,NOS,1,0.000,2085.00,,,0.000,,,,,,4610,1,,
2635,P-2635,Royalwood waist coat 88350,11,,,,725.00,1250.00,20.00,0.00,0.00,0.00,799.00,NOS,NOS,NOS,1,0.000,2175.00,,,0.000,,,,,,5222,1,,
611,P-0611,Rozal 1470,91,,,,470.00,640.00,0.00,0.00,0.00,0.00,499.00,NOS,NOS,NOS,1,0.000,800.00,,,0.000,,,,,,2680,1,,
2979,P-2979,RTM chinos 1529,44,,,,529.00,900.00,20.00,0.00,0.00,0.00,599.00,NOS,NOS,NOS,1,0.000,1587.00,,,0.000,,,,,,5597,1,,
31,P-0031,Rugdstar z3543 1290,7,,,,290.00,400.00,20.00,0.00,0.00,0.00,300.00,NOS,NOS,NOS,1,1.000,500.00,MEN'S COUNTER,CC2,9.000,,,,,,1067,1,,
546,P-0546,RZS 1290,11,,,,290.00,563.00,20.00,0.00,0.00,0.00,300.00,NOS,NOS,NOS,1,0.000,870.00,,,0.000,,,,,,2615,1,,
607,P-0607,RZS 1300,83,,,,300.00,500.00,0.00,0.00,0.00,0.00,399.00,NOS,NOS,NOS,1,0.000,625.00,,,0.000,,,,,,2676,1,,
1779,P-1779,RZS Gold 1230,4,,,,230.00,425.00,20.00,0.00,0.00,0.00,299.00,NOS,NOS,NOS,1,0.000,690.00,,,0.000,,,,,,4335,1,,
1914,P-1914,RZS Gold 1250,23,,,,250.00,425.00,20.00,0.00,0.00,0.00,250.00,NOS,NOS,NOS,1,0.000,750.00,,,0.000,,,,,,4472,1,,
1915,P-1915,RZS Gold 1270,23,,,,270.00,475.00,20.00,0.00,0.00,0.00,299.00,NOS,NOS,NOS,1,0.000,810.00,,,0.000,,,,,,4473,1,,
1780,P-1780,RZS Gold 1290,4,,,,290.00,525.00,20.00,0.00,0.00,0.00,299.00,NOS,NOS,NOS,1,0.000,870.00,,,0.000,,,,,,4336,1,,
1781,P-1781,RZS Gold 1300,4,,,,300.00,550.00,20.00,0.00,0.00,0.00,399.00,NOS,NOS,NOS,1,0.000,900.00,,,0.000,,,,,,4337,1,,
2239,P-2239,S W L 1239,7,,,,239.00,425.00,20.00,0.00,0.00,0.00,299.00,NOS,NOS,NOS,1,0.000,717.00,,,0.000,,,,,,4824,1,,
124,P-0124,Sahil JND 6003/1 1285,20,,,,285.00,400.00,20.00,0.00,0.00,0.00,300.00,NOS,NOS,NOS,1,0.000,500.00,Boy's counter,,3.000,,,,,,1265,1,,
733,P-0733,Salvia  1865,23,,,,865.00,1180.00,20.00,0.00,0.00,0.00,899.00,NOS,NOS,NOS,1,0.000,1475.00,,,3.000,,,,,,3127,1,,
3318,P-3318,Salvia 1225,60,,,,255.00,450.00,20.00,0.00,0.00,0.00,299.00,NOS,NOS,NOS,1,0.000,765.00,,,0.000,,,,,,5996,1,,
3331,P-3331,Salvia 1255,60,,,,255.00,450.00,20.00,0.00,0.00,0.00,299.00,NOS,NOS,NOS,1,0.000,765.00,,,0.000,,,,,,6010,1,,
3316,P-3316,salvia 1285,60,,,,285.00,500.00,20.00,0.00,0.00,0.00,299.00,NOS,NOS,NOS,1,0.000,855.00,,,0.000,,,,,,5994,1,,
3315,P-3315,salvia 1335,60,,,,335.00,575.00,20.00,0.00,0.00,0.00,399.00,NOS,NOS,NOS,1,0.000,1005.00,,,0.000,,,,,,5993,1,,
3327,P-3327,Salvia 1415,60,,,,415.00,725.00,20.00,0.00,0.00,0.00,499.00,NOS,NOS,NOS,1,0.000,1245.00,,,0.000,,,,,,6006,1,,
525,P-0525,Salvia 1495,91,,,,495.00,680.00,0.00,0.00,0.00,0.00,500.00,NOS,NOS,NOS,1,0.000,850.00,,,0.000,,,,,,2594,1,,
524,P-0524,Salvia 1575,91,,,,575.00,840.00,20.00,0.00,0.00,0.00,550.00,NOS,NOS,NOS,1,0.000,1050.00,,,0.000,,,,,,2593,1,,
1777,P-1777,Salvia 1585,4,,,,585.00,1050.00,20.00,0.00,0.00,0.00,599.00,NOS,NOS,NOS,1,0.000,1755.00,,,0.000,,,,,,4333,1,,
1778,P-1778,Salvia 1605,4,,,,605.00,1075.00,20.00,0.00,0.00,0.00,699.00,NOS,NOS,NOS,1,0.000,1815.00,,,0.000,,,,,,4334,1,,
1918,P-1918,Salvia 1715,23,,,,715.00,1225.00,20.00,0.00,0.00,0.00,799.00,NOS,NOS,NOS,1,0.000,2145.00,,,0.000,,,,,,4480,1,,
1919,P-1919,Salvia 1765,23,,,,765.00,1300.00,20.00,0.00,0.00,0.00,799.00,NOS,NOS,NOS,1,0.000,2295.00,,,0.000,,,,,,4481,1,,
1913,P-1913,Salvia jacket 1765,23,,,,765.00,1300.00,20.00,0.00,0.00,0.00,799.00,NOS,NOS,NOS,1,0.000,2295.00,,,0.000,,,,,,4471,1,,
664,P-0664,Salvia kids wear,23,,,,755.00,1030.00,20.00,0.00,0.00,0.00,799.00,NOS,NOS,NOS,1,0.000,1288.00,,,2.000,,,,,,2789,1,,
664,P-0664,Salvia kids wear,23,,,,755.00,1030.00,20.00,0.00,0.00,0.00,799.00,NOS,NOS,NOS,1,0.000,1288.00,,,3.000,,,,,,2790,1,,
664,P-0664,Salvia kids wear,23,,,,755.00,1030.00,20.00,0.00,0.00,0.00,799.00,NOS,NOS,NOS,1,0.000,1288.00,,,2.000,,,,,,2791,1,,
664,P-0664,Salvia kids wear,23,,,,755.00,1030.00,20.00,0.00,0.00,0.00,799.00,NOS,NOS,NOS,1,0.000,1288.00,,,6.000,,,,,,2792,1,,
664,P-0664,Salvia kids wear,23,,,,755.00,1030.00,20.00,0.00,0.00,0.00,799.00,NOS,NOS,NOS,1,0.000,1288.00,,,5.000,,,,,,2793,1,,
664,P-0664,Salvia kids wear,23,,,,755.00,1030.00,20.00,0.00,0.00,0.00,799.00,NOS,NOS,NOS,1,0.000,1288.00,,,2.000,,,,,,2794,1,,
219,P-0219,Sambhavi (Tshirt),52,gbb,,,175.00,120.00,20.00,0.00,0.00,0.00,99.00,NOS,NOS,NOS,1,0.000,150.00,,,4.000,,,,,,1619,1,,
2222,P-2222,Sangat 1104,7,,,,104.00,188.00,20.00,0.00,0.00,0.00,129.00,NOS,NOS,NOS,1,0.000,312.00,,,0.000,,,,,,4807,1,,
1220,P-1220,Sangat 1113,20,,,,113.00,160.00,20.00,0.00,0.00,0.00,159.00,NOS,NOS,NOS,1,0.000,200.00,,,0.000,,,,,,3670,1,,
1223,P-1223,Sangat 1121,20,,,,121.00,180.00,20.00,0.00,0.00,0.00,149.00,NOS,NOS,NOS,1,0.000,225.00,,,0.000,,,,,,3673,1,,
1050,P-1050,Sangat 1124,20,,,,124.00,180.00,20.00,0.00,0.00,0.00,139.00,NOS,NOS,NOS,1,0.000,225.00,,,0.000,,,,,,3500,1,,
1217,P-1217,Sangat 1132,20,,,,132.00,200.00,20.00,0.00,0.00,0.00,149.00,NOS,NOS,NOS,1,0.000,250.00,,,0.000,,,,,,3667,1,,
510,P-0510,Sangat 1152,87,,,,152.00,220.00,10.00,0.00,0.00,0.00,200.00,NOS,NOS,NOS,1,0.000,275.00,,,0.000,,,,,,2579,1,,
533,P-0533,Sangat 1170,87,,,,170.00,250.00,20.00,0.00,0.00,0.00,200.00,NOS,NOS,NOS,1,0.000,315.00,,,0.000,,,,,,2602,1,,
2235,P-2235,Sangat 1193,7,,,,193.00,350.00,20.00,0.00,0.00,0.00,199.00,NOS,NOS,NOS,1,0.000,579.00,,,0.000,,,,,,4820,1,,
1662,P-1662,Sangat 1194,19,,,,194.00,350.00,20.00,0.00,0.00,0.00,199.00,NOS,NOS,NOS,1,0.000,582.00,,,0.000,,,,,,4218,1,,
1607,P-1607,Sangat 1205,19,,,,205.00,375.00,20.00,0.00,0.00,0.00,299.00,NOS,NOS,NOS,1,0.000,615.00,,,0.000,,,,,,4161,1,,
1692,P-1692,Sangat 1207,19,,,,207.00,375.00,20.00,0.00,0.00,0.00,299.00,NOS,NOS,NOS,1,0.000,621.00,,,0.000,,,,,,4248,1,,
1604,P-1604,Sangat 1239,19,,,,239.00,425.00,20.00,0.00,0.00,0.00,299.00,NOS,NOS,NOS,1,0.000,717.00,,,0.000,,,,,,4158,1,,
1661,P-1661,Sangat 1263,19,,,,263.00,475.00,20.00,0.00,0.00,0.00,279.00,NOS,NOS,NOS,1,0.000,789.00,,,0.000,,,,,,4217,1,,
373,P-0373,Saroj Cargo,5,,,,300.00,600.00,0.00,0.00,0.00,0.00,350.00,NOS,NOS,NOS,1,0.000,750.00,,,0.000,,,,,,2232,1,,
3038,P-3038,sehra set for groom 1750,146,,,,750.00,1875.00,20.00,0.00,0.00,0.00,799.00,NOS,NOS,NOS,1,0.000,2250.00,,,0.000,,,,,,5676,1,,
748,P-0748,Sequence  kurta 1350,3,,,,350.00,500.00,20.00,0.00,0.00,0.00,399.00,NOS,NOS,NOS,1,0.000,625.00,,,0.000,,,,,,3153,1,,
1241,P-1241,sequence kurta,3,,,,400.00,750.00,20.00,0.00,0.00,0.00,499.00,NOS,NOS,NOS,1,0.000,1200.00,,,0.000,,,,,,3691,1,,
740,P-0740,servani,33,,,,241.00,21.00,0.00,0.00,0.00,0.00,24.00,NOS,NOS,NOS,1,0.000,2341.00,,,0.000,,,,,,3144,1,,
3278,P-3278,Shadow 1251,33,,,,251.00,450.00,20.00,0.00,0.00,0.00,299.00,NOS,NOS,NOS,1,0.000,753.00,,,0.000,,,,,,5945,1,,
3141,P-3141,Shadow 1292,60,,,,292.00,500.00,20.00,0.00,0.00,0.00,299.00,NOS,NOS,NOS,1,0.000,876.00,,,0.000,,,,,,5802,1,,
3140,P-3140,Shadow 1294,60,,,,294.00,500.00,20.00,0.00,0.00,0.00,299.00,NOS,NOS,NOS,1,0.000,882.00,,,0.000,,,,,,5801,1,,
3277,P-3277,Shadow 1296,33,,,,296.00,525.00,20.00,0.00,0.00,0.00,299.00,NOS,NOS,NOS,1,0.000,888.00,,,0.000,,,,,,5944,1,,
793,P-0793,Sherwani SKD set,82,,,,650.00,960.00,20.00,0.00,0.00,0.00,699.00,NOS,NOS,NOS,1,0.000,1200.00,,,0.000,,,,,,3234,1,,
190,P-0190,shirt,2,gbb,,,290.00,400.00,20.00,0.00,0.00,0.00,299.00,NOS,NOS,NOS,1,0.000,500.00,,,3.000,,,,M,,1411,1,,
190,P-0190,shirt,2,gbb,,,290.00,400.00,20.00,0.00,0.00,0.00,299.00,NOS,NOS,NOS,1,0.000,500.00,,,1.000,,,,M,,1412,1,,
190,P-0190,shirt,2,gbb,,,290.00,400.00,20.00,0.00,0.00,0.00,299.00,NOS,NOS,NOS,1,0.000,500.00,,,2.000,,,,M,,1413,1,,
190,P-0190,shirt,2,gbb,,,290.00,400.00,20.00,0.00,0.00,0.00,299.00,NOS,NOS,NOS,1,0.000,500.00,,,1.000,,,,L,,1414,1,,
787,P-0787,Shirt Pants Fabric Combo,2,,,,139.00,252.00,20.00,0.00,0.00,0.00,199.00,NOS,NOS,NOS,1,0.000,315.00,,,0.000,,,,,,3226,1,,
359,P-0359,SHORTY(panty) OP,74,,,,86.00,132.00,0.00,2.50,2.50,0.00,99.00,NOS,NOS,NOS,1,0.000,165.00,,,6.000,,,,S,,2096,1,,
622,P-0622,Silver chilly 1542,87,,,,542.00,740.00,20.00,0.00,0.00,0.00,599.00,NOS,NOS,NOS,1,0.000,925.00,,,0.000,,,,,,2691,1,,
621,P-0621,Silver chilly 1554,87,,,,554.00,760.00,20.00,0.00,0.00,0.00,599.00,NOS,NOS,NOS,1,0.000,950.00,,,0.000,,,,,,2690,1,,
628,P-0628,Silver chilly 1588,91,,,,588.00,800.00,20.00,0.00,0.00,0.00,599.00,NOS,NOS,NOS,1,0.000,999.00,,,0.000,,,,,,2697,1,,
437,P-0437,Sim Sim 1095,87,,,,95.00,150.00,20.00,0.00,0.00,0.00,99.00,NOS,NOS,NOS,1,0.000,188.00,,,0.000,,,,,,2501,1,,
438,P-0438,Sim Sim 1102,87,,,,102.00,160.00,20.00,0.00,0.00,0.00,109.00,NOS,NOS,NOS,1,0.000,200.00,,,0.000,,,,,,2502,1,,
542,P-0542,Sim Sim 1109,91,,,,109.00,160.00,20.00,0.00,0.00,0.00,150.00,NOS,NOS,NOS,1,0.000,200.00,,,0.000,,,,,,2611,1,,
526,P-0526,Sim sim 1110,87,,,,110.00,180.00,0.00,0.00,0.00,0.00,150.00,NOS,NOS,NOS,1,0.000,225.00,,,0.000,,,,,,2595,1,,
439,P-0439,Sim Sim 1116,87,,,,116.00,160.00,20.00,0.00,0.00,0.00,109.00,NOS,NOS,NOS,1,0.000,200.00,,,0.000,,,,,,2503,1,,
589,P-0589,Sim Sim 1123,63,,,,123.00,180.00,20.00,0.00,0.00,0.00,138.00,NOS,NOS,NOS,1,0.000,225.00,,,0.000,,,,,,2658,1,,
532,P-0532,Sim Sim 1125,87,,,,125.00,200.00,20.00,0.00,0.00,0.00,200.00,NOS,NOS,NOS,1,0.000,250.00,,,0.000,,,,,,2601,1,,
590,P-0590,Sim Sim 1133,63,,,,133.00,190.00,20.00,0.00,0.00,0.00,138.00,NOS,NOS,NOS,1,0.000,238.00,,,0.000,,,,,,2659,1,,
591,P-0591,Sim Sim 1143,63,,,,143.00,200.00,20.00,0.00,0.00,0.00,159.00,NOS,NOS,NOS,1,0.000,250.00,,,0.000,,,,,,2660,1,,
1394,P-1394,Simran,19,,,,120.00,250.00,20.00,0.00,0.00,0.00,200.00,NOS,NOS,NOS,1,0.000,360.00,,,0.000,,,,,,3850,1,,
1395,P-1395,simran -1,19,,,,144.00,275.00,20.00,0.00,0.00,0.00,199.00,NOS,NOS,NOS,1,0.000,432.00,,,0.000,,,,,,3851,1,,
1690,P-1690,Simran 1122,19,,,,122.00,250.00,20.00,0.00,0.00,0.00,199.00,NOS,NOS,NOS,1,0.000,366.00,,,0.000,,,,,,4246,1,,
1636,P-1636,Simran 1134,56,,,,134.00,288.00,20.00,0.00,0.00,0.00,139.00,NOS,NOS,NOS,1,0.000,402.00,,,0.000,,,,,,4191,1,,
1638,P-1638,Simran 1140,56,,,,140.00,288.00,20.00,0.00,0.00,0.00,149.00,NOS,NOS,NOS,1,0.000,420.00,,,0.000,,,,,,4193,1,,
1010,P-1010,Simran 1142,60,,,,142.00,200.00,20.00,0.00,0.00,0.00,149.00,NOS,NOS,NOS,1,0.000,250.00,,,0.000,,,,,,3460,1,,
1637,P-1637,Simran 1149,56,,,,149.00,288.00,20.00,0.00,0.00,0.00,159.00,NOS,NOS,NOS,1,0.000,447.00,,,0.000,,,,,,4192,1,,
1639,P-1639,Simran 1154,56,,,,154.00,315.00,20.00,0.00,0.00,0.00,159.00,NOS,NOS,NOS,1,0.000,462.00,,,0.000,,,,,,4194,1,,
1782,P-1782,Simran 1180,56,,,,180.00,325.00,20.00,0.00,0.00,0.00,199.00,NOS,NOS,NOS,1,0.000,540.00,,,0.000,,,,,,4338,1,,
1671,P-1671,Simran 1188,19,,,,188.00,350.00,20.00,0.00,0.00,0.00,199.00,NOS,NOS,NOS,1,0.000,564.00,,,0.000,,,,,,4227,1,,
1624,P-1624,Simran 1209,19,,,,209.00,375.00,20.00,0.00,0.00,0.00,259.00,NOS,NOS,NOS,1,0.000,627.00,,,0.000,,,,,,4180,1,,
1623,P-1623,Simran 1210,19,,,,210.00,375.00,20.00,0.00,0.00,0.00,259.00,NOS,NOS,NOS,1,0.000,630.00,,,0.000,,,,,,4179,1,,
1649,P-1649,Simran 1222,56,,,,222.00,400.00,20.00,0.00,0.00,0.00,399.00,NOS,NOS,NOS,1,0.000,999.00,,,0.000,,,,,,4205,1,,
1625,P-1625,Simran 1234,19,,,,234.00,425.00,20.00,0.00,0.00,0.00,259.00,NOS,NOS,NOS,1,0.000,702.00,,,0.000,,,,,,4181,1,,
1011,P-1011,Simsim 1110,60,,,,110.00,160.00,20.00,0.00,0.00,0.00,129.00,NOS,NOS,NOS,1,0.000,200.00,,,0.000,,,,,,3461,1,,
1012,P-1012,Simsim 1116,60,,,,116.00,160.00,0.00,0.00,0.00,0.00,129.00,NOS,NOS,NOS,1,0.000,200.00,,,0.000,,,,,,3462,1,,
1013,P-1013,Simsim 1127,20,,,,127.00,200.00,20.00,0.00,0.00,0.00,199.00,NOS,NOS,NOS,1,0.000,250.00,,,0.000,,,,,,3463,1,,
712,P-0712,Skivi for girls,99,,,,290.00,400.00,20.00,0.00,0.00,0.00,299.00,NOS,NOS,NOS,1,0.000,500.00,,,3.000,,,,,,3035,1,,
712,P-0712,Skivi for girls,99,,,,290.00,400.00,20.00,0.00,0.00,0.00,299.00,NOS,NOS,NOS,1,0.000,500.00,,,6.000,,,,,,3036,1,,
712,P-0712,Skivi for girls,99,,,,290.00,400.00,20.00,0.00,0.00,0.00,299.00,NOS,NOS,NOS,1,0.000,500.00,,,13.000,,,,,,3037,1,,
712,P-0712,Skivi for girls,99,,,,290.00,400.00,20.00,0.00,0.00,0.00,299.00,NOS,NOS,NOS,1,0.000,500.00,,,8.000,,,,,,3038,1,,
712,P-0712,Skivi for girls,99,,,,290.00,400.00,20.00,0.00,0.00,0.00,299.00,NOS,NOS,NOS,1,0.000,500.00,,,3.000,,,,,,3039,1,,
1443,P-1443,Socks,93,,,,20.00,51.00,20.00,0.00,0.00,0.00,29.00,NOS,NOS,NOS,1,0.000,63.00,,,76.000,,,,,,3918,1,,
1354,P-1354,Socks 1023,125,,,,23.00,63.00,20.00,0.00,0.00,0.00,29.00,NOS,NOS,NOS,1,0.000,87.00,,,0.000,,,,,,3805,1,,
1356,P-1356,Socks 1036,125,,,,36.00,125.00,20.00,0.00,0.00,0.00,39.00,NOS,NOS,NOS,1,0.000,188.00,,,0.000,,,,,,3807,1,,
247,P-0247,Softy Vest W RN,57,61099010,,,63.40,100.00,20.00,2.50,2.50,0.00,70.00,NOS,NOS,NOS,1,0.000,231.00,,,0.000,,,,95,,8904122411015,1,,
247,P-0247,Softy Vest W RN,57,61099010,,,63.40,100.00,20.00,2.50,2.50,0.00,70.00,NOS,NOS,NOS,1,0.000,231.00,,,0.000,,,,100,,8904122411022,1,,
247,P-0247,Softy Vest W RN,57,61099010,,,63.40,100.00,20.00,2.50,2.50,0.00,70.00,NOS,NOS,NOS,1,0.000,231.00,,,0.000,,,,85,,8904122410995,1,,
247,P-0247,Softy Vest W RN,57,61099010,,,63.40,100.00,20.00,2.50,2.50,0.00,70.00,NOS,NOS,NOS,1,0.000,231.00,,,0.000,,,,90,,8904122411008,1,,
247,P-0247,Softy Vest W RN,57,61099010,,,63.40,100.00,20.00,2.50,2.50,0.00,70.00,NOS,NOS,NOS,1,0.000,231.00,,,8.000,,,,80,,8904122410988,1,,
782,P-0782,SP chinos,6,,,,550.00,700.00,0.00,0.00,0.00,0.00,599.00,NOS,NOS,NOS,1,0.000,875.00,,,0.000,,,,,,3220,1,,
786,P-0786,SP Cotton chinos,13,,,,450.00,700.00,20.00,0.00,0.00,0.00,499.00,NOS,NOS,NOS,1,0.000,875.00,,,0.000,,,,,,3224,1,,
786,P-0786,SP Cotton chinos,13,,,,450.00,700.00,20.00,0.00,0.00,0.00,499.00,NOS,NOS,NOS,1,0.000,875.00,,,0.000,,,,,,3225,1,,
785,P-0785,SP formal pants,13,,,,350.00,600.00,20.00,0.00,0.00,0.00,399.00,NOS,NOS,NOS,1,0.000,1050.00,,,0.000,,,,,,3223,1,,
781,P-0781,SP Formal Trouser,5,,,,400.00,650.00,20.00,0.00,0.00,0.00,499.00,NOS,NOS,NOS,1,0.000,1200.00,,,0.000,,,,,,3219,1,,
780,P-0780,SP Jeans,5,,,,550.00,875.00,20.00,0.00,0.00,0.00,599.00,NOS,NOS,NOS,1,0.000,1650.00,,,0.000,,,,,,3218,1,,
348,P-0348,Sport Zone (slips),75,,,,58.00,78.00,0.00,0.00,0.00,0.00,75.00,NOS,NOS,NOS,1,0.000,98.00,,,8.000,,,,90,,2050,1,,
348,P-0348,Sport Zone (slips),75,,,,58.00,78.00,0.00,0.00,0.00,0.00,75.00,NOS,NOS,NOS,1,0.000,98.00,,,2.000,,,,80,,2051,1,,
348,P-0348,Sport Zone (slips),75,,,,58.00,78.00,0.00,0.00,0.00,0.00,75.00,NOS,NOS,NOS,1,0.000,98.00,,,0.000,,,,75,,2052,1,,
348,P-0348,Sport Zone (slips),75,,,,58.00,78.00,0.00,0.00,0.00,0.00,75.00,NOS,NOS,NOS,1,0.000,98.00,,,0.000,,,,85,,2053,1,,
348,P-0348,Sport Zone (slips),75,,,,58.00,78.00,0.00,0.00,0.00,0.00,75.00,NOS,NOS,NOS,1,0.000,98.00,,,0.000,,,,95,,2054,1,,
348,P-0348,Sport Zone (slips),75,,,,58.00,78.00,0.00,0.00,0.00,0.00,75.00,NOS,NOS,NOS,1,0.000,98.00,,,0.000,,,,100,,2055,1,,
1344,P-1344,Star Baby 1275,121,,,,275.00,380.00,20.00,0.00,0.00,0.00,299.00,NOS,NOS,NOS,1,0.000,475.00,,,0.000,,,,,,3795,1,,
1349,P-1349,Star baby 1290,122,,,,290.00,400.00,20.00,0.00,0.00,0.00,299.00,NOS,NOS,NOS,1,0.000,500.00,,,0.000,,,,,,3800,1,,
1345,P-1345,Star baby 1348,105,,,,348.00,500.00,0.00,0.00,0.00,0.00,399.00,NOS,NOS,NOS,1,0.000,625.00,,,0.000,,,,,,3796,1,,
1397,P-1397,Star Polo,7,,,,230.00,320.00,0.00,0.00,0.00,0.00,299.00,NOS,NOS,NOS,1,0.000,400.00,,,0.000,,,,,,3853,1,,
1398,P-1398,Star polo -1,7,,,,260.00,450.00,20.00,0.00,0.00,0.00,299.00,NOS,NOS,NOS,1,0.000,780.00,,,0.000,,,,,,3854,1,,
1151,P-1151,Star Polo 1170,7,,,,170.00,240.00,20.00,0.00,0.00,0.00,199.00,NOS,NOS,NOS,1,0.000,300.00,,,0.000,,,,,,3601,1,,
1152,P-1152,Star Polo 1185,7,,,,185.00,325.00,20.00,0.00,0.00,0.00,199.00,NOS,NOS,NOS,1,0.000,555.00,,,0.000,,,,,,3602,1,,
2383,P-2383,Star Polo 1200,7,,,,200.00,350.00,20.00,0.00,0.00,0.00,239.00,NOS,NOS,NOS,1,0.000,600.00,,,0.000,,,,,,4970,1,,
2858,P-2858,Star Polo 1260,19,,,,260.00,450.00,20.00,0.00,0.00,0.00,299.00,NOS,NOS,NOS,1,0.000,780.00,,,0.000,,,,,,5480,1,,
1146,P-1146,Star Polo 1275,7,,,,275.00,380.00,20.00,0.00,0.00,0.00,299.00,NOS,NOS,NOS,1,0.000,475.00,,,0.000,,,,,,3596,1,,
2362,P-2362,Star polo 1300,7,,,,300.00,525.00,20.00,0.00,0.00,0.00,399.00,NOS,NOS,NOS,1,0.000,900.00,,,0.000,,,,,,4949,1,,
1911,P-1911,Star Polo 1400,87,,,,400.00,688.00,20.00,0.00,0.00,0.00,499.00,NOS,NOS,NOS,1,0.000,1200.00,,,0.000,,,,,,4469,1,,
1981,P-1981,Star polo 1420,87,,,,420.00,725.00,20.00,0.00,0.00,0.00,499.00,NOS,NOS,NOS,1,0.000,1260.00,,,0.000,,,,,,4547,1,,
1399,P-1399,Star polo -2,7,,,,230.00,400.00,20.00,0.00,0.00,0.00,299.00,NOS,NOS,NOS,1,0.000,690.00,,,0.000,,,,,,3855,1,,
1486,P-1486,STAR POLO T SHIRT 1230,7,,,,230.00,415.00,20.00,0.00,0.00,0.00,240.00,NOS,NOS,NOS,1,0.000,690.00,,,0.000,,,,,,4045,1,,
48,P-0048,Starpolo 1155,7,,,,155.00,280.00,0.00,0.00,0.00,0.00,200.00,NOS,NOS,NOS,1,0.000,350.00,MEN'S COUNTER,,4.000,,,,,,1085,1,,
32,P-0032,Starpolo R2037 1185,7,,,,185.00,300.00,20.00,0.00,0.00,0.00,200.00,NOS,NOS,NOS,1,1.000,375.00,MEN'S COUNTER,CC2,5.000,,,,,,1068,1,,
2579,P-2579,STD 1645,25,,,,645.00,1100.00,20.00,0.00,0.00,0.00,699.00,NOS,NOS,NOS,1,0.000,1935.00,,,0.000,,,,,,5150,1,,
301,P-0301,Stylish dresses for girls,63,,,,321.00,440.00,20.00,0.00,0.00,0.00,399.00,NOS,NOS,NOS,1,0.000,550.00,,,1.000,,,,28,,1714,1,,
301,P-0301,Stylish dresses for girls,63,,,,321.00,440.00,20.00,0.00,0.00,0.00,399.00,NOS,NOS,NOS,1,0.000,550.00,,,4.000,,,,,,1715,1,,
301,P-0301,Stylish dresses for girls,63,,,,321.00,440.00,20.00,0.00,0.00,0.00,399.00,NOS,NOS,NOS,1,0.000,550.00,,,3.000,,,,28-32,,1716,1,,
301,P-0301,Stylish dresses for girls,63,,,,321.00,440.00,20.00,0.00,0.00,0.00,399.00,NOS,NOS,NOS,1,0.000,550.00,,,3.000,,,,28-32,,1717,1,,
301,P-0301,Stylish dresses for girls,63,,,,321.00,440.00,20.00,0.00,0.00,0.00,399.00,NOS,NOS,NOS,1,0.000,550.00,,,2.000,,,,,,1718,1,,
301,P-0301,Stylish dresses for girls,63,,,,321.00,440.00,20.00,0.00,0.00,0.00,399.00,NOS,NOS,NOS,1,0.000,550.00,,,3.000,,,,,,1719,1,,
301,P-0301,Stylish dresses for girls,63,,,,321.00,440.00,20.00,0.00,0.00,0.00,399.00,NOS,NOS,NOS,1,0.000,550.00,,,5.000,,,,28-32,,1720,1,,
301,P-0301,Stylish dresses for girls,63,,,,321.00,440.00,20.00,0.00,0.00,0.00,399.00,NOS,NOS,NOS,1,0.000,550.00,,,2.000,,,,,,1721,1,,
301,P-0301,Stylish dresses for girls,63,,,,321.00,440.00,20.00,0.00,0.00,0.00,399.00,NOS,NOS,NOS,1,0.000,550.00,,,2.000,,,,,,1722,1,,
301,P-0301,Stylish dresses for girls,63,,,,321.00,440.00,20.00,0.00,0.00,0.00,399.00,NOS,NOS,NOS,1,0.000,550.00,,,2.000,,,,,,1723,1,,
301,P-0301,Stylish dresses for girls,63,,,,321.00,440.00,20.00,0.00,0.00,0.00,399.00,NOS,NOS,NOS,1,0.000,550.00,,,2.000,,,,,,1724,1,,
301,P-0301,Stylish dresses for girls,63,,,,321.00,440.00,20.00,0.00,0.00,0.00,399.00,NOS,NOS,NOS,1,0.000,550.00,,,2.000,,,,,,1826,1,,
301,P-0301,Stylish dresses for girls,63,,,,321.00,440.00,20.00,0.00,0.00,0.00,399.00,NOS,NOS,NOS,1,0.000,550.00,,,5.000,,,,,,1827,1,,
301,P-0301,Stylish dresses for girls,63,,,,321.00,440.00,20.00,0.00,0.00,0.00,399.00,NOS,NOS,NOS,1,0.000,550.00,,,4.000,,,,,,1828,1,,
301,P-0301,Stylish dresses for girls,63,,,,321.00,440.00,20.00,0.00,0.00,0.00,399.00,NOS,NOS,NOS,1,0.000,550.00,,,2.000,,,,,,1829,1,,
301,P-0301,Stylish dresses for girls,63,,,,321.00,440.00,20.00,0.00,0.00,0.00,399.00,NOS,NOS,NOS,1,0.000,550.00,,,2.000,,,,,,1830,1,,
301,P-0301,Stylish dresses for girls,63,,,,321.00,440.00,20.00,0.00,0.00,0.00,399.00,NOS,NOS,NOS,1,0.000,550.00,,,2.000,,,,,,1831,1,,
301,P-0301,Stylish dresses for girls,63,,,,321.00,440.00,20.00,0.00,0.00,0.00,399.00,NOS,NOS,NOS,1,0.000,550.00,,,5.000,,,,,,1832,1,,
301,P-0301,Stylish dresses for girls,63,,,,321.00,440.00,20.00,0.00,0.00,0.00,399.00,NOS,NOS,NOS,1,0.000,550.00,,,8.000,,,,,,1833,1,,
301,P-0301,Stylish dresses for girls,63,,,,321.00,440.00,20.00,0.00,0.00,0.00,399.00,NOS,NOS,NOS,1,0.000,550.00,,,8.000,,,,,,1834,1,,
301,P-0301,Stylish dresses for girls,63,,,,321.00,440.00,20.00,0.00,0.00,0.00,399.00,NOS,NOS,NOS,1,0.000,550.00,,,14.000,,,,,,1835,1,,
301,P-0301,Stylish dresses for girls,63,,,,321.00,440.00,20.00,0.00,0.00,0.00,399.00,NOS,NOS,NOS,1,0.000,550.00,,,2.000,,,,,,1836,1,,
301,P-0301,Stylish dresses for girls,63,,,,321.00,440.00,20.00,0.00,0.00,0.00,399.00,NOS,NOS,NOS,1,0.000,550.00,,,3.000,,,,,,1837,1,,
301,P-0301,Stylish dresses for girls,63,,,,321.00,440.00,20.00,0.00,0.00,0.00,399.00,NOS,NOS,NOS,1,0.000,550.00,,,4.000,,,,,,1838,1,,
301,P-0301,Stylish dresses for girls,63,,,,321.00,440.00,20.00,0.00,0.00,0.00,399.00,NOS,NOS,NOS,1,0.000,550.00,,,3.000,,,,,,1839,1,,
288,P-0288,Stylish suits set,64,gbb,,,740.00,1250.00,20.00,0.00,0.00,0.00,888.00,NOS,NOS,NOS,1,0.000,2220.00,,,2.000,,,,Free,,1683,1,,
288,P-0288,Stylish suits set,64,gbb,,,740.00,1250.00,20.00,0.00,0.00,0.00,888.00,NOS,NOS,NOS,1,0.000,2220.00,,,1.000,,,,Free,,1684,1,,
288,P-0288,Stylish suits set,64,gbb,,,740.00,1250.00,20.00,0.00,0.00,0.00,888.00,NOS,NOS,NOS,1,0.000,2220.00,,,1.000,,,,Free,,1685,1,,
288,P-0288,Stylish suits set,64,gbb,,,740.00,1250.00,20.00,0.00,0.00,0.00,888.00,NOS,NOS,NOS,1,0.000,2220.00,,,1.000,,,,Free,,1686,1,,
288,P-0288,Stylish suits set,64,gbb,,,740.00,1250.00,20.00,0.00,0.00,0.00,888.00,NOS,NOS,NOS,1,0.000,2220.00,,,4.000,,,,Free,,1687,1,,
288,P-0288,Stylish suits set,64,gbb,,,740.00,1250.00,20.00,0.00,0.00,0.00,888.00,NOS,NOS,NOS,1,0.000,2220.00,,,4.000,,,,Free,,1688,1,,
288,P-0288,Stylish suits set,64,gbb,,,740.00,1250.00,20.00,0.00,0.00,0.00,888.00,NOS,NOS,NOS,1,0.000,2220.00,,,6.000,,,,Free,,1689,1,,
288,P-0288,Stylish suits set,64,gbb,,,740.00,1250.00,20.00,0.00,0.00,0.00,888.00,NOS,NOS,NOS,1,0.000,2220.00,,,2.000,,,,Free,,1690,1,,
288,P-0288,Stylish suits set,64,gbb,,,740.00,1250.00,20.00,0.00,0.00,0.00,888.00,NOS,NOS,NOS,1,0.000,2220.00,,,9.000,,,,Free,,1692,1,,
288,P-0288,Stylish suits set,64,gbb,,,740.00,1250.00,20.00,0.00,0.00,0.00,888.00,NOS,NOS,NOS,1,0.000,2220.00,,,7.000,,,,Free,,1691,1,,
288,P-0288,Stylish suits set,64,gbb,,,740.00,1250.00,20.00,0.00,0.00,0.00,888.00,NOS,NOS,NOS,1,0.000,2220.00,,,4.000,,,,Free,,1693,1,,
288,P-0288,Stylish suits set,64,gbb,,,740.00,1250.00,20.00,0.00,0.00,0.00,888.00,NOS,NOS,NOS,1,0.000,2220.00,,,5.000,,,,Free,,1694,1,,
288,P-0288,Stylish suits set,64,gbb,,,740.00,1250.00,20.00,0.00,0.00,0.00,888.00,NOS,NOS,NOS,1,0.000,2220.00,,,2.000,,,,Free,,1695,1,,
364,P-0364,Suit 5 piece,77,,,,2000.00,2520.00,0.00,0.00,0.00,0.00,2100.00,NOS,NOS,NOS,1,0.000,3150.00,,,1.000,,,,,,2300,1,,
742,P-0742,Suit cover,106,,,,1560.00,100.00,0.00,0.00,0.00,0.00,80.00,NOS,NOS,NOS,1,0.000,125.00,,,0.000,,,,,,3147,1,,
375,P-0375,suit set  PCS,53,,,,352.00,352.00,0.00,0.00,0.00,0.00,76.00,NOS,NOS,NOS,1,0.000,32.00,,,1.000,,,,,,2416,1,,
3301,P-3301,sunny 1205,33,,,,205.00,350.00,20.00,0.00,0.00,0.00,299.00,NOS,NOS,NOS,1,0.000,615.00,,,0.000,,,,,,5969,1,,
984,P-0984,Sunny 1215,20,,,,215.00,375.00,20.00,0.00,0.00,0.00,291.00,NOS,NOS,NOS,1,0.000,645.00,,,0.000,,,,,,3434,1,,
3300,P-3300,sunny 1225,33,,,,225.00,400.00,20.00,0.00,0.00,0.00,299.00,NOS,NOS,NOS,1,0.000,675.00,,,0.000,,,,,,5968,1,,
3299,P-3299,sunny 1235,33,,,,235.00,400.00,20.00,0.00,0.00,0.00,299.00,NOS,NOS,NOS,1,0.000,705.00,,,0.000,,,,,,5967,1,,
151,P-0151,Sunny 1245,20,gbb,,,245.00,340.00,20.00,0.00,0.00,0.00,299.00,NOS,NOS,NOS,1,0.000,425.00,Boy's counter,,1.000,,,,,,1292,1,,
983,P-0983,Sunny 1275,60,,,,275.00,380.00,20.00,0.00,0.00,0.00,299.00,NOS,NOS,NOS,1,0.000,475.00,,,0.000,,,,,,3433,1,,
1890,P-1890,Super Dolphin 1308,87,,,,308.00,525.00,20.00,0.00,0.00,0.00,399.00,NOS,NOS,NOS,1,0.000,924.00,,,0.000,,,,,,4448,1,,
637,P-0637,Super Dolphin 1541,91,,,,541.00,740.00,20.00,0.00,0.00,0.00,599.00,NOS,NOS,NOS,1,0.000,925.00,,,0.000,,,,,,2706,1,,
1910,P-1910,Super Dolphin 1583,87,,,,583.00,1000.00,20.00,0.00,0.00,0.00,599.00,NOS,NOS,NOS,1,0.000,1749.00,,,0.000,,,,,,4468,1,,
1907,P-1907,Super Dolphin 1605,87,,,,605.00,1050.00,20.00,0.00,0.00,0.00,699.00,NOS,NOS,NOS,1,0.000,1815.00,,,0.000,,,,,,4466,1,,
1774,P-1774,Super track 1285,7,,,,285.00,525.00,20.00,0.00,0.00,0.00,299.00,NOS,NOS,NOS,1,0.000,855.00,,,0.000,,,,,,4330,1,,
1804,P-1804,Super track 1295,7,,,,295.00,525.00,20.00,0.00,0.00,0.00,299.00,NOS,NOS,NOS,1,0.000,885.00,,,0.000,,,,,,4361,1,,
1808,P-1808,Super track 1510,7,,,,510.00,900.00,20.00,0.00,0.00,0.00,599.00,NOS,NOS,NOS,1,0.000,1530.00,,,0.000,,,,,,4365,1,,
1809,P-1809,Super track 1530,7,,,,530.00,950.00,20.00,0.00,0.00,0.00,599.00,NOS,NOS,NOS,1,0.000,1590.00,,,0.000,,,,,,4367,1,,
1071,P-1071,Super V 1205,20,,,,205.00,280.00,20.00,0.00,0.00,0.00,249.00,NOS,NOS,NOS,1,0.000,350.00,,,0.000,,,,,,3521,1,,
784,P-0784,Supporter 1065,113,,,,65.00,188.00,20.00,0.00,0.00,0.00,79.00,NOS,NOS,NOS,1,0.000,195.00,,,6.000,,,,,,3222,1,,
2551,P-2551,Sweat Babbly 1441,60,,,,441.00,750.00,20.00,0.00,0.00,0.00,499.00,NOS,NOS,NOS,1,0.000,1323.00,,,0.000,,,,,,5138,1,,
2550,P-2550,Sweat Babbly 1458,60,,,,458.00,788.00,20.00,0.00,0.00,0.00,499.00,NOS,NOS,NOS,1,0.000,1374.00,,,0.000,,,,,,5137,1,,
2553,P-2553,Sweat Babbly 1470,60,,,,470.00,800.00,20.00,0.00,0.00,0.00,499.00,NOS,NOS,NOS,1,0.000,1410.00,,,0.000,,,,,,5140,1,,
2554,P-2554,Sweat Babbly 1487,60,,,,487.00,850.00,20.00,0.00,0.00,0.00,499.00,NOS,NOS,NOS,1,0.000,1461.00,,,0.000,,,,,,5141,1,,
2552,P-2552,Sweat Babbly 1522,60,,,,522.00,900.00,20.00,0.00,0.00,0.00,599.00,NOS,NOS,NOS,1,0.000,1566.00,,,0.000,,,,,,5139,1,,
662,P-0662,sweater for kids,95,,,,188.00,256.00,20.00,0.00,0.00,0.00,199.00,NOS,NOS,NOS,1,0.000,320.00,,,3.000,,,,,,2781,1,,
662,P-0662,sweater for kids,95,,,,188.00,256.00,20.00,0.00,0.00,0.00,199.00,NOS,NOS,NOS,1,0.000,320.00,,,4.000,,,,,,2782,1,,
662,P-0662,sweater for kids,95,,,,188.00,256.00,20.00,0.00,0.00,0.00,199.00,NOS,NOS,NOS,1,0.000,320.00,,,1.000,,,,,,2783,1,,
662,P-0662,sweater for kids,95,,,,188.00,256.00,20.00,0.00,0.00,0.00,199.00,NOS,NOS,NOS,1,0.000,320.00,,,1.000,,,,,,2784,1,,
662,P-0662,sweater for kids,95,,,,188.00,256.00,20.00,0.00,0.00,0.00,199.00,NOS,NOS,NOS,1,0.000,320.00,,,2.000,,,,,,2785,1,,
662,P-0662,sweater for kids,95,,,,188.00,256.00,20.00,0.00,0.00,0.00,199.00,NOS,NOS,NOS,1,0.000,320.00,,,1.000,,,,,,2786,1,,
662,P-0662,sweater for kids,95,,,,188.00,256.00,20.00,0.00,0.00,0.00,199.00,NOS,NOS,NOS,1,0.000,320.00,,,1.000,,,,,,2787,1,,
377,P-0377,Sweater for men OP,12,,,,260.00,360.00,20.00,0.00,0.00,0.00,299.00,NOS,NOS,NOS,1,0.000,450.00,,,3.000,,,,,,2430,1,,
377,P-0377,Sweater for men OP,12,,,,260.00,360.00,20.00,0.00,0.00,0.00,299.00,NOS,NOS,NOS,1,0.000,450.00,,,3.000,,,,,,2238,1,,
377,P-0377,Sweater for men OP,12,,,,260.00,360.00,20.00,0.00,0.00,0.00,299.00,NOS,NOS,NOS,1,0.000,450.00,,,5.000,,,,,,2239,1,,
377,P-0377,Sweater for men OP,12,,,,260.00,360.00,20.00,0.00,0.00,0.00,299.00,NOS,NOS,NOS,1,0.000,450.00,,,5.000,,,,,,2240,1,,
377,P-0377,Sweater for men OP,12,,,,260.00,360.00,20.00,0.00,0.00,0.00,299.00,NOS,NOS,NOS,1,0.000,450.00,,,3.000,,,,,,2241,1,,
377,P-0377,Sweater for men OP,12,,,,260.00,360.00,20.00,0.00,0.00,0.00,299.00,NOS,NOS,NOS,1,0.000,450.00,,,1.000,,,,,,2242,1,,
377,P-0377,Sweater for men OP,12,,,,260.00,360.00,20.00,0.00,0.00,0.00,299.00,NOS,NOS,NOS,1,0.000,450.00,,,1.000,,,,,,2243,1,,
377,P-0377,Sweater for men OP,12,,,,260.00,360.00,20.00,0.00,0.00,0.00,299.00,NOS,NOS,NOS,1,0.000,450.00,,,1.000,,,,,,2244,1,,
377,P-0377,Sweater for men OP,12,,,,260.00,360.00,20.00,0.00,0.00,0.00,299.00,NOS,NOS,NOS,1,0.000,450.00,,,3.000,,,,,,2245,1,,
377,P-0377,Sweater for men OP,12,,,,260.00,360.00,20.00,0.00,0.00,0.00,299.00,NOS,NOS,NOS,1,0.000,450.00,,,2.000,,,,,,2246,1,,
665,P-0665,Sweatshirt,96,,,,250.00,400.00,20.00,0.00,0.00,0.00,299.00,NOS,NOS,NOS,1,0.000,500.00,,,6.000,,,,32,,2795,1,,
665,P-0665,Sweatshirt,96,,,,250.00,400.00,20.00,0.00,0.00,0.00,299.00,NOS,NOS,NOS,1,0.000,500.00,,,2.000,,,,34,,2796,1,,
665,P-0665,Sweatshirt,96,,,,250.00,400.00,20.00,0.00,0.00,0.00,299.00,NOS,NOS,NOS,1,0.000,500.00,,,6.000,,,,36,,2797,1,,
719,P-0719,sweatshirt for girls,102,,,,165.00,240.00,20.00,0.00,0.00,0.00,199.00,NOS,NOS,NOS,1,0.000,300.00,,,7.000,,,,,,3074,1,,
719,P-0719,sweatshirt for girls,102,,,,165.00,240.00,20.00,0.00,0.00,0.00,199.00,NOS,NOS,NOS,1,0.000,300.00,,,2.000,,,,,,3075,1,,
719,P-0719,sweatshirt for girls,102,,,,165.00,240.00,20.00,0.00,0.00,0.00,199.00,NOS,NOS,NOS,1,0.000,300.00,,,10.000,,,,,,3076,1,,
719,P-0719,sweatshirt for girls,102,,,,165.00,240.00,20.00,0.00,0.00,0.00,199.00,NOS,NOS,NOS,1,0.000,300.00,,,1.000,,,,,,3077,1,,
719,P-0719,sweatshirt for girls,102,,,,165.00,240.00,20.00,0.00,0.00,0.00,199.00,NOS,NOS,NOS,1,0.000,300.00,,,3.000,,,,,,3078,1,,
661,P-0661,Sweatshirt for kids,95,,,,189.00,260.00,20.00,0.00,0.00,0.00,199.00,NOS,NOS,NOS,1,0.000,325.00,,,3.000,,,,,,2775,1,,
661,P-0661,Sweatshirt for kids,95,,,,189.00,260.00,20.00,0.00,0.00,0.00,199.00,NOS,NOS,NOS,1,0.000,325.00,,,6.000,,,,,,2776,1,,
661,P-0661,Sweatshirt for kids,95,,,,189.00,260.00,20.00,0.00,0.00,0.00,199.00,NOS,NOS,NOS,1,0.000,325.00,,,3.000,,,,,,2777,1,,
661,P-0661,Sweatshirt for kids,95,,,,189.00,260.00,20.00,0.00,0.00,0.00,199.00,NOS,NOS,NOS,1,0.000,325.00,,,2.000,,,,,,2778,1,,
661,P-0661,Sweatshirt for kids,95,,,,189.00,260.00,20.00,0.00,0.00,0.00,199.00,NOS,NOS,NOS,1,0.000,325.00,,,3.000,,,,,,2779,1,,
661,P-0661,Sweatshirt for kids,95,,,,189.00,260.00,20.00,0.00,0.00,0.00,199.00,NOS,NOS,NOS,1,0.000,325.00,,,1.000,,,,,,2780,1,,
708,P-0708,Sweatshirt for mens,7,,,,250.00,340.00,20.00,0.00,0.00,0.00,299.00,NOS,NOS,NOS,1,0.000,425.00,,,4.000,,,,,,3014,1,,
708,P-0708,Sweatshirt for mens,7,,,,250.00,340.00,20.00,0.00,0.00,0.00,299.00,NOS,NOS,NOS,1,0.000,425.00,,,14.000,,,,,,3015,1,,
708,P-0708,Sweatshirt for mens,7,,,,250.00,340.00,20.00,0.00,0.00,0.00,299.00,NOS,NOS,NOS,1,0.000,425.00,,,2.000,,,,,,3016,1,,
708,P-0708,Sweatshirt for mens,7,,,,250.00,340.00,20.00,0.00,0.00,0.00,299.00,NOS,NOS,NOS,1,0.000,425.00,,,1.000,,,,,,3017,1,,
708,P-0708,Sweatshirt for mens,7,,,,250.00,340.00,20.00,0.00,0.00,0.00,299.00,NOS,NOS,NOS,1,0.000,425.00,,,2.000,,,,,,3018,1,,
708,P-0708,Sweatshirt for mens,7,,,,250.00,340.00,20.00,0.00,0.00,0.00,299.00,NOS,NOS,NOS,1,0.000,425.00,,,13.000,,,,,,3019,1,,
708,P-0708,Sweatshirt for mens,7,,,,250.00,340.00,20.00,0.00,0.00,0.00,299.00,NOS,NOS,NOS,1,0.000,425.00,,,5.000,,,,,,3020,1,,
708,P-0708,Sweatshirt for mens,7,,,,250.00,340.00,20.00,0.00,0.00,0.00,299.00,NOS,NOS,NOS,1,0.000,425.00,,,3.000,,,,,,3021,1,,
2521,P-2521,Sweet bubbly 1493,60,,,,493.00,838.00,20.00,0.00,0.00,0.00,499.00,NOS,NOS,NOS,1,0.000,1479.00,,,0.000,,,,,,5107,1,,
2327,P-2327,Sweet Girls 11195,63,,,,1195.00,2000.00,20.00,0.00,0.00,0.00,1199.00,NOS,NOS,NOS,1,0.000,3585.00,,,0.000,,,,,,4922,1,,
2187,P-2187,Sweet heart 1284,60,,,,284.00,488.00,20.00,0.00,0.00,0.00,299.00,NOS,NOS,NOS,1,0.000,852.00,,,0.000,,,,,,4772,1,,
2186,P-2186,Sweet heart 1296,60,,,,296.00,525.00,20.00,0.00,0.00,0.00,299.00,NOS,NOS,NOS,1,0.000,888.00,,,0.000,,,,,,4771,1,,
2213,P-2213,Sweet heart 1302,60,,,,302.00,525.00,20.00,0.00,0.00,0.00,399.00,NOS,NOS,NOS,1,0.000,906.00,,,0.000,,,,,,4798,1,,
2185,P-2185,Sweet heart 1307,60,,,,307.00,525.00,20.00,0.00,0.00,0.00,369.00,NOS,NOS,NOS,1,0.000,921.00,,,0.000,,,,,,4770,1,,
2173,P-2173,Sweet Heart 1313,60,,,,313.00,550.00,20.00,0.00,0.00,0.00,399.00,NOS,NOS,NOS,1,0.000,939.00,,,0.000,,,,,,4758,1,,
2503,P-2503,Sweet heart 1319,52,,,,319.00,550.00,20.00,0.00,0.00,0.00,299.00,NOS,NOS,NOS,1,0.000,957.00,,,0.000,,,,,,5089,1,,
2172,P-2172,Sweet Heart 1331,60,,,,331.00,575.00,20.00,0.00,0.00,0.00,399.00,NOS,NOS,NOS,1,0.000,993.00,,,0.000,,,,,,4757,1,,
2171,P-2171,Sweet Heart 1336,60,,,,336.00,575.00,20.00,0.00,0.00,0.00,399.00,NOS,NOS,NOS,1,0.000,1008.00,,,0.000,,,,,,4756,1,,
2501,P-2501,Sweet heart 1342,52,,,,342.00,600.00,20.00,0.00,0.00,0.00,20.00,NOS,NOS,NOS,1,0.000,1026.00,,,0.000,,,,,,5085,1,,
2486,P-2486,Sweet heart 1354,52,,,,354.00,600.00,20.00,0.00,0.00,0.00,399.00,NOS,NOS,NOS,1,0.000,1062.00,,,0.000,,,,,,5072,1,,
2487,P-2487,Sweet heart 1377,52,,,,377.00,650.00,20.00,0.00,0.00,0.00,399.00,NOS,NOS,NOS,1,0.000,1131.00,,,0.000,,,,,,5073,1,,
2492,P-2492,Sweet Heart 1429,60,,,,429.00,750.00,20.00,0.00,0.00,0.00,499.00,NOS,NOS,NOS,1,0.000,1287.00,,,0.000,,,,,,5078,1,,
2491,P-2491,Sweet Heart 1435,60,,,,435.00,750.00,20.00,0.00,0.00,0.00,499.00,NOS,NOS,NOS,1,0.000,1305.00,,,0.000,,,,,,5077,1,,
1199,P-1199,Sweet Sister 1205,52,,,,205.00,375.00,20.00,0.00,0.00,0.00,209.00,NOS,NOS,NOS,1,0.000,615.00,,,0.000,,,,,,3649,1,,
1197,P-1197,Sweet sister 1225,52,,,,225.00,320.00,20.00,0.00,0.00,0.00,299.00,NOS,NOS,NOS,1,0.000,400.00,,,0.000,,,,,,3647,1,,
1090,P-1090,Sweet Sister 1230,20,,,,230.00,400.00,20.00,0.00,0.00,0.00,299.00,NOS,NOS,NOS,1,0.000,690.00,,,0.000,,,,,,3540,1,,
3227,P-3227,Sweet sister 1250,39,,,,250.00,425.00,20.00,0.00,0.00,0.00,299.00,NOS,NOS,NOS,1,0.000,750.00,,,0.000,,,,,,5893,1,,
2429,P-2429,Sweet Sister 1255,20,,,,255.00,450.00,20.00,0.00,0.00,0.00,299.00,NOS,NOS,NOS,1,0.000,765.00,,,0.000,,,,,,5015,1,,
1198,P-1198,Sweet sister 1260,52,,,,260.00,360.00,20.00,0.00,0.00,0.00,299.00,NOS,NOS,NOS,1,0.000,450.00,,,0.000,,,,,,3648,1,,
2366,P-2366,Sweet sister 1270,7,,,,270.00,475.00,20.00,0.00,0.00,0.00,299.00,NOS,NOS,NOS,1,0.000,810.00,,,0.000,,,,,,4953,1,,
3213,P-3213,sweet sister 1275,39,,,,275.00,475.00,20.00,0.00,0.00,0.00,299.00,NOS,NOS,NOS,1,0.000,825.00,,,0.000,,,,,,5874,1,,
2367,P-2367,Sweet sister 1290,7,,,,290.00,500.00,20.00,0.00,0.00,0.00,299.00,NOS,NOS,NOS,1,0.000,870.00,,,0.000,,,,,,4954,1,,
2368,P-2368,Sweet sister 1300,7,,,,300.00,525.00,20.00,0.00,0.00,0.00,399.00,NOS,NOS,NOS,1,0.000,900.00,,,0.000,,,,,,4955,1,,
3226,P-3226,Sweet sister 1315,39,,,,315.00,550.00,20.00,0.00,0.00,0.00,399.00,NOS,NOS,NOS,1,0.000,945.00,,,0.000,,,,,,5891,1,,
3214,P-3214,sweet sister 1365,39,,,,365.00,625.00,20.00,0.00,0.00,0.00,399.00,NOS,NOS,NOS,1,0.000,1100.00,,,0.000,,,,,,5875,1,,
3212,P-3212,sweet sister 1385,39,,,,385.00,675.00,20.00,0.00,0.00,0.00,399.00,NOS,NOS,NOS,1,0.000,1155.00,,,0.000,,,,,,5873,1,,
3247,P-3247,Sweet sister 1445,39,,,,445.00,775.00,20.00,0.00,0.00,0.00,499.00,NOS,NOS,NOS,1,0.000,1335.00,,,0.000,,,,,,5913,1,,
3241,P-3241,Sweet sister 1470,41,,,,470.00,800.00,20.00,0.00,0.00,0.00,499.00,NOS,NOS,NOS,1,0.000,1410.00,,,0.000,,,,,,5909,1,,
3224,P-3224,Sweet sister 1485,16,,,,485.00,825.00,20.00,0.00,0.00,0.00,559.00,NOS,NOS,NOS,1,0.000,1455.00,,,0.000,,,,,,5889,1,,
2351,P-2351,Sweet sister 1495,7,,,,495.00,850.00,20.00,0.00,0.00,0.00,499.00,NOS,NOS,NOS,1,0.000,1485.00,,,0.000,,,,,,4938,1,,
2356,P-2356,Sweet sister 1505,7,,,,505.00,875.00,20.00,0.00,0.00,0.00,599.00,NOS,NOS,NOS,1,0.000,1515.00,,,0.000,,,,,,4943,1,,
3243,P-3243,Sweet sister 1530,41,,,,530.00,925.00,20.00,0.00,0.00,0.00,599.00,NOS,NOS,NOS,1,0.000,1590.00,,,0.000,,,,,,5911,1,,
2357,P-2357,Sweet sister 1535,7,,,,535.00,925.00,20.00,0.00,0.00,0.00,599.00,NOS,NOS,NOS,1,0.000,1605.00,,,0.000,,,,,,4944,1,,
3242,P-3242,Sweet sister 1540,41,,,,540.00,925.00,20.00,0.00,0.00,0.00,599.00,NOS,NOS,NOS,1,0.000,1620.00,,,0.000,,,,,,5910,1,,
2369,P-2369,Sweet sister 1550,7,,,,550.00,950.00,20.00,0.00,0.00,0.00,599.00,NOS,NOS,NOS,1,0.000,1650.00,,,0.000,,,,,,4956,1,,
3225,P-3225,Sweet sister 1575,16,,,,575.00,1000.00,20.00,0.00,0.00,0.00,599.00,NOS,NOS,NOS,1,0.000,1725.00,,,0.000,,,,,,5890,1,,
2352,P-2352,Sweet sister 1580,7,,,,580.00,1000.00,20.00,0.00,0.00,0.00,599.00,NOS,NOS,NOS,1,0.000,1740.00,,,0.000,,,,,,4939,1,,
2353,P-2353,Sweet sister 1585,7,,,,585.00,1000.00,20.00,0.00,0.00,0.00,599.00,NOS,NOS,NOS,1,0.000,1755.00,,,0.000,,,,,,4940,1,,
3244,P-3244,Sweet sister 1610,41,,,,610.00,1050.00,20.00,0.00,0.00,0.00,699.00,NOS,NOS,NOS,1,0.000,1830.00,,,0.000,,,,,,5912,1,,
2358,P-2358,Sweet sister 1655,7,,,,655.00,1125.00,20.00,0.00,0.00,0.00,700.00,NOS,NOS,NOS,1,0.000,1965.00,,,0.000,,,,,,4945,1,,
2354,P-2354,Sweet sister 1695,7,,,,695.00,1188.00,20.00,0.00,0.00,0.00,699.00,NOS,NOS,NOS,1,0.000,2085.00,,,0.000,,,,,,4941,1,,
2355,P-2355,Sweet sister 1715,7,,,,715.00,1225.00,20.00,0.00,0.00,0.00,799.00,NOS,NOS,NOS,1,0.000,2145.00,,,0.000,,,,,,4942,1,,
2546,P-2546,Sweet sixteen 1644,60,,,,644.00,1100.00,20.00,0.00,0.00,0.00,699.00,NOS,NOS,NOS,1,0.000,1932.00,,,0.000,,,,,,5133,1,,
1735,P-1735,Sweet sixteen 1673,56,,,,673.00,1188.00,20.00,0.00,0.00,0.00,699.00,NOS,NOS,NOS,1,0.000,2019.00,,,0.000,,,,,,4291,1,,
2544,P-2544,Sweet sixteen 1702,60,,,,702.00,1200.00,20.00,0.00,0.00,0.00,799.00,NOS,NOS,NOS,1,0.000,2106.00,,,0.000,,,,,,5131,1,,
2545,P-2545,Sweet sixteen 1771,60,,,,771.00,1325.00,20.00,0.00,0.00,0.00,799.00,NOS,NOS,NOS,1,0.000,2313.00,,,0.000,,,,,,5132,1,,
1736,P-1736,Sweet sixteen 1789,56,,,,789.00,1388.00,20.00,0.00,0.00,0.00,799.00,NOS,NOS,NOS,1,0.000,2367.00,,,0.000,,,,,,4292,1,,
942,P-0942,Sweet Sixteen 1888,60,,,,888.00,1220.00,20.00,0.00,0.00,0.00,899.00,NOS,NOS,NOS,1,0.000,1525.00,,,0.000,,,,,,3392,1,,
941,P-0941,Sweet SIxteen 1922,56,,,,922.00,1270.00,0.00,0.00,0.00,0.00,1200.00,NOS,NOS,NOS,1,0.000,1588.00,,,0.000,,,,,,3391,1,,
943,P-0943,Sweet Sixteen 1998,60,,,,998.00,1360.00,20.00,0.00,0.00,0.00,999.00,NOS,NOS,NOS,1,0.000,1700.00,,,0.000,,,,,,3393,1,,
388,P-0388,Sweet Sixteen 2463B,63,,,,771.00,980.00,20.00,0.00,0.00,0.00,799.00,NOS,NOS,NOS,1,0.000,1225.00,,,0.000,,,,28-32,,2265,1,,
388,P-0388,Sweet Sixteen 2463B,63,,,,771.00,980.00,20.00,0.00,0.00,0.00,799.00,NOS,NOS,NOS,1,0.000,1225.00,,,0.000,,,,22-26,,2266,1,,
3094,P-3094,Sweetex 1345,63,,,,345.00,588.00,20.00,0.00,0.00,0.00,399.00,NOS,NOS,NOS,1,0.000,1035.00,,,0.000,,,,,,5745,1,,
1562,P-1562,Sweetsixteen 1754,56,,,,754.00,1325.00,20.00,0.00,0.00,0.00,799.00,NOS,NOS,NOS,1,0.000,2262.00,,,0.000,,,,,,4116,1,,
1561,P-1561,Sweetsixteen 1771,56,,,,771.00,1388.00,20.00,0.00,0.00,0.00,799.00,NOS,NOS,NOS,1,0.000,2313.00,,,0.000,,,,,,4115,1,,
554,P-0554,Swl 1337,87,,,,337.00,460.00,20.00,0.00,0.00,0.00,350.00,NOS,NOS,NOS,1,0.000,575.00,,,0.000,,,,,,2623,1,,
115,P-0115,SWL Fashion 87771 1223,20,,,,223.00,320.00,20.00,0.00,0.00,0.00,250.00,NOS,NOS,NOS,1,0.000,400.00,Boy's counter,,3.000,,,,,,1256,1,,
111,P-0111,SWL FASTHION 88541 1136,20,,,,136.00,220.00,20.00,0.00,0.00,0.00,188.00,NOS,NOS,NOS,1,0.000,275.00,Boy's counter,,3.000,,,,,,1252,1,,
3391,P-3391,Swroop 1293,20,,,,293.00,500.00,20.00,0.00,0.00,0.00,299.00,NOS,NOS,NOS,1,0.000,879.00,,,0.000,,,,,,6071,1,,
2238,P-2238,Swroop 1348,7,,,,348.00,600.00,20.00,0.00,0.00,0.00,399.00,NOS,NOS,NOS,1,0.000,1044.00,,,0.000,,,,,,4823,1,,
3393,P-3393,Swroop 1383,20,,,,383.00,675.00,20.00,0.00,0.00,0.00,399.00,NOS,NOS,NOS,1,0.000,1149.00,,,0.000,,,,,,6073,1,,
2463,P-2463,Swroop 1389,52,,,,389.00,675.00,20.00,0.00,0.00,0.00,399.00,NOS,NOS,NOS,1,0.000,1167.00,,,0.000,,,,,,5049,1,,
104,P-0104,Swroop 37921,20,gbb,,,208.00,300.00,20.00,0.00,0.00,0.00,200.00,NOS,NOS,NOS,1,0.000,375.00,Boy's counter,,2.000,,,,,,1245,1,,
107,P-0107,Swroop 38120,20,gbb,,,208.00,280.00,20.00,0.00,0.00,0.00,200.00,NOS,NOS,NOS,1,0.000,350.00,Boy's counter,,3.000,,,,,,1248,1,,
1608,P-1608,T.M.- 19 1188,19,,,,188.00,375.00,20.00,0.00,0.00,0.00,199.00,NOS,NOS,NOS,1,0.000,564.00,,,0.000,,,,,,4163,1,,
1620,P-1620,T.M.-19 1154,19,,,,154.00,315.00,20.00,0.00,0.00,0.00,199.00,NOS,NOS,NOS,1,0.000,462.00,,,0.000,,,,,,4176,1,,
1222,P-1222,T.M-19 1108,20,,,,108.00,160.00,0.00,0.00,0.00,0.00,139.00,NOS,NOS,NOS,1,0.000,200.00,,,0.000,,,,,,3672,1,,
1423,P-1423,Tarry 1370,4,,,,390.00,650.00,20.00,0.00,0.00,0.00,399.00,NOS,NOS,NOS,1,0.000,1170.00,,,0.000,,,,,,3896,1,,
3040,P-3040,Tarry 1390,4,,,,390.00,650.00,20.00,0.00,0.00,0.00,399.00,NOS,NOS,NOS,1,0.000,1170.00,,,0.000,,,,,,5669,1,,
2868,P-2868,Team 99 1188,19,,,,188.00,325.00,20.00,0.00,0.00,0.00,199.00,NOS,NOS,NOS,1,0.000,564.00,,,0.000,,,,,,5490,1,,
2863,P-2863,Team 99 1280,19,,,,280.00,500.00,20.00,0.00,0.00,0.00,299.00,NOS,NOS,NOS,1,0.000,840.00,,,0.000,,,,,,5485,1,,
2861,P-2861,Team 99 1291,19,,,,291.00,500.00,20.00,0.00,0.00,0.00,299.00,NOS,NOS,NOS,1,0.000,873.00,,,0.000,,,,,,5483,1,,
2862,P-2862,Team 99 1302,19,,,,302.00,525.00,20.00,0.00,0.00,0.00,399.00,NOS,NOS,NOS,1,0.000,906.00,,,0.000,,,,,,5484,1,,
2822,P-2822,Teensy Weensy 1133,56,,,,133.00,250.00,20.00,0.00,0.00,0.00,199.00,NOS,NOS,NOS,1,0.000,399.00,,,0.000,,,,,,5443,1,,
2821,P-2821,Teensy Weensy 1143,56,,,,143.00,250.00,20.00,0.00,0.00,0.00,199.00,NOS,NOS,NOS,1,0.000,429.00,,,0.000,,,,,,5442,1,,
181,P-0181,Teensy Weensy MK- 1239-F,19,gbb,,,155.00,220.00,0.00,0.00,0.00,0.00,149.00,NOS,NOS,NOS,1,0.000,275.00,Boy's counter,,4.000,,,,,,1396,1,,
148,P-0148,The boyz 1014 1405,20,gbb,,,405.00,540.00,0.00,0.00,0.00,0.00,399.00,NOS,NOS,NOS,1,0.000,675.00,Boy's counter,,1.000,,,,,,1289,1,,
907,P-0907,the boyz 1266,33,,,,266.00,380.00,20.00,0.00,0.00,0.00,300.00,NOS,NOS,NOS,1,0.000,475.00,,,0.000,,,,,,3356,1,,
896,P-0896,The boyz 1313,20,,,,313.00,550.00,20.00,0.00,0.00,0.00,350.00,NOS,NOS,NOS,1,0.000,933.00,,,0.000,,,,,,3345,1,,
1238,P-1238,The boyz 1372,20,,,,372.00,520.00,20.00,0.00,0.00,0.00,399.00,NOS,NOS,NOS,1,0.000,650.00,,,0.000,,,,,,3688,1,,
3540,P-3540,The collective 1305,7,,,,305.00,525.00,20.00,0.00,0.00,0.00,359.00,NOS,NOS,OTH,1,0.000,915.00,,,0.000,,,,,,6224,1,,
3541,P-3541,The collective 1390,7,,,,390.00,675.00,20.00,0.00,0.00,0.00,399.00,NOS,NOS,OTH,1,0.000,1170.00,,,0.000,,,,,,6225,1,,
208,P-0208,The symbol (Exclusive attire),48,gbb,,,485.00,660.00,20.00,0.00,0.00,0.00,499.00,NOS,NOS,NOS,1,0.000,825.00,,,6.000,,,,,,1531,1,,
208,P-0208,The symbol (Exclusive attire),48,gbb,,,485.00,660.00,20.00,0.00,0.00,0.00,499.00,NOS,NOS,NOS,1,0.000,825.00,,,3.000,,,,,,1532,1,,
767,P-0767,Tighty,112,,,,90.00,200.00,0.00,0.00,0.00,0.00,99.00,NOS,NOS,NOS,1,0.000,250.00,,,0.000,,,,,,3197,1,,
2699,P-2699,Tighty 1070,112,,,,70.00,188.00,20.00,0.00,0.00,0.00,79.00,NOS,NOS,NOS,1,0.000,210.00,,,0.000,,,,,,5312,1,,
1668,P-1668,Tim cozy 1129,19,,,,129.00,250.00,20.00,0.00,0.00,0.00,139.00,NOS,NOS,NOS,1,0.000,387.00,,,0.000,,,,,,4224,1,,
1669,P-1669,Tim cozy 1138,19,,,,138.00,275.00,20.00,0.00,0.00,0.00,139.00,NOS,NOS,NOS,1,0.000,414.00,,,0.000,,,,,,4225,1,,
2015,P-2015,Tim cozy 1140,58,,,,140.00,250.00,20.00,0.00,0.00,0.00,199.00,NOS,NOS,NOS,1,0.000,510.00,,,0.000,,,,,,4598,1,,
1670,P-1670,Tim cozy 1151,19,,,,151.00,288.00,20.00,0.00,0.00,0.00,159.00,NOS,NOS,NOS,1,0.000,453.00,,,0.000,,,,,,4226,1,,
2016,P-2016,Tim cozy 1174,58,,,,174.00,300.00,20.00,0.00,0.00,0.00,199.00,NOS,NOS,NOS,1,0.000,522.00,,,0.000,,,,,,4599,1,,
2017,P-2017,Tim cozy 1190,58,,,,190.00,325.00,20.00,0.00,0.00,0.00,199.00,NOS,NOS,NOS,1,0.000,570.00,,,0.000,,,,,,4600,1,,
2014,P-2014,Tim cozy 1213,58,,,,213.00,375.00,20.00,0.00,0.00,0.00,299.00,NOS,NOS,NOS,1,0.000,639.00,,,0.000,,,,,,4597,1,,
2012,P-2012,Tim cozy 1246,58,,,,246.00,425.00,20.00,0.00,0.00,0.00,299.00,NOS,NOS,NOS,1,0.000,738.00,,,0.000,,,,,,4595,1,,
2013,P-2013,Tim cozy 1269,58,,,,269.00,475.00,20.00,0.00,0.00,0.00,299.00,NOS,NOS,NOS,1,0.000,807.00,,,0.000,,,,,,4596,1,,
2010,P-2010,Tim cozy 1347,87,,,,347.00,588.00,20.00,0.00,0.00,0.00,399.00,NOS,NOS,NOS,1,0.000,1041.00,,,0.000,,,,,,4593,1,,
2011,P-2011,Tim cozy 1370,58,,,,370.00,650.00,20.00,0.00,0.00,0.00,399.00,NOS,NOS,NOS,1,0.000,1110.00,,,0.000,,,,,,4594,1,,
3211,P-3211,Ting Tong 1588,60,,,,588.00,1000.00,20.00,0.00,0.00,0.00,599.00,NOS,NOS,NOS,1,0.000,1764.00,,,0.000,,,,,,5872,1,,
2370,P-2370,Tini mini 1170,7,,,,170.00,300.00,20.00,0.00,0.00,0.00,199.00,NOS,NOS,NOS,1,0.000,510.00,,,0.000,,,,,,4957,1,,
1588,P-1588,Tini mini 1215,56,,,,215.00,400.00,20.00,0.00,0.00,0.00,299.00,NOS,NOS,NOS,1,0.000,645.00,,,0.000,,,,,,4142,1,,
1589,P-1589,Tini mini 1245,56,,,,245.00,450.00,20.00,0.00,0.00,0.00,299.00,NOS,NOS,NOS,1,0.000,735.00,,,0.000,,,,,,4143,1,,
3324,P-3324,Tini mini 1250,60,,,,250.00,425.00,20.00,0.00,0.00,0.00,299.00,NOS,NOS,NOS,1,0.000,750.00,,,0.000,,,,,,6003,1,,
1579,P-1579,Tini mini 1260,56,,,,260.00,475.00,20.00,0.00,0.00,0.00,299.00,NOS,NOS,NOS,1,0.000,780.00,,,0.000,,,,,,4133,1,,
1208,P-1208,TINI MINI 1265,60,,,,265.00,380.00,20.00,0.00,0.00,0.00,299.00,NOS,NOS,NOS,1,0.000,475.00,,,0.000,,,,,,3658,1,,
1580,P-1580,Tini mini 1285,56,,,,285.00,525.00,20.00,0.00,0.00,0.00,299.00,NOS,NOS,NOS,1,0.000,855.00,,,0.000,,,,,,4134,1,,
1586,P-1586,Tini mini 1295,56,,,,295.00,525.00,20.00,0.00,0.00,0.00,299.00,NOS,NOS,NOS,1,0.000,885.00,,,0.000,,,,,,4140,1,,
1763,P-1763,Tini Mini 1310,56,,,,310.00,550.00,20.00,0.00,0.00,0.00,399.00,NOS,NOS,NOS,1,0.000,930.00,,,0.000,,,,,,4319,1,,
537,P-0537,Tini Mini 1315,91,,,,315.00,440.00,20.00,0.00,0.00,0.00,350.00,NOS,NOS,NOS,1,0.000,550.00,,,0.000,,,,,,2606,1,,
493,P-0493,Tini mini 1325,91,,,,325.00,550.00,20.00,0.00,0.00,0.00,350.00,NOS,NOS,NOS,1,0.000,975.00,,,0.000,,,,,,2562,1,,
1587,P-1587,Tini mini 1335,56,,,,335.00,600.00,20.00,0.00,0.00,0.00,399.00,NOS,NOS,NOS,1,0.000,1005.00,,,0.000,,,,,,4141,1,,
1585,P-1585,Tini mini 1340,56,,,,340.00,615.00,20.00,0.00,0.00,0.00,399.00,NOS,NOS,NOS,1,0.000,1020.00,,,0.000,,,,,,4139,1,,
1584,P-1584,Tini mini 1345,56,,,,345.00,625.00,20.00,0.00,0.00,0.00,399.00,NOS,NOS,NOS,1,0.000,1035.00,,,0.000,,,,,,4138,1,,
521,P-0521,Tini mini 1350,91,,,,350.00,480.00,0.00,0.00,0.00,0.00,400.00,NOS,NOS,NOS,1,0.000,600.00,,,0.000,,,,,,2590,1,,
541,P-0541,Tini mini 1375,91,,,,375.00,520.00,20.00,0.00,0.00,0.00,450.00,NOS,NOS,NOS,1,0.000,650.00,,,0.000,,,,,,2610,1,,
494,P-0494,Tini mini 1380,91,,,,380.00,520.00,20.00,0.00,0.00,0.00,400.00,NOS,NOS,NOS,1,0.000,650.00,,,0.000,,,,,,2563,1,,
1583,P-1583,Tini mini 1385,56,,,,385.00,688.00,20.00,0.00,0.00,0.00,399.00,NOS,NOS,NOS,1,0.000,1155.00,,,0.000,,,,,,4137,1,,
540,P-0540,Tini mini 1430,91,,,,430.00,590.00,20.00,0.00,0.00,0.00,450.00,NOS,NOS,NOS,1,0.000,738.00,,,0.000,,,,,,2609,1,,
224,P-0224,Tini Mini Tshirt,52,gbb,,,135.00,220.00,20.00,0.00,0.00,0.00,149.00,NOS,NOS,NOS,1,0.000,275.00,,,3.000,,,,,,1629,1,,
223,P-0223,Tini-Mini TPB 526,52,gbb,,,120.00,180.00,20.00,0.00,0.00,0.00,129.00,NOS,NOS,NOS,1,0.000,225.00,,,6.000,,,,,,1628,1,,
272,P-0272,Titanic  vest dyed RNS,57,,,,33.00,54.00,0.00,2.50,2.50,0.00,45.00,NOS,NOS,NOS,1,0.000,54.00,,,0.000,,,,75,,TitanicfinequalityvestdyedRNS75,1,,
272,P-0272,Titanic  vest dyed RNS,57,,,,33.00,54.00,0.00,2.50,2.50,0.00,45.00,NOS,NOS,NOS,1,0.000,54.00,,,0.000,,,,80,,TitanicfinequalityvestdyedRNS80,1,,
272,P-0272,Titanic  vest dyed RNS,57,,,,33.00,54.00,0.00,2.50,2.50,0.00,45.00,NOS,NOS,NOS,1,0.000,54.00,,,4.000,,,,85,,TitanicfinequalityvestdyedRNS85,1,,
272,P-0272,Titanic  vest dyed RNS,57,,,,33.00,54.00,0.00,2.50,2.50,0.00,45.00,NOS,NOS,NOS,1,0.000,54.00,,,0.000,,,,90,,TitanicfinequalityvestdyedRNS90,1,,
272,P-0272,Titanic  vest dyed RNS,57,,,,33.00,54.00,0.00,2.50,2.50,0.00,45.00,NOS,NOS,NOS,1,0.000,54.00,,,0.000,,,,95,,TitanicfinequalityvestdyedRNS95,1,,
272,P-0272,Titanic  vest dyed RNS,57,,,,33.00,54.00,0.00,2.50,2.50,0.00,45.00,NOS,NOS,NOS,1,0.000,54.00,,,0.000,,,,100,,TitanicfinequalityvestdyedRNS100,1,,
261,P-0261,TITANIC CAPTAIN VEST(JUNIOR),58,,,,36.10,60.00,0.00,2.50,2.50,0.00,55.00,NOS,NOS,NOS,1,0.000,75.00,,,0.000,,,,73,,1759,1,,
261,P-0261,TITANIC CAPTAIN VEST(JUNIOR),58,,,,36.10,60.00,0.00,2.50,2.50,0.00,55.00,NOS,NOS,NOS,1,0.000,75.00,,,11.000,,,,70,,1760,1,,
261,P-0261,TITANIC CAPTAIN VEST(JUNIOR),58,,,,36.10,60.00,0.00,2.50,2.50,0.00,55.00,NOS,NOS,NOS,1,0.000,75.00,,,9.000,,,,65,,1761,1,,
261,P-0261,TITANIC CAPTAIN VEST(JUNIOR),58,,,,36.10,60.00,0.00,2.50,2.50,0.00,55.00,NOS,NOS,NOS,1,0.000,75.00,,,8.000,,,,60,,1762,1,,
261,P-0261,TITANIC CAPTAIN VEST(JUNIOR),58,,,,36.10,60.00,0.00,2.50,2.50,0.00,55.00,NOS,NOS,NOS,1,0.000,75.00,,,2.000,,,,55,,1763,1,,
261,P-0261,TITANIC CAPTAIN VEST(JUNIOR),58,,,,36.10,60.00,0.00,2.50,2.50,0.00,55.00,NOS,NOS,NOS,1,0.000,75.00,,,0.000,,,,50,,1764,1,,
261,P-0261,TITANIC CAPTAIN VEST(JUNIOR),58,,,,36.10,60.00,0.00,2.50,2.50,0.00,55.00,NOS,NOS,NOS,1,0.000,75.00,,,0.000,,,,45,,1765,1,,
261,P-0261,TITANIC CAPTAIN VEST(JUNIOR),58,,,,36.10,60.00,0.00,2.50,2.50,0.00,55.00,NOS,NOS,NOS,1,0.000,75.00,,,0.000,,,,40,,1766,1,,
261,P-0261,TITANIC CAPTAIN VEST(JUNIOR),58,,,,36.10,60.00,0.00,2.50,2.50,0.00,55.00,NOS,NOS,NOS,1,0.000,75.00,,,0.000,,,,35,,1767,1,,
273,P-0273,Titanic designer gym vest,57,,,,99.50,140.00,20.00,2.50,2.50,0.00,155.00,NOS,NOS,NOS,1,0.000,200.00,,,0.000,,,,75,,3975,1,,
273,P-0273,Titanic designer gym vest,57,,,,99.50,140.00,20.00,2.50,2.50,0.00,155.00,NOS,NOS,NOS,1,0.000,200.00,,,3.000,,,,80,,3976,1,,
273,P-0273,Titanic designer gym vest,57,,,,99.50,140.00,20.00,2.50,2.50,0.00,155.00,NOS,NOS,NOS,1,0.000,200.00,,,4.000,,,,85,,3977,1,,
273,P-0273,Titanic designer gym vest,57,,,,99.50,140.00,20.00,2.50,2.50,0.00,155.00,NOS,NOS,NOS,1,0.000,200.00,,,6.000,,,,90,,3978,1,,
273,P-0273,Titanic designer gym vest,57,,,,99.50,140.00,20.00,2.50,2.50,0.00,155.00,NOS,NOS,NOS,1,0.000,200.00,,,0.000,,,,95,,3979,1,,
273,P-0273,Titanic designer gym vest,57,,,,99.50,140.00,20.00,2.50,2.50,0.00,155.00,NOS,NOS,NOS,1,0.000,200.00,,,0.000,,,,100,,3980,1,,
274,P-0274,Titanic dyed piping vest RN,57,,,,63.30,80.00,20.00,2.50,2.50,0.00,75.00,NOS,NOS,NOS,1,2.000,100.00,,,0.000,,,,75,,1843,1,,
274,P-0274,Titanic dyed piping vest RN,57,,,,63.30,80.00,20.00,2.50,2.50,0.00,75.00,NOS,NOS,NOS,1,2.000,100.00,,,0.000,,,,80,,1844,1,,
274,P-0274,Titanic dyed piping vest RN,57,,,,63.30,80.00,20.00,2.50,2.50,0.00,75.00,NOS,NOS,NOS,1,2.000,100.00,,,1.000,,,,85,,1845,1,,
274,P-0274,Titanic dyed piping vest RN,57,,,,63.30,80.00,20.00,2.50,2.50,0.00,75.00,NOS,NOS,NOS,1,2.000,100.00,,,3.000,,,,90,,1846,1,,
274,P-0274,Titanic dyed piping vest RN,57,,,,63.30,80.00,20.00,2.50,2.50,0.00,75.00,NOS,NOS,NOS,1,2.000,100.00,,,0.000,,,,95,,1847,1,,
274,P-0274,Titanic dyed piping vest RN,57,,,,63.30,80.00,20.00,2.50,2.50,0.00,75.00,NOS,NOS,NOS,1,2.000,100.00,,,1.000,,,,100,,1848,1,,
255,P-0255,Titanic Gym Vest Dyed,57,61099010,,,79.80,163.00,20.00,2.50,2.50,0.00,100.00,NOS,NOS,NOS,1,2.000,240.00,,,3.000,,,,80,,1725,1,,
255,P-0255,Titanic Gym Vest Dyed,57,61099010,,,79.80,163.00,20.00,2.50,2.50,0.00,100.00,NOS,NOS,NOS,1,2.000,240.00,,,0.000,,,,90,,1727,1,,
255,P-0255,Titanic Gym Vest Dyed,57,61099010,,,79.80,163.00,20.00,2.50,2.50,0.00,100.00,NOS,NOS,NOS,1,2.000,240.00,,,6.000,,,,85,,1726,1,,
255,P-0255,Titanic Gym Vest Dyed,57,61099010,,,79.80,163.00,20.00,2.50,2.50,0.00,100.00,NOS,NOS,NOS,1,2.000,240.00,,,5.000,,,,95,,1728,1,,
255,P-0255,Titanic Gym Vest Dyed,57,61099010,,,79.80,163.00,20.00,2.50,2.50,0.00,100.00,NOS,NOS,NOS,1,2.000,240.00,,,4.000,,,,100,,1729,1,,
259,P-0259,Titanic ICD Dyed,57,61071100,,,82.30,90.00,0.00,2.50,2.50,0.00,80.00,NOS,NOS,NOS,1,0.000,113.00,,,0.000,,,,85,,8904122458287,1,,
259,P-0259,Titanic ICD Dyed,57,61071100,,,82.30,90.00,0.00,2.50,2.50,0.00,80.00,NOS,NOS,NOS,1,0.000,113.00,,,5.000,,,,80,,1756,1,,
277,P-0277,Titanic inner Pocket drawer,57,,,,100.00,110.00,0.00,2.50,2.50,0.00,100.00,NOS,NOS,NOS,1,0.000,138.00,,,6.000,,,,80,,8904122420109,1,,
277,P-0277,Titanic inner Pocket drawer,57,,,,100.00,110.00,0.00,2.50,2.50,0.00,100.00,NOS,NOS,NOS,1,0.000,138.00,,,10.000,,,,85,,8904122420192,1,,
277,P-0277,Titanic inner Pocket drawer,57,,,,100.00,110.00,0.00,2.50,2.50,0.00,100.00,NOS,NOS,NOS,1,0.000,138.00,,,5.000,,,,90,,8904122420208,1,,
277,P-0277,Titanic inner Pocket drawer,57,,,,100.00,110.00,0.00,2.50,2.50,0.00,100.00,NOS,NOS,NOS,1,0.000,138.00,,,0.000,,,,95,,4003,1,,
277,P-0277,Titanic inner Pocket drawer,57,,,,100.00,110.00,0.00,2.50,2.50,0.00,100.00,NOS,NOS,NOS,1,0.000,138.00,,,2.000,,,,100,,8904122420147,1,,
262,P-0262,Titanic junior (gym vest),58,,,,66.00,80.00,0.00,2.50,2.50,0.00,77.00,NOS,NOS,NOS,1,0.000,100.00,,,1.000,,,,73,,1768,1,,
262,P-0262,Titanic junior (gym vest),58,,,,66.00,80.00,0.00,2.50,2.50,0.00,77.00,NOS,NOS,NOS,1,0.000,100.00,,,0.000,,,,70,,1769,1,,
262,P-0262,Titanic junior (gym vest),58,,,,66.00,80.00,0.00,2.50,2.50,0.00,77.00,NOS,NOS,NOS,1,0.000,100.00,,,0.000,,,,65,,1770,1,,
262,P-0262,Titanic junior (gym vest),58,,,,66.00,80.00,0.00,2.50,2.50,0.00,77.00,NOS,NOS,NOS,1,0.000,100.00,,,4.000,,,,60,,1771,1,,
262,P-0262,Titanic junior (gym vest),58,,,,66.00,80.00,0.00,2.50,2.50,0.00,77.00,NOS,NOS,NOS,1,0.000,100.00,,,2.000,,,,55,,1772,1,,
262,P-0262,Titanic junior (gym vest),58,,,,66.00,80.00,0.00,2.50,2.50,0.00,77.00,NOS,NOS,NOS,1,0.000,100.00,,,1.000,,,,50,,1773,1,,
262,P-0262,Titanic junior (gym vest),58,,,,66.00,80.00,0.00,2.50,2.50,0.00,77.00,NOS,NOS,NOS,1,0.000,100.00,,,0.000,,,,45,,1774,1,,
262,P-0262,Titanic junior (gym vest),58,,,,66.00,80.00,0.00,2.50,2.50,0.00,77.00,NOS,NOS,NOS,1,0.000,100.00,,,0.000,,,,40,,1775,1,,
262,P-0262,Titanic junior (gym vest),58,,,,66.00,80.00,0.00,2.50,2.50,0.00,77.00,NOS,NOS,NOS,1,0.000,100.00,,,0.000,,,,35,,1776,1,,
1446,P-1446,Titanic kids vest D RN,58,,,,35.90,55.00,0.00,0.00,0.00,0.00,39.00,NOS,NOS,NOS,1,0.000,69.00,,,0.000,,,,35,,3933,1,,
1446,P-1446,Titanic kids vest D RN,58,,,,35.90,55.00,0.00,0.00,0.00,0.00,39.00,NOS,NOS,NOS,1,0.000,69.00,,,0.000,,,,40,,3934,1,,
1446,P-1446,Titanic kids vest D RN,58,,,,35.90,55.00,0.00,0.00,0.00,0.00,39.00,NOS,NOS,NOS,1,0.000,69.00,,,0.000,,,,45,,3935,1,,
1446,P-1446,Titanic kids vest D RN,58,,,,35.90,55.00,0.00,0.00,0.00,0.00,39.00,NOS,NOS,NOS,1,0.000,69.00,,,0.000,,,,50,,3936,1,,
1446,P-1446,Titanic kids vest D RN,58,,,,35.90,55.00,0.00,0.00,0.00,0.00,39.00,NOS,NOS,NOS,1,0.000,69.00,,,0.000,,,,55,,3937,1,,
1446,P-1446,Titanic kids vest D RN,58,,,,35.90,55.00,0.00,0.00,0.00,0.00,39.00,NOS,NOS,NOS,1,0.000,69.00,,,0.000,,,,60,,3938,1,,
1446,P-1446,Titanic kids vest D RN,58,,,,35.90,55.00,0.00,0.00,0.00,0.00,39.00,NOS,NOS,NOS,1,0.000,69.00,,,0.000,,,,65,,3939,1,,
1446,P-1446,Titanic kids vest D RN,58,,,,35.90,55.00,0.00,0.00,0.00,0.00,39.00,NOS,NOS,NOS,1,0.000,69.00,,,0.000,,,,70,,3940,1,,
1446,P-1446,Titanic kids vest D RN,58,,,,35.90,55.00,0.00,0.00,0.00,0.00,39.00,NOS,NOS,NOS,1,0.000,69.00,,,0.000,,,,73,,3941,1,,
258,P-0258,TITANIC KIDS VEST W RN,58,61099010,,,28.90,40.00,0.00,2.50,2.50,0.00,35.00,NOS,NOS,NOS,1,0.000,50.00,,,0.000,,,,73,,1747,1,,
258,P-0258,TITANIC KIDS VEST W RN,58,61099010,,,28.90,40.00,0.00,2.50,2.50,0.00,35.00,NOS,NOS,NOS,1,0.000,50.00,,,0.000,,,,60,,1748,1,,
258,P-0258,TITANIC KIDS VEST W RN,58,61099010,,,28.90,40.00,0.00,2.50,2.50,0.00,35.00,NOS,NOS,NOS,1,0.000,50.00,,,0.000,,,,65,,1749,1,,
258,P-0258,TITANIC KIDS VEST W RN,58,61099010,,,28.90,40.00,0.00,2.50,2.50,0.00,35.00,NOS,NOS,NOS,1,0.000,50.00,,,0.000,,,,70,,1750,1,,
258,P-0258,TITANIC KIDS VEST W RN,58,61099010,,,28.90,40.00,0.00,2.50,2.50,0.00,35.00,NOS,NOS,NOS,1,0.000,50.00,,,2.000,,,,35,,1751,1,,
258,P-0258,TITANIC KIDS VEST W RN,58,61099010,,,28.90,40.00,0.00,2.50,2.50,0.00,35.00,NOS,NOS,NOS,1,0.000,50.00,,,1.000,,,,55,,1752,1,,
258,P-0258,TITANIC KIDS VEST W RN,58,61099010,,,28.90,40.00,0.00,2.50,2.50,0.00,35.00,NOS,NOS,NOS,1,0.000,50.00,,,8.000,,,,50,,1753,1,,
258,P-0258,TITANIC KIDS VEST W RN,58,61099010,,,28.90,40.00,0.00,2.50,2.50,0.00,35.00,NOS,NOS,NOS,1,0.000,50.00,,,6.000,,,,45,,1754,1,,
258,P-0258,TITANIC KIDS VEST W RN,58,61099010,,,28.90,40.00,0.00,2.50,2.50,0.00,35.00,NOS,NOS,NOS,1,0.000,50.00,,,7.000,,,,40,,1755,1,,
271,P-0271,Titanic vest RN (DYED),57,,,,42.00,44.00,20.00,2.50,2.50,0.00,43.00,NOS,NOS,NOS,1,0.000,87.00,,,0.000,,,,75,,3969,1,,
271,P-0271,Titanic vest RN (DYED),57,,,,42.00,44.00,20.00,2.50,2.50,0.00,43.00,NOS,NOS,NOS,1,0.000,87.00,,,6.000,,,,80,,3970,1,,
271,P-0271,Titanic vest RN (DYED),57,,,,42.00,44.00,20.00,2.50,2.50,0.00,43.00,NOS,NOS,NOS,1,0.000,87.00,,,1.000,,,,85,,3971,1,,
271,P-0271,Titanic vest RN (DYED),57,,,,42.00,44.00,20.00,2.50,2.50,0.00,43.00,NOS,NOS,NOS,1,0.000,87.00,,,0.000,,,,90,,3972,1,,
271,P-0271,Titanic vest RN (DYED),57,,,,42.00,44.00,20.00,2.50,2.50,0.00,43.00,NOS,NOS,NOS,1,0.000,87.00,,,0.000,,,,95,,3973,1,,
271,P-0271,Titanic vest RN (DYED),57,,,,42.00,44.00,20.00,2.50,2.50,0.00,43.00,NOS,NOS,NOS,1,0.000,87.00,,,0.000,,,,100,,3974,1,,
280,P-0280,TITANIC VEST W RN,57,61099010,,,46.90,69.00,20.00,2.50,2.50,0.00,50.00,NOS,NOS,NOS,1,0.000,153.00,,,0.000,,,,75,,3962,1,,
280,P-0280,TITANIC VEST W RN,57,61099010,,,46.90,69.00,20.00,2.50,2.50,0.00,50.00,NOS,NOS,NOS,1,0.000,153.00,,,7.000,,,,80,,3963,1,,
280,P-0280,TITANIC VEST W RN,57,61099010,,,46.90,69.00,20.00,2.50,2.50,0.00,50.00,NOS,NOS,NOS,1,0.000,153.00,,,7.000,,,,85,,3964,1,,
280,P-0280,TITANIC VEST W RN,57,61099010,,,46.90,69.00,20.00,2.50,2.50,0.00,50.00,NOS,NOS,NOS,1,0.000,153.00,,,1.000,,,,90,,3965,1,,
280,P-0280,TITANIC VEST W RN,57,61099010,,,46.90,69.00,20.00,2.50,2.50,0.00,50.00,NOS,NOS,NOS,1,0.000,153.00,,,0.000,,,,95,,3966,1,,
280,P-0280,TITANIC VEST W RN,57,61099010,,,46.90,69.00,20.00,2.50,2.50,0.00,50.00,NOS,NOS,NOS,1,0.000,153.00,,,0.000,,,,100,,3968,1,,
250,P-0250,TITANIC VEST W RNS,57,61099010,,,65.40,94.00,20.00,2.50,2.50,0.00,70.00,NOS,NOS,NOS,1,0.000,198.00,,,10.000,,,,80,,1702,1,,
250,P-0250,TITANIC VEST W RNS,57,61099010,,,65.40,94.00,20.00,2.50,2.50,0.00,70.00,NOS,NOS,NOS,1,0.000,198.00,,,0.000,,,,85,,1703,1,,
250,P-0250,TITANIC VEST W RNS,57,61099010,,,65.40,94.00,20.00,2.50,2.50,0.00,70.00,NOS,NOS,NOS,1,0.000,198.00,,,11.000,,,,90,,1705,1,,
250,P-0250,TITANIC VEST W RNS,57,61099010,,,65.40,94.00,20.00,2.50,2.50,0.00,70.00,NOS,NOS,NOS,1,0.000,198.00,,,5.000,,,,95,,1706,1,,
250,P-0250,TITANIC VEST W RNS,57,61099010,,,65.40,94.00,20.00,2.50,2.50,0.00,70.00,NOS,NOS,NOS,1,0.000,198.00,,,3.000,,,,100,,1707,1,,
698,P-0698,Titanic Winter Vest FS RN,57,,,,193.00,280.00,20.00,0.00,0.00,0.00,199.00,NOS,NOS,NOS,1,0.000,350.00,,,0.000,,,,75,,2978,1,,
698,P-0698,Titanic Winter Vest FS RN,57,,,,193.00,280.00,20.00,0.00,0.00,0.00,199.00,NOS,NOS,NOS,1,0.000,350.00,,,0.000,,,,80,,2979,1,,
698,P-0698,Titanic Winter Vest FS RN,57,,,,193.00,280.00,20.00,0.00,0.00,0.00,199.00,NOS,NOS,NOS,1,0.000,350.00,,,0.000,,,,85,,2980,1,,
698,P-0698,Titanic Winter Vest FS RN,57,,,,193.00,280.00,20.00,0.00,0.00,0.00,199.00,NOS,NOS,NOS,1,0.000,350.00,,,0.000,,,,90,,2981,1,,
698,P-0698,Titanic Winter Vest FS RN,57,,,,193.00,280.00,20.00,0.00,0.00,0.00,199.00,NOS,NOS,NOS,1,0.000,350.00,,,0.000,,,,95,,2982,1,,
698,P-0698,Titanic Winter Vest FS RN,57,,,,193.00,280.00,20.00,0.00,0.00,0.00,199.00,NOS,NOS,NOS,1,0.000,350.00,,,0.000,,,,100,,2983,1,,
699,P-0699,Titanic Winter Vest FS RN -1,58,,,,117.00,180.00,20.00,2.50,2.50,0.00,159.00,NOS,NOS,NOS,1,0.000,225.00,,,0.000,,,,45,,2984,1,,
699,P-0699,Titanic Winter Vest FS RN -1,58,,,,117.00,180.00,20.00,2.50,2.50,0.00,159.00,NOS,NOS,NOS,1,0.000,225.00,,,0.000,,,,50,,2985,1,,
699,P-0699,Titanic Winter Vest FS RN -1,58,,,,117.00,180.00,20.00,2.50,2.50,0.00,159.00,NOS,NOS,NOS,1,0.000,225.00,,,0.000,,,,55,,2986,1,,
699,P-0699,Titanic Winter Vest FS RN -1,58,,,,117.00,180.00,20.00,2.50,2.50,0.00,159.00,NOS,NOS,NOS,1,0.000,225.00,,,0.000,,,,60,,2987,1,,
699,P-0699,Titanic Winter Vest FS RN -1,58,,,,117.00,180.00,20.00,2.50,2.50,0.00,159.00,NOS,NOS,NOS,1,0.000,225.00,,,0.000,,,,65,,2988,1,,
699,P-0699,Titanic Winter Vest FS RN -1,58,,,,117.00,180.00,20.00,2.50,2.50,0.00,159.00,NOS,NOS,NOS,1,0.000,225.00,,,0.000,,,,70,,2989,1,,
699,P-0699,Titanic Winter Vest FS RN -1,58,,,,117.00,180.00,20.00,2.50,2.50,0.00,159.00,NOS,NOS,NOS,1,0.000,225.00,,,0.000,,,,73,,2990,1,,
700,P-0700,Titanic Winter Vest FS VN,57,,,,209.00,300.00,20.00,2.50,2.50,0.00,259.00,NOS,NOS,NOS,1,0.000,375.00,,,0.000,,,,75,,2991,1,,
700,P-0700,Titanic Winter Vest FS VN,57,,,,209.00,300.00,20.00,2.50,2.50,0.00,259.00,NOS,NOS,NOS,1,0.000,375.00,,,0.000,,,,80,,2992,1,,
700,P-0700,Titanic Winter Vest FS VN,57,,,,209.00,300.00,20.00,2.50,2.50,0.00,259.00,NOS,NOS,NOS,1,0.000,375.00,,,0.000,,,,85,,2993,1,,
700,P-0700,Titanic Winter Vest FS VN,57,,,,209.00,300.00,20.00,2.50,2.50,0.00,259.00,NOS,NOS,NOS,1,0.000,375.00,,,0.000,,,,90,,2994,1,,
700,P-0700,Titanic Winter Vest FS VN,57,,,,209.00,300.00,20.00,2.50,2.50,0.00,259.00,NOS,NOS,NOS,1,0.000,375.00,,,0.000,,,,95,,2995,1,,
700,P-0700,Titanic Winter Vest FS VN,57,,,,209.00,300.00,20.00,2.50,2.50,0.00,259.00,NOS,NOS,NOS,1,0.000,375.00,,,0.000,,,,100,,2996,1,,
701,P-0701,Titanic Winter wear Trouser,57,,,,190.00,300.00,20.00,2.50,2.50,0.00,199.00,NOS,NOS,NOS,1,0.000,375.00,,,0.000,,,,75,,2997,1,,
701,P-0701,Titanic Winter wear Trouser,57,,,,190.00,300.00,20.00,2.50,2.50,0.00,199.00,NOS,NOS,NOS,1,0.000,375.00,,,0.000,,,,80,,2998,1,,
701,P-0701,Titanic Winter wear Trouser,57,,,,190.00,300.00,20.00,2.50,2.50,0.00,199.00,NOS,NOS,NOS,1,0.000,375.00,,,0.000,,,,85,,2999,1,,
701,P-0701,Titanic Winter wear Trouser,57,,,,190.00,300.00,20.00,2.50,2.50,0.00,199.00,NOS,NOS,NOS,1,0.000,375.00,,,0.000,,,,90,,3000,1,,
701,P-0701,Titanic Winter wear Trouser,57,,,,190.00,300.00,20.00,2.50,2.50,0.00,199.00,NOS,NOS,NOS,1,0.000,375.00,,,0.000,,,,95,,3001,1,,
701,P-0701,Titanic Winter wear Trouser,57,,,,190.00,300.00,20.00,2.50,2.50,0.00,199.00,NOS,NOS,NOS,1,0.000,375.00,,,0.000,,,,100,,3002,1,,
2845,P-2845,TM - 19 1104,16,,,,104.00,188.00,20.00,0.00,0.00,0.00,129.00,NOS,NOS,NOS,1,0.000,312.00,,,0.000,,,,,,5466,1,,
2223,P-2223,TM - 19 1108,7,,,,108.00,200.00,20.00,0.00,0.00,0.00,139.00,NOS,NOS,NOS,1,0.000,324.00,,,0.000,,,,,,4808,1,,
2844,P-2844,TM - 19 1116,16,,,,116.00,200.00,20.00,0.00,0.00,0.00,129.00,NOS,NOS,NOS,1,0.000,348.00,,,0.000,,,,,,5465,1,,
2236,P-2236,TM - 19 1163,7,,,,163.00,300.00,20.00,0.00,0.00,0.00,199.00,NOS,NOS,NOS,1,0.000,489.00,,,0.000,,,,,,4821,1,,
2225,P-2225,TM - 19 1165,7,,,,165.00,288.00,20.00,0.00,0.00,0.00,199.00,NOS,NOS,NOS,1,0.000,495.00,,,0.000,,,,,,4810,1,,
1076,P-1076,TM - 19 1185,20,,,,185.00,280.00,20.00,0.00,0.00,0.00,199.00,NOS,NOS,NOS,1,0.000,325.00,,,0.000,,,,,,3526,1,,
2264,P-2264,TM - 21 1119,20,,,,119.00,225.00,20.00,0.00,0.00,0.00,159.00,NOS,NOS,NOS,1,0.000,357.00,,,0.000,,,,,,4849,1,,
2263,P-2263,TM - 21 1130,20,,,,130.00,225.00,20.00,0.00,0.00,0.00,159.00,NOS,NOS,NOS,1,0.000,390.00,,,0.000,,,,,,4848,1,,
1021,P-1021,TM- 19 1093,16,,,,93.00,140.00,20.00,0.00,0.00,0.00,99.00,NOS,NOS,NOS,1,0.000,175.00,,,0.000,,,,,,3471,1,,
2847,P-2847,TM 19 1094,16,,,,94.00,175.00,20.00,0.00,0.00,0.00,99.00,NOS,NOS,NOS,1,0.000,282.00,,,0.000,,,,,,5468,1,,
2220,P-2220,TM 19 1098,7,,,,98.00,175.00,20.00,0.00,0.00,0.00,99.00,NOS,NOS,NOS,1,0.000,294.00,,,0.000,,,,,,4805,1,,
1224,P-1224,TM -19 1108,20,,,,108.00,200.00,20.00,0.00,0.00,0.00,139.00,NOS,NOS,NOS,1,0.000,324.00,,,0.000,,,,,,3674,1,,
3371,P-3371,TM 19 1112,20,,,,112.00,225.00,20.00,0.00,0.00,0.00,179.00,NOS,NOS,NOS,1,0.000,336.00,,,0.000,,,,,,6051,1,,
2218,P-2218,TM 19 1120,33,,,,120.00,225.00,20.00,0.00,0.00,0.00,149.00,NOS,NOS,NOS,1,0.000,360.00,,,0.000,,,,,,4803,1,,
3361,P-3361,TM- 19 1146,60,,,,146.00,250.00,20.00,0.00,0.00,0.00,199.00,NOS,NOS,NOS,1,0.000,438.00,,,0.000,,,,,,6041,1,,
1702,P-1702,TM -19 1191,19,,,,191.00,350.00,20.00,0.00,0.00,0.00,199.00,NOS,NOS,NOS,1,0.000,573.00,,,0.000,,,,,,4258,1,,
1028,P-1028,TM-19 1067,16,,,,67.00,130.00,20.00,0.00,0.00,0.00,69.00,NOS,NOS,NOS,1,0.000,163.00,,,0.000,,,,,,3478,1,,
1027,P-1027,TM-19 1077,16,,,,77.00,130.00,20.00,0.00,0.00,0.00,79.00,NOS,NOS,NOS,1,0.000,163.00,,,0.000,,,,,,3477,1,,
1026,P-1026,TM-19 1081,16,,,,81.00,130.00,20.00,0.00,0.00,0.00,99.00,NOS,NOS,NOS,1,0.000,163.00,,,0.000,,,,,,3476,1,,
1023,P-1023,TM-19 1085,16,,,,85.00,140.00,20.00,0.00,0.00,0.00,99.00,NOS,NOS,NOS,1,0.000,175.00,,,0.000,,,,,,3473,1,,
1022,P-1022,TM-19 1089,16,,,,89.00,140.00,20.00,0.00,0.00,0.00,99.00,NOS,NOS,NOS,1,0.000,175.00,,,0.000,,,,,,3472,1,,
1047,P-1047,TM-19 1136,16,,,,136.00,200.00,0.00,0.00,0.00,0.00,139.00,NOS,NOS,NOS,1,0.000,250.00,,,0.000,,,,,,3497,1,,
1046,P-1046,TM-19 1138,60,,,,138.00,200.00,20.00,0.00,0.00,0.00,149.00,NOS,NOS,NOS,1,0.000,250.00,,,0.000,,,,,,3496,1,,
2021,P-2021,TM-19 1188,87,,,,188.00,325.00,20.00,0.00,0.00,0.00,199.00,NOS,NOS,NOS,1,0.000,564.00,,,0.000,,,,,,4605,1,,
2020,P-2020,TM-19 1216,87,,,,216.00,375.00,20.00,0.00,0.00,0.00,299.00,NOS,NOS,NOS,1,0.000,648.00,,,0.000,,,,,,4604,1,,
92,P-0092,Tm19 3083/f,19,gb b,,,120.00,200.00,0.00,0.00,0.00,0.00,150.00,NOS,NOS,NOS,1,0.000,250.00,,,1.000,,,,16,,1233,1,,
204,P-0204,Tony & Jony  0712/D09,19,gbb,,,228.00,340.00,20.00,0.00,0.00,0.00,300.00,NOS,NOS,NOS,1,0.000,425.00,,,3.000,,,,,,1498,1,,
303,P-0303,Top for kids (Girls),69,,,,240.00,320.00,20.00,0.00,0.00,0.00,299.00,NOS,NOS,NOS,1,0.000,400.00,,,2.000,,,,,,1885,1,,
303,P-0303,Top for kids (Girls),69,,,,240.00,320.00,20.00,0.00,0.00,0.00,299.00,NOS,NOS,NOS,1,0.000,400.00,,,2.000,,,,,,1886,1,,
303,P-0303,Top for kids (Girls),69,,,,240.00,320.00,20.00,0.00,0.00,0.00,299.00,NOS,NOS,NOS,1,0.000,400.00,,,2.000,,,,,,1887,1,,
303,P-0303,Top for kids (Girls),69,,,,240.00,320.00,20.00,0.00,0.00,0.00,299.00,NOS,NOS,NOS,1,0.000,400.00,,,4.000,,,,,,1884,1,,
303,P-0303,Top for kids (Girls),69,,,,240.00,320.00,20.00,0.00,0.00,0.00,299.00,NOS,NOS,NOS,1,0.000,400.00,,,3.000,,,,,,1888,1,,
303,P-0303,Top for kids (Girls),69,,,,240.00,320.00,20.00,0.00,0.00,0.00,299.00,NOS,NOS,NOS,1,0.000,400.00,,,3.000,,,,,,1889,1,,
303,P-0303,Top for kids (Girls),69,,,,240.00,320.00,20.00,0.00,0.00,0.00,299.00,NOS,NOS,NOS,1,0.000,400.00,,,4.000,,,,,,1890,1,,
303,P-0303,Top for kids (Girls),69,,,,240.00,320.00,20.00,0.00,0.00,0.00,299.00,NOS,NOS,NOS,1,0.000,400.00,,,6.000,,,,,,1891,1,,
303,P-0303,Top for kids (Girls),69,,,,240.00,320.00,20.00,0.00,0.00,0.00,299.00,NOS,NOS,NOS,1,0.000,400.00,,,1.000,,,,,,1892,1,,
303,P-0303,Top for kids (Girls),69,,,,240.00,320.00,20.00,0.00,0.00,0.00,299.00,NOS,NOS,NOS,1,0.000,400.00,,,6.000,,,,,,1893,1,,
303,P-0303,Top for kids (Girls),69,,,,240.00,320.00,20.00,0.00,0.00,0.00,299.00,NOS,NOS,NOS,1,0.000,400.00,,,1.000,,,,,,1894,1,,
303,P-0303,Top for kids (Girls),69,,,,240.00,320.00,20.00,0.00,0.00,0.00,299.00,NOS,NOS,NOS,1,0.000,400.00,,,1.000,,,,,,1895,1,,
303,P-0303,Top for kids (Girls),69,,,,240.00,320.00,20.00,0.00,0.00,0.00,299.00,NOS,NOS,NOS,1,0.000,400.00,,,3.000,,,,,,1896,1,,
303,P-0303,Top for kids (Girls),69,,,,240.00,320.00,20.00,0.00,0.00,0.00,299.00,NOS,NOS,NOS,1,0.000,400.00,,,3.000,,,,,,1897,1,,
303,P-0303,Top for kids (Girls),69,,,,240.00,320.00,20.00,0.00,0.00,0.00,299.00,NOS,NOS,NOS,1,0.000,400.00,,,10.000,,,,,,1898,1,,
1906,P-1906,Top Style 1300,87,,,,300.00,525.00,20.00,0.00,0.00,0.00,399.00,NOS,NOS,NOS,1,0.000,900.00,,,0.000,,,,,,4465,1,,
638,P-0638,Top Style 1450,91,,,,450.00,612.00,0.00,0.00,0.00,0.00,499.00,NOS,NOS,NOS,1,0.000,765.00,,,0.000,,,,,,2707,1,,
38,P-0038,Touchwood 1335,7,,,,335.00,460.00,20.00,0.00,0.00,0.00,350.00,NOS,NOS,NOS,1,0.000,575.00,MEN'S COUNTER,courner,3.000,,,,,,1075,1,,
1320,P-1320,Towel 1036,120,,,,36.00,80.00,20.00,0.00,0.00,0.00,59.00,NOS,NOS,NOS,1,0.000,100.00,,,0.000,,,,,,3770,1,,
1320,P-1320,Towel 1036,120,,,,36.00,80.00,20.00,0.00,0.00,0.00,59.00,NOS,NOS,NOS,1,0.000,100.00,,,0.000,,,,,,4020,1,,
1337,P-1337,Towel 1037,105,,,,37.00,100.00,20.00,0.00,0.00,0.00,99.00,NOS,NOS,NOS,1,0.000,200.00,,,0.000,,,,,,3788,1,,
1330,P-1330,Towel 1099,119,,,,99.00,150.00,20.00,0.00,0.00,0.00,129.00,NOS,NOS,NOS,1,0.000,188.00,,,0.000,,,,,,3781,1,,
1331,P-1331,Towel 1110,119,,,,115.00,225.00,20.00,0.00,0.00,0.00,159.00,NOS,NOS,NOS,1,0.000,350.00,,,0.000,,,,,,3782,1,,
1336,P-1336,Towel 1125,120,,,,125.00,315.00,0.00,0.00,0.00,0.00,129.00,NOS,NOS,NOS,1,0.000,375.00,,,0.000,,,,,,3787,1,,
1322,P-1322,Towel 1145,120,,,,145.00,225.00,20.00,0.00,0.00,0.00,159.00,NOS,NOS,NOS,1,0.000,457.00,,,0.000,,,,,,3772,1225,,
1323,P-1323,Towel 1150,120,,,,150.00,200.00,20.00,0.00,0.00,0.00,159.00,NOS,NOS,NOS,1,0.000,250.00,,,0.000,,,,,,3773,1,,
1324,P-1324,Towel 1165,120,,,,165.00,230.00,20.00,0.00,0.00,0.00,199.00,NOS,NOS,NOS,1,0.000,288.00,,,0.000,,,,,,3774,1,,
1332,P-1332,Towel 1169,119,,,,169.00,240.00,20.00,0.00,0.00,0.00,179.00,NOS,NOS,NOS,1,0.000,300.00,,,0.000,,,,,,3783,1,,
1321,P-1321,Towel 1175,120,,,,175.00,252.00,20.00,0.00,0.00,0.00,199.00,NOS,NOS,NOS,1,0.000,315.00,,,0.000,,,,,,3771,1,,
1333,P-1333,towel 1184,119,,,,184.00,260.00,0.00,0.00,0.00,0.00,189.00,NOS,NOS,NOS,1,0.000,325.00,,,0.000,,,,,,3784,1,,
1329,P-1329,Towel 1195,119,,,,195.00,280.00,0.00,0.00,0.00,0.00,199.00,NOS,NOS,NOS,1,0.000,350.00,,,0.000,,,,,,3780,1,,
1477,P-1477,Toxxy 1245,2,,,,245.00,425.00,20.00,0.00,0.00,0.00,299.00,NOS,NOS,NOS,1,0.000,735.00,,,0.000,,,,,,4039,1,,
1478,P-1478,Toxxy 1295,2,,,,295.00,500.00,20.00,0.00,0.00,0.00,299.00,NOS,NOS,NOS,1,0.000,880.00,,,0.000,,,,,,4040,1,,
1476,P-1476,Toxxy 1395,2,,,,395.00,675.00,20.00,0.00,0.00,0.00,399.00,NOS,NOS,NOS,1,0.000,1180.00,,,0.000,,,,,,4038,1,,
1871,P-1871,track suit 1550,98,,,,550.00,925.00,20.00,0.00,0.00,0.00,599.00,NOS,NOS,NOS,1,0.000,1650.00,,,0.000,,,,,,4426,1,,
751,P-0751,Track suit 1850,98,,,,850.00,1200.00,20.00,0.00,0.00,0.00,899.00,NOS,NOS,NOS,1,0.000,1500.00,,,0.000,,,,,,3156,1,,
3039,P-3039,Tracksuit for mens 1790,98,,,,790.00,1375.00,20.00,0.00,0.00,0.00,799.00,NOS,NOS,NOS,1,0.000,2370.00,,,0.000,,,,,,5677,1,,
2691,P-2691,TRAND WILL SHIRT 1125,15,,,,125.00,250.02,20.00,0.00,0.00,0.00,150.00,NOS,NOS,NOS,1,0.000,375.00,,,0.000,,,,,,5304,1,,
2690,P-2690,TRAND WILL SHIRT 1145,15,,,,145.00,315.00,20.00,0.00,0.00,0.00,150.00,NOS,NOS,NOS,1,0.000,375.00,,,0.000,,,,,,5303,1,,
1205,P-1205,TRANDZ BABY 1148,20,,,,148.00,220.00,20.00,0.00,0.00,0.00,159.00,NOS,NOS,NOS,1,0.000,275.00,,,0.000,,,,,,3655,1,,
1209,P-1209,TRANDZ BABY 1171,60,,,,171.00,340.00,20.00,0.00,0.00,0.00,199.00,NOS,NOS,NOS,1,0.000,300.00,,,0.000,,,,,,3659,1,,
2692,P-2692,TREND WIIL SHIRT 1110,15,,,,110.00,250.00,20.00,0.00,0.00,0.00,160.00,NOS,NOS,NOS,1,0.000,330.00,,,0.000,,,,,,5305,1,,
41,P-0041,TREND WILL SHIRT 1125,7,,,,125.00,450.00,20.00,0.00,0.00,0.00,250.00,NOS,NOS,NOS,1,0.000,675.00,MEN'S COUNTER,,4.000,,,,,,1078,1,,
2961,P-2961,TREND WILL SHIRT 1160,15,,,,160.00,275.00,20.00,0.00,0.00,0.00,199.00,NOS,NOS,NOS,1,0.000,480.00,,,0.000,,,,,,5579,1,,
351,P-0351,Trippej Full Sleeves Blouse,78,,,,195.00,312.00,0.00,0.00,0.00,0.00,199.00,NOS,NOS,NOS,1,0.000,390.00,,,2.000,,,,,,2073,1,,
354,P-0354,Tripplej half sleeves 1175,78,,,,175.00,280.00,0.00,0.00,0.00,0.00,199.00,NOS,NOS,NOS,1,0.000,350.00,,,1.000,,,,36,,2084,1,,
354,P-0354,Tripplej half sleeves 1175,78,,,,175.00,280.00,0.00,0.00,0.00,0.00,199.00,NOS,NOS,NOS,1,0.000,350.00,,,2.000,,,,,,2085,1,,
2696,P-2696,trousers 1190,4,,,,190.00,325.00,20.00,0.00,0.00,0.00,199.00,NOS,NOS,NOS,1,0.000,570.00,,,0.000,,,,,,5311,1,,
2233,P-2233,True Maker 1218,7,,,,218.00,375.00,20.00,0.00,0.00,0.00,249.00,NOS,NOS,NOS,1,0.000,654.00,,,0.000,,,,,,4818,1,,
2241,P-2241,True Maker 1243,7,,,,243.00,425.00,20.00,0.00,0.00,0.00,299.00,NOS,NOS,NOS,1,0.000,729.00,,,0.000,,,,,,4826,1,,
1987,P-1987,True maker 1255,16,,,,255.00,450.00,20.00,0.00,0.00,0.00,299.00,NOS,NOS,NOS,1,0.000,765.00,,,0.000,,,,,,4553,1,,
3383,P-3383,True Makers 1132,20,,,,132.00,250.00,20.00,0.00,0.00,0.00,179.00,NOS,NOS,NOS,1,0.000,396.00,,,0.000,,,,,,6063,1,,
3263,P-3263,True Makers 1135,18,,,,135.00,250.00,20.00,0.00,0.00,0.00,299.00,NOS,NOS,NOS,1,0.000,405.00,,,0.000,,,,,,5930,1,,
3354,P-3354,True makers 1153,16,,,,153.00,275.00,20.00,0.00,0.00,0.00,199.00,NOS,NOS,NOS,1,0.000,459.00,,,0.000,,,,,,6034,1,,
3354,P-3354,True makers 1153,16,,,,153.00,275.00,20.00,0.00,0.00,0.00,199.00,NOS,NOS,NOS,1,0.000,459.00,,,0.000,,,,,,\,1,,
1400,P-1400,True makers 1175,7,,,,175.00,325.00,20.00,0.00,0.00,0.00,199.00,NOS,NOS,NOS,1,0.000,525.00,,,0.000,,,,,,3856,1,,
85,P-0085,True makers 3155/b 1149,19,,,,149.00,250.00,0.00,0.00,0.00,0.00,200.00,NOS,NOS,NOS,1,0.000,315.00,,,2.000,,,,,,1140,1,,
51,P-0051,Tshirt,7,,,,140.00,315.00,20.00,0.00,0.00,0.00,200.00,NOS,NOS,NOS,1,0.000,570.00,MEN'S COUNTER,,12.000,,,,,,1088,1,,
51,P-0051,Tshirt,7,,,,140.00,315.00,20.00,0.00,0.00,0.00,200.00,NOS,NOS,NOS,1,0.000,570.00,MEN'S COUNTER,,26.000,,,,,,1089,1,,
51,P-0051,Tshirt,7,,,,140.00,315.00,20.00,0.00,0.00,0.00,200.00,NOS,NOS,NOS,1,0.000,570.00,MEN'S COUNTER,,23.000,,,,,,1090,1,,
51,P-0051,Tshirt,7,,,,140.00,315.00,20.00,0.00,0.00,0.00,200.00,NOS,NOS,NOS,1,0.000,570.00,MEN'S COUNTER,,22.000,,,,,,1091,1,,
51,P-0051,Tshirt,7,,,,140.00,315.00,20.00,0.00,0.00,0.00,200.00,NOS,NOS,NOS,1,0.000,570.00,MEN'S COUNTER,,22.000,,,,,,1092,1,,
51,P-0051,Tshirt,7,,,,140.00,315.00,20.00,0.00,0.00,0.00,200.00,NOS,NOS,NOS,1,0.000,570.00,MEN'S COUNTER,,8.000,,,,,,1093,1,,
51,P-0051,Tshirt,7,,,,140.00,315.00,20.00,0.00,0.00,0.00,200.00,NOS,NOS,NOS,1,0.000,570.00,MEN'S COUNTER,,27.000,,,,,,1094,1,,
162,P-0162,tshirt F/S,16,gbb,,,130.00,200.00,20.00,0.00,0.00,0.00,188.00,NOS,NOS,NOS,1,0.000,250.00,Boy's counter,,11.000,,,,,,1303,1,,
162,P-0162,tshirt F/S,16,gbb,,,130.00,200.00,20.00,0.00,0.00,0.00,188.00,NOS,NOS,NOS,1,0.000,250.00,Boy's counter,,2.000,,,,,,1304,1,,
162,P-0162,tshirt F/S,16,gbb,,,130.00,200.00,20.00,0.00,0.00,0.00,188.00,NOS,NOS,NOS,1,0.000,250.00,Boy's counter,,3.000,,,,,,1305,1,,
162,P-0162,tshirt F/S,16,gbb,,,130.00,200.00,20.00,0.00,0.00,0.00,188.00,NOS,NOS,NOS,1,0.000,250.00,Boy's counter,,1.000,,,,,,1306,1,,
227,P-0227,Tshirt for girls,52,gbb,,,115.00,160.00,20.00,0.00,0.00,0.00,129.00,NOS,NOS,NOS,1,0.000,200.00,,,7.000,,,,,,1633,1,,
320,P-0320,tshirt fpor kids,52,,,,212.00,320.00,20.00,0.00,0.00,0.00,299.00,NOS,NOS,NOS,1,0.000,400.00,,,3.000,,,,,,1992,1,,
320,P-0320,tshirt fpor kids,52,,,,212.00,320.00,20.00,0.00,0.00,0.00,299.00,NOS,NOS,NOS,1,0.000,400.00,,,1.000,,,,,,1993,1,,
320,P-0320,tshirt fpor kids,52,,,,212.00,320.00,20.00,0.00,0.00,0.00,299.00,NOS,NOS,NOS,1,0.000,400.00,,,2.000,,,,,,1994,1,,
320,P-0320,tshirt fpor kids,52,,,,212.00,320.00,20.00,0.00,0.00,0.00,299.00,NOS,NOS,NOS,1,0.000,400.00,,,2.000,,,,,,1995,1,,
320,P-0320,tshirt fpor kids,52,,,,212.00,320.00,20.00,0.00,0.00,0.00,299.00,NOS,NOS,NOS,1,0.000,400.00,,,8.000,,,,,,1996,1,,
65,P-0065,tshirt GBBR1155,7,,,,155.00,250.00,20.00,0.00,0.00,0.00,200.00,NOS,NOS,NOS,1,0.000,315.00,MEN'S COUNTER,,5.000,,,,M,,1148,1,,
169,P-0169,Tshirt nikkar opening stock,20,gbb,,,93.00,160.00,20.00,0.00,0.00,0.00,99.00,NOS,NOS,NOS,1,0.000,200.00,Boy's counter,,5.000,,,,,,1328,1,,
169,P-0169,Tshirt nikkar opening stock,20,gbb,,,93.00,160.00,20.00,0.00,0.00,0.00,99.00,NOS,NOS,NOS,1,0.000,200.00,Boy's counter,,3.000,,,,,,1329,1,,
169,P-0169,Tshirt nikkar opening stock,20,gbb,,,93.00,160.00,20.00,0.00,0.00,0.00,99.00,NOS,NOS,NOS,1,0.000,200.00,Boy's counter,,7.000,,,,,,1330,1,,
169,P-0169,Tshirt nikkar opening stock,20,gbb,,,93.00,160.00,20.00,0.00,0.00,0.00,99.00,NOS,NOS,NOS,1,0.000,200.00,Boy's counter,,5.000,,,,,,1331,1,,
169,P-0169,Tshirt nikkar opening stock,20,gbb,,,93.00,160.00,20.00,0.00,0.00,0.00,99.00,NOS,NOS,NOS,1,0.000,200.00,Boy's counter,,2.000,,,,,,1332,1,,
169,P-0169,Tshirt nikkar opening stock,20,gbb,,,93.00,160.00,20.00,0.00,0.00,0.00,99.00,NOS,NOS,NOS,1,0.000,200.00,Boy's counter,,8.000,,,,,,1333,1,,
169,P-0169,Tshirt nikkar opening stock,20,gbb,,,93.00,160.00,20.00,0.00,0.00,0.00,99.00,NOS,NOS,NOS,1,0.000,200.00,Boy's counter,,6.000,,,,,,1334,1,,
169,P-0169,Tshirt nikkar opening stock,20,gbb,,,93.00,160.00,20.00,0.00,0.00,0.00,99.00,NOS,NOS,NOS,1,0.000,200.00,Boy's counter,,5.000,,,,,,1335,1,,
169,P-0169,Tshirt nikkar opening stock,20,gbb,,,93.00,160.00,20.00,0.00,0.00,0.00,99.00,NOS,NOS,NOS,1,0.000,200.00,Boy's counter,,5.000,,,,,,1336,1,,
169,P-0169,Tshirt nikkar opening stock,20,gbb,,,93.00,160.00,20.00,0.00,0.00,0.00,99.00,NOS,NOS,NOS,1,0.000,200.00,Boy's counter,,5.000,,,,,,1337,1,,
169,P-0169,Tshirt nikkar opening stock,20,gbb,,,93.00,160.00,20.00,0.00,0.00,0.00,99.00,NOS,NOS,NOS,1,0.000,200.00,Boy's counter,,1.000,,,,,,1338,1,,
169,P-0169,Tshirt nikkar opening stock,20,gbb,,,93.00,160.00,20.00,0.00,0.00,0.00,99.00,NOS,NOS,NOS,1,0.000,200.00,Boy's counter,,3.000,,,,,,1339,1,,
169,P-0169,Tshirt nikkar opening stock,20,gbb,,,93.00,160.00,20.00,0.00,0.00,0.00,99.00,NOS,NOS,NOS,1,0.000,200.00,Boy's counter,,1.000,,,,,,1340,1,,
192,P-0192,Tshirt nikkar(jeans) opening stock,20,gbb,,,148.00,220.00,20.00,0.00,0.00,0.00,109.00,NOS,NOS,NOS,1,0.000,275.00,Boy's counter,,3.000,,,,,,1418,1,,
192,P-0192,Tshirt nikkar(jeans) opening stock,20,gbb,,,148.00,220.00,20.00,0.00,0.00,0.00,109.00,NOS,NOS,NOS,1,0.000,275.00,Boy's counter,,2.000,,,,,,1419,1,,
192,P-0192,Tshirt nikkar(jeans) opening stock,20,gbb,,,148.00,220.00,20.00,0.00,0.00,0.00,109.00,NOS,NOS,NOS,1,0.000,275.00,Boy's counter,,2.000,,,,,,1420,1,,
192,P-0192,Tshirt nikkar(jeans) opening stock,20,gbb,,,148.00,220.00,20.00,0.00,0.00,0.00,109.00,NOS,NOS,NOS,1,0.000,275.00,Boy's counter,,2.000,,,,,,1422,1,,
192,P-0192,Tshirt nikkar(jeans) opening stock,20,gbb,,,148.00,220.00,20.00,0.00,0.00,0.00,109.00,NOS,NOS,NOS,1,0.000,275.00,Boy's counter,,7.000,,,,,,1423,1,,
192,P-0192,Tshirt nikkar(jeans) opening stock,20,gbb,,,148.00,220.00,20.00,0.00,0.00,0.00,109.00,NOS,NOS,NOS,1,0.000,275.00,Boy's counter,,3.000,,,,,,1424,1,,
192,P-0192,Tshirt nikkar(jeans) opening stock,20,gbb,,,148.00,220.00,20.00,0.00,0.00,0.00,109.00,NOS,NOS,NOS,1,0.000,275.00,Boy's counter,,3.000,,,,,,1425,1,,
192,P-0192,Tshirt nikkar(jeans) opening stock,20,gbb,,,148.00,220.00,20.00,0.00,0.00,0.00,109.00,NOS,NOS,NOS,1,0.000,275.00,Boy's counter,,6.000,,,,,,1426,1,,
192,P-0192,Tshirt nikkar(jeans) opening stock,20,gbb,,,148.00,220.00,20.00,0.00,0.00,0.00,109.00,NOS,NOS,NOS,1,0.000,275.00,Boy's counter,,6.000,,,,,,1427,1,,
192,P-0192,Tshirt nikkar(jeans) opening stock,20,gbb,,,148.00,220.00,20.00,0.00,0.00,0.00,109.00,NOS,NOS,NOS,1,0.000,275.00,Boy's counter,,2.000,,,,,,1428,1,,
192,P-0192,Tshirt nikkar(jeans) opening stock,20,gbb,,,148.00,220.00,20.00,0.00,0.00,0.00,109.00,NOS,NOS,NOS,1,0.000,275.00,Boy's counter,,1.000,,,,,,1429,1,,
192,P-0192,Tshirt nikkar(jeans) opening stock,20,gbb,,,148.00,220.00,20.00,0.00,0.00,0.00,109.00,NOS,NOS,NOS,1,0.000,275.00,Boy's counter,,1.000,,,,,,1430,1,,
192,P-0192,Tshirt nikkar(jeans) opening stock,20,gbb,,,148.00,220.00,20.00,0.00,0.00,0.00,109.00,NOS,NOS,NOS,1,0.000,275.00,Boy's counter,,2.000,,,,,,1431,1,,
192,P-0192,Tshirt nikkar(jeans) opening stock,20,gbb,,,148.00,220.00,20.00,0.00,0.00,0.00,109.00,NOS,NOS,NOS,1,0.000,275.00,Boy's counter,,1.000,,,,,,1432,1,,
192,P-0192,Tshirt nikkar(jeans) opening stock,20,gbb,,,148.00,220.00,20.00,0.00,0.00,0.00,109.00,NOS,NOS,NOS,1,0.000,275.00,Boy's counter,,1.000,,,,,,1433,1,,
192,P-0192,Tshirt nikkar(jeans) opening stock,20,gbb,,,148.00,220.00,20.00,0.00,0.00,0.00,109.00,NOS,NOS,NOS,1,0.000,275.00,Boy's counter,,2.000,,,,,,1434,1,,
179,P-0179,Tshirt pant set opening stock,19,gbb,,,594.00,799.00,20.00,0.00,0.00,0.00,499.00,NOS,NOS,NOS,1,0.000,999.00,,,1.000,,,,30,,1369,1,,
179,P-0179,Tshirt pant set opening stock,19,gbb,,,594.00,799.00,20.00,0.00,0.00,0.00,499.00,NOS,NOS,NOS,1,0.000,999.00,,,4.000,,,,,,1370,1,,
179,P-0179,Tshirt pant set opening stock,19,gbb,,,594.00,799.00,20.00,0.00,0.00,0.00,499.00,NOS,NOS,NOS,1,0.000,999.00,,,2.000,,,,,,1371,1,,
179,P-0179,Tshirt pant set opening stock,19,gbb,,,594.00,799.00,20.00,0.00,0.00,0.00,499.00,NOS,NOS,NOS,1,0.000,999.00,,,11.000,,,,,,1373,1,,
179,P-0179,Tshirt pant set opening stock,19,gbb,,,594.00,799.00,20.00,0.00,0.00,0.00,499.00,NOS,NOS,NOS,1,0.000,999.00,,,5.000,,,,,,1374,1,,
179,P-0179,Tshirt pant set opening stock,19,gbb,,,594.00,799.00,20.00,0.00,0.00,0.00,499.00,NOS,NOS,NOS,1,0.000,999.00,,,2.000,,,,,,1394,1,,
179,P-0179,Tshirt pant set opening stock,19,gbb,,,594.00,799.00,20.00,0.00,0.00,0.00,499.00,NOS,NOS,NOS,1,0.000,999.00,,,5.000,,,,,,1372,1,,
179,P-0179,Tshirt pant set opening stock,19,gbb,,,594.00,799.00,20.00,0.00,0.00,0.00,499.00,NOS,NOS,NOS,1,0.000,999.00,,,3.000,,,,,,1375,1,,
179,P-0179,Tshirt pant set opening stock,19,gbb,,,594.00,799.00,20.00,0.00,0.00,0.00,499.00,NOS,NOS,NOS,1,0.000,999.00,,,2.000,,,,,,1377,1,,
179,P-0179,Tshirt pant set opening stock,19,gbb,,,594.00,799.00,20.00,0.00,0.00,0.00,499.00,NOS,NOS,NOS,1,0.000,999.00,,,7.000,,,,,,1376,1,,
179,P-0179,Tshirt pant set opening stock,19,gbb,,,594.00,799.00,20.00,0.00,0.00,0.00,499.00,NOS,NOS,NOS,1,0.000,999.00,,,14.000,,,,,,1378,1,,
179,P-0179,Tshirt pant set opening stock,19,gbb,,,594.00,799.00,20.00,0.00,0.00,0.00,499.00,NOS,NOS,NOS,1,0.000,999.00,,,2.000,,,,,,1379,1,,
179,P-0179,Tshirt pant set opening stock,19,gbb,,,594.00,799.00,20.00,0.00,0.00,0.00,499.00,NOS,NOS,NOS,1,0.000,999.00,,,2.000,,,,,,1380,1,,
179,P-0179,Tshirt pant set opening stock,19,gbb,,,594.00,799.00,20.00,0.00,0.00,0.00,499.00,NOS,NOS,NOS,1,0.000,999.00,,,14.000,,,,,,1381,1,,
179,P-0179,Tshirt pant set opening stock,19,gbb,,,594.00,799.00,20.00,0.00,0.00,0.00,499.00,NOS,NOS,NOS,1,0.000,999.00,,,7.000,,,,,,1382,1,,
179,P-0179,Tshirt pant set opening stock,19,gbb,,,594.00,799.00,20.00,0.00,0.00,0.00,499.00,NOS,NOS,NOS,1,0.000,999.00,,,3.000,,,,,,1383,1,,
179,P-0179,Tshirt pant set opening stock,19,gbb,,,594.00,799.00,20.00,0.00,0.00,0.00,499.00,NOS,NOS,NOS,1,0.000,999.00,,,3.000,,,,,,1384,1,,
179,P-0179,Tshirt pant set opening stock,19,gbb,,,594.00,799.00,20.00,0.00,0.00,0.00,499.00,NOS,NOS,NOS,1,0.000,999.00,,,10.000,,,,,,1385,1,,
179,P-0179,Tshirt pant set opening stock,19,gbb,,,594.00,799.00,20.00,0.00,0.00,0.00,499.00,NOS,NOS,NOS,1,0.000,999.00,,,4.000,,,,,,1386,1,,
179,P-0179,Tshirt pant set opening stock,19,gbb,,,594.00,799.00,20.00,0.00,0.00,0.00,499.00,NOS,NOS,NOS,1,0.000,999.00,,,3.000,,,,,,1387,1,,
179,P-0179,Tshirt pant set opening stock,19,gbb,,,594.00,799.00,20.00,0.00,0.00,0.00,499.00,NOS,NOS,NOS,1,0.000,999.00,,,3.000,,,,,,1388,1,,
179,P-0179,Tshirt pant set opening stock,19,gbb,,,594.00,799.00,20.00,0.00,0.00,0.00,499.00,NOS,NOS,NOS,1,0.000,999.00,,,4.000,,,,,,1389,1,,
179,P-0179,Tshirt pant set opening stock,19,gbb,,,594.00,799.00,20.00,0.00,0.00,0.00,499.00,NOS,NOS,NOS,1,0.000,999.00,,,4.000,,,,,,1390,1,,
179,P-0179,Tshirt pant set opening stock,19,gbb,,,594.00,799.00,20.00,0.00,0.00,0.00,499.00,NOS,NOS,NOS,1,0.000,999.00,,,3.000,,,,,,1391,1,,
179,P-0179,Tshirt pant set opening stock,19,gbb,,,594.00,799.00,20.00,0.00,0.00,0.00,499.00,NOS,NOS,NOS,1,0.000,999.00,,,9.000,,,,,,1392,1,,
179,P-0179,Tshirt pant set opening stock,19,gbb,,,594.00,799.00,20.00,0.00,0.00,0.00,499.00,NOS,NOS,NOS,1,0.000,999.00,,,3.000,,,,,,1393,1,,
71,P-0071,TT collar tshirt 1250,16,,,,244.00,320.00,20.00,0.00,0.00,0.00,300.00,NOS,NOS,NOS,1,0.000,440.00,,,17.000,,,,,,1179,1,,
292,P-0292,TT Cool,61,,,,210.00,319.00,20.00,2.50,2.50,0.00,299.00,NOS,NOS,NOS,1,0.000,399.00,,,16.000,,,,Free,,1700,1,,
292,P-0292,TT Cool,61,,,,210.00,319.00,20.00,2.50,2.50,0.00,299.00,NOS,NOS,NOS,1,0.000,399.00,,,9.000,,,,Free,,1701,1,,
284,P-0284,TT Cool (boys capri set),20,gbb,,,245.00,376.00,20.00,0.00,0.00,0.00,349.00,NOS,NOS,NOS,1,0.000,470.00,,,3.000,,,,,,1675,1,,
285,P-0285,TT Cool (boys P/J set),20,gbb,,,248.00,380.00,20.00,0.00,0.00,0.00,349.00,NOS,NOS,NOS,1,0.000,476.00,,,4.000,,,,,,1676,1,,
283,P-0283,TT Cool (girls capry set),60,gbb,,,235.00,358.00,0.00,0.00,0.00,0.00,329.00,NOS,NOS,NOS,1,0.000,448.00,,,5.000,,,,,,1674,1,,
225,P-0225,TT Fun clothing (Tshirt),52,gbb,,,170.00,200.00,20.00,0.00,0.00,0.00,180.00,NOS,NOS,NOS,1,0.000,251.00,,,4.000,,,,14 year,,1630,1,,
225,P-0225,TT Fun clothing (Tshirt),52,gbb,,,170.00,200.00,20.00,0.00,0.00,0.00,180.00,NOS,NOS,NOS,1,0.000,251.00,,,7.000,,,,,,1631,1,,
291,P-0291,TT pearl,61,,,,167.00,257.00,20.00,2.50,2.50,0.00,239.00,NOS,NOS,NOS,1,0.000,322.00,,,11.000,,,,,,1699,1,,
345,P-0345,TT Pearl Long Slips,75,,,,69.00,106.00,0.00,2.50,2.50,0.00,76.00,NOS,NOS,NOS,1,0.000,133.00,,,18.000,,,,100,,2040,1,,
345,P-0345,TT Pearl Long Slips,75,,,,69.00,106.00,0.00,2.50,2.50,0.00,76.00,NOS,NOS,NOS,1,0.000,133.00,,,3.000,,,,90,,2041,1,,
345,P-0345,TT Pearl Long Slips,75,,,,69.00,106.00,0.00,2.50,2.50,0.00,76.00,NOS,NOS,NOS,1,0.000,133.00,,,14.000,,,,85,,2042,1,,
345,P-0345,TT Pearl Long Slips,75,,,,69.00,106.00,0.00,2.50,2.50,0.00,76.00,NOS,NOS,NOS,1,0.000,133.00,,,17.000,,,,80,,2043,1,,
345,P-0345,TT Pearl Long Slips,75,,,,69.00,106.00,0.00,2.50,2.50,0.00,76.00,NOS,NOS,NOS,1,0.000,133.00,,,26.000,,,,75,,2044,1,,
335,P-0335,TT pearl slips dyed,75,,,,61.90,100.00,0.00,2.50,2.50,0.00,79.00,NOS,NOS,NOS,1,0.000,125.00,,,1.000,,,,75,,4009,1,,
335,P-0335,TT pearl slips dyed,75,,,,61.90,100.00,0.00,2.50,2.50,0.00,79.00,NOS,NOS,NOS,1,0.000,125.00,,,3.000,,,,80,,4010,1,,
335,P-0335,TT pearl slips dyed,75,,,,61.90,100.00,0.00,2.50,2.50,0.00,79.00,NOS,NOS,NOS,1,0.000,125.00,,,5.000,,,,85,,8904122413194,1,,
335,P-0335,TT pearl slips dyed,75,,,,61.90,100.00,0.00,2.50,2.50,0.00,79.00,NOS,NOS,NOS,1,0.000,125.00,,,14.000,,,,90,,8904122413200,1,,
335,P-0335,TT pearl slips dyed,75,,,,61.90,100.00,0.00,2.50,2.50,0.00,79.00,NOS,NOS,NOS,1,0.000,125.00,,,1.000,,,,90,,4011,1,,
335,P-0335,TT pearl slips dyed,75,,,,61.90,100.00,0.00,2.50,2.50,0.00,79.00,NOS,NOS,NOS,1,0.000,125.00,,,5.000,,,,95,,4012,1,,
335,P-0335,TT pearl slips dyed,75,,,,61.90,100.00,0.00,2.50,2.50,0.00,79.00,NOS,NOS,NOS,1,0.000,125.00,,,5.000,,,,100,,4013,1,,
335,P-0335,TT pearl slips dyed,75,,,,61.90,100.00,0.00,2.50,2.50,0.00,79.00,NOS,NOS,NOS,1,0.000,125.00,,,0.000,,,,75,,61,1,,
336,P-0336,TT pearl slips W OP,75,,,,60.80,91.00,0.00,2.50,2.50,0.00,88.00,NOS,NOS,NOS,1,0.000,114.00,,,0.000,,,,75,,4004,1,,
336,P-0336,TT pearl slips W OP,75,,,,60.80,91.00,0.00,2.50,2.50,0.00,88.00,NOS,NOS,NOS,1,0.000,114.00,,,2.000,,,,80,,8904122413125,1,,
336,P-0336,TT pearl slips W OP,75,,,,60.80,91.00,0.00,2.50,2.50,0.00,88.00,NOS,NOS,NOS,1,0.000,114.00,,,0.000,,,,85,,4005,1,,
336,P-0336,TT pearl slips W OP,75,,,,60.80,91.00,0.00,2.50,2.50,0.00,88.00,NOS,NOS,NOS,1,0.000,114.00,,,0.000,,,,90,,4006,1,,
336,P-0336,TT pearl slips W OP,75,,,,60.80,91.00,0.00,2.50,2.50,0.00,88.00,NOS,NOS,NOS,1,0.000,114.00,,,0.000,,,,95,,4007,1,,
336,P-0336,TT pearl slips W OP,75,,,,60.80,91.00,0.00,2.50,2.50,0.00,88.00,NOS,NOS,NOS,1,0.000,114.00,,,9.000,,,,100,,4008,1,,
40,P-0040,tutor 1125 1150,7,,,,150.00,240.00,20.00,0.00,0.00,0.00,200.00,NOS,NOS,NOS,1,0.000,300.00,MEN'S COUNTER,,5.000,,,,,,1077,1,,
2360,P-2360,Tutor 1152,7,,,,152.00,275.00,20.00,0.00,0.00,0.00,198.00,NOS,NOS,NOS,1,0.000,456.00,,,0.000,,,,,,4947,1,,
1143,P-1143,Tutor 1195,7,,,,195.00,280.00,20.00,0.00,0.00,0.00,199.00,NOS,NOS,NOS,1,0.000,350.00,,,0.000,,,,,,3593,1,,
1487,P-1487,TUTOR T SHIRT 1170,7,,,,170.00,315.00,20.00,0.00,0.00,0.00,180.00,NOS,NOS,NOS,1,0.000,510.00,,,0.000,,,,,,4046,1,,
1488,P-1488,TUTOR T SHIRT 1200,7,,,,200.00,375.00,20.00,0.00,0.00,0.00,210.00,NOS,NOS,NOS,1,0.000,600.00,,,0.000,,,,,,4047,1,,
1499,P-1499,TUTOR T-SHIRT 1220,7,,,,220.00,400.00,20.00,0.00,0.00,0.00,299.00,NOS,NOS,NOS,1,0.000,660.00,,,0.000,,,,,,4058,1,,
1218,P-1218,Twins 1165,20,,,,165.00,230.00,20.00,0.00,0.00,0.00,169.00,NOS,NOS,NOS,1,0.000,288.00,,,0.000,,,,,,3668,1,,
1056,P-1056,Twins 1185,20,,,,185.00,280.00,20.00,0.00,0.00,0.00,200.00,NOS,NOS,NOS,1,0.000,350.00,,,0.000,,,,,,3506,1,,
1057,P-1057,Twins 1195,20,,,,195.00,300.00,20.00,0.00,0.00,0.00,200.00,NOS,NOS,NOS,1,0.000,375.00,,,0.000,,,,,,3507,1,,
2246,P-2246,Twins 1211,20,,,,211.00,375.00,20.00,0.00,0.00,0.00,299.00,NOS,NOS,NOS,1,0.000,633.00,,,0.000,,,,,,4831,1,,
1633,P-1633,Twins 1220,32,,,,220.00,400.00,20.00,0.00,0.00,0.00,299.00,NOS,NOS,NOS,1,0.000,660.00,,,0.000,,,,,,4188,1,,
1663,P-1663,Twins 1235,19,,,,235.00,425.00,20.00,0.00,0.00,0.00,249.00,NOS,NOS,NOS,1,0.000,705.00,,,0.000,,,,,,4219,1,,
1799,P-1799,Twins 1240,19,,,,240.00,450.00,20.00,0.00,0.00,0.00,299.00,NOS,NOS,NOS,1,0.000,720.00,,,0.000,,,,,,4356,1,,
1801,P-1801,Twins 1250,19,,,,250.00,450.00,20.00,0.00,0.00,0.00,299.00,NOS,NOS,NOS,1,0.000,750.00,,,0.000,,,,,,4358,1,,
1632,P-1632,Twins 1260,32,,,,260.00,475.00,20.00,0.00,0.00,0.00,299.00,NOS,NOS,NOS,1,0.000,780.00,,,0.000,,,,,,4187,1,,
1800,P-1800,Twins 1270,19,,,,270.00,488.00,20.00,0.00,0.00,0.00,299.00,NOS,NOS,NOS,1,0.000,810.00,,,0.000,,,,,,4357,1,,
1630,P-1630,Twins 1280,19,,,,280.00,500.00,20.00,0.00,0.00,0.00,200.00,NOS,NOS,NOS,1,0.000,840.00,,,0.000,,,,,,4185,1,,
1673,P-1673,Twins 1300,19,,,,300.00,550.00,20.00,0.00,0.00,0.00,399.00,NOS,NOS,NOS,1,0.000,900.00,,,0.000,,,,,,4229,1,,
3406,P-3406,Twins 1322,20,,,,322.00,550.00,20.00,0.00,0.00,0.00,369.00,NOS,NOS,NOS,1,0.000,966.00,,,0.000,,,,,,6087,1,,
3405,P-3405,Twins 1344,20,,,,344.00,588.00,20.00,0.00,0.00,0.00,369.00,NOS,NOS,NOS,1,0.000,1032.00,,,0.000,,,,,,6086,1,,
145,P-0145,Two kids 1430,20,gbb,,,430.00,590.00,20.00,0.00,0.00,0.00,400.00,NOS,NOS,NOS,1,0.000,738.00,Boy's counter,,2.000,,,,,,1286,1,,
144,P-0144,Two kids 2108 1276,20,gbb,,,276.00,380.00,20.00,0.00,0.00,0.00,300.00,NOS,NOS,NOS,1,0.000,475.00,Boy's counter,,2.000,,,,,,1285,1,,
2372,P-2372,Ultimate 1135,7,,,,135.00,250.00,20.00,0.00,0.00,0.00,199.00,NOS,NOS,NOS,1,0.000,405.00,,,0.000,,,,,,4959,1,,
2371,P-2371,Ultimate 1145,7,,,,145.00,250.00,20.00,0.00,0.00,0.00,199.00,NOS,NOS,NOS,1,0.000,435.00,,,0.000,,,,,,4958,1,,
2364,P-2364,Ultimate 1200,7,,,,200.00,350.00,20.00,0.00,0.00,0.00,249.00,NOS,NOS,NOS,1,0.000,600.00,,,0.000,,,,,,4951,1,,
2381,P-2381,Ultimate 1205,7,,,,205.00,350.00,20.00,0.00,0.00,0.00,359.00,NOS,NOS,NOS,1,0.000,615.00,,,0.000,,,,,,4968,1,,
1169,P-1169,Urban outfiter 1160,16,,,,150.00,275.00,20.00,0.00,0.00,0.00,199.00,NOS,NOS,NOS,1,0.000,480.00,,,0.000,,,,,,3619,1,,
68,P-0068,Urban outfiter 1245,7,,,,275.00,340.00,20.00,0.00,0.00,0.00,300.00,NOS,NOS,NOS,1,1.000,425.00,MENS COUNTER,,7.000,,,,L,,1152,1,,
68,P-0068,Urban outfiter 1245,7,,,,275.00,340.00,20.00,0.00,0.00,0.00,300.00,NOS,NOS,NOS,1,1.000,425.00,MENS COUNTER,,3.000,,,,XXL,,1153,1,,
68,P-0068,Urban outfiter 1245,7,,,,275.00,340.00,20.00,0.00,0.00,0.00,300.00,NOS,NOS,NOS,1,1.000,425.00,MENS COUNTER,,1.000,,,,L,,1154,1,,
3307,P-3307,V kids 1405,60,,,,405.00,688.00,20.00,0.00,0.00,0.00,499.00,NOS,NOS,NOS,1,0.000,1215.00,,,0.000,,,,,,5976,1,,
2967,P-2967,V Mark shirts  1360,2,,,,360.00,625.00,20.00,0.00,0.00,0.00,399.00,NOS,NOS,NOS,1,0.000,1080.00,,,0.000,,,,,,5583,1,,
2964,P-2964,V Mark shirts 1283,2,,,,283.00,500.70,20.00,0.00,0.00,0.00,299.00,NOS,NOS,NOS,1,0.000,849.00,,,0.000,,,,,,5589,1,,
2965,P-2965,V Mark shirts 1305,2,,,,305.00,525.00,20.00,0.00,0.00,0.00,399.00,NOS,NOS,NOS,1,0.000,915.00,,,0.000,,,,,,5580,1,,
2966,P-2966,V Mark shirts 1340,2,,,,340.00,588.00,20.00,0.00,0.00,0.00,399.00,NOS,NOS,NOS,1,0.000,1020.00,,,0.000,,,,,,5582,1,,
3474,P-3474,V mark shirts 1360,2,,,,360.00,625.00,20.00,0.00,0.00,0.00,399.00,NOS,NOS,NOS,1,0.000,1080.00,,,0.000,,,,,,6155,1,,
2968,P-2968,V Mark shirts 1382,2,,,,382.00,650.00,20.00,0.00,0.00,0.00,399.00,NOS,NOS,NOS,1,0.000,1146.00,,,0.000,,,,,,5585,1,,
2969,P-2969,V Mark shirts 1395,2,,,,395.00,688.00,20.00,0.00,0.00,0.00,399.00,NOS,NOS,NOS,1,0.000,1185.00,,,0.000,,,,,,5586,1,,
2970,P-2970,V Mark shirts 1405,2,,,,405.00,688.00,20.00,0.00,0.00,0.00,499.00,NOS,NOS,NOS,1,0.000,1215.00,,,0.000,,,,,,5587,1,,
3475,P-3475,V mark shirts 1418,2,,,,418.00,725.00,20.00,0.00,0.00,0.00,499.00,NOS,NOS,NOS,1,0.000,1254.00,,,0.000,,,,,,6156,1,,
3384,P-3384,V R D 1139,20,,,,139.00,250.00,20.00,0.00,0.00,0.00,139.00,NOS,NOS,NOS,1,0.000,417.00,,,0.000,,,,,,6064,1,,
3408,P-3408,V R D 1305,20,,,,305.00,525.00,20.00,0.00,0.00,0.00,369.00,NOS,NOS,NOS,1,0.000,915.00,,,0.000,,,,,,6089,1,,
3407,P-3407,V R D 1330,20,,,,330.00,575.00,20.00,0.00,0.00,0.00,369.00,NOS,NOS,NOS,1,0.000,990.00,,,0.000,,,,,,6088,1,,
1675,P-1675,V.C. 1250,19,,,,250.00,450.00,20.00,0.00,0.00,0.00,199.00,NOS,NOS,NOS,1,0.000,550.00,,,0.000,,,,,,4232,1,,
2215,P-2215,V.R.D 1135,33,,,,135.00,250.00,20.00,0.00,0.00,0.00,159.00,NOS,NOS,NOS,1,0.000,405.00,,,0.000,,,,,,4800,1,,
1654,P-1654,V.R.D 1155,56,,,,155.00,300.00,20.00,0.00,0.00,0.00,199.00,NOS,NOS,NOS,1,0.000,465.00,,,0.000,,,,,,4210,1,,
1655,P-1655,V.R.D 1165,56,,,,165.00,300.00,20.00,0.00,0.00,0.00,199.00,NOS,NOS,NOS,1,0.000,495.00,,,0.000,,,,,,4211,1,,
1666,P-1666,V.R.D 1175,19,,,,175.00,315.00,20.00,0.00,0.00,0.00,199.00,NOS,NOS,NOS,1,0.000,525.00,,,0.000,,,,,,4222,1,,
1795,P-1795,V.R.D 1240,97,,,,240.00,450.00,20.00,0.00,0.00,0.00,299.00,NOS,NOS,NOS,1,0.000,720.00,,,0.000,,,,,,4352,1,,
1796,P-1796,V.R.D 1265,97,,,,265.00,475.00,20.00,0.00,0.00,0.00,299.00,NOS,NOS,NOS,1,0.000,795.00,,,0.000,,,,,,4353,1,,
120,P-0120,V.R.D 1526 1120,20,,,,120.00,160.00,20.00,0.00,0.00,0.00,99.00,NOS,NOS,NOS,1,0.000,200.00,Boy's counter,,3.000,,,,,,1261,1,,
123,P-0123,V.R.D 1534 1100,20,,,,100.00,150.00,20.00,0.00,0.00,0.00,99.00,NOS,NOS,NOS,1,0.000,188.00,Boy's counter,,3.000,,,,,,1264,1,,
110,P-0110,V.R.D kids fathion 1813 1198,20,,,,198.00,300.00,20.00,0.00,0.00,0.00,200.00,NOS,NOS,NOS,1,0.000,375.00,Boy's counter,,3.000,,,,,,1251,1,,
1626,P-1626,V.R.D. 1185,19,,,,185.00,350.00,20.00,0.00,0.00,0.00,199.00,NOS,NOS,NOS,1,0.000,555.00,,,0.000,,,,,,4182,1,,
1627,P-1627,V.R.D. 1210,19,,,,210.00,375.00,20.00,0.00,0.00,0.00,239.00,NOS,NOS,NOS,1,0.000,630.00,,,0.000,,,,,,4183,1,,
736,P-0736,V.T 1825,23,,,,825.00,1160.00,20.00,0.00,0.00,0.00,899.00,NOS,NOS,NOS,1,0.000,1450.00,,,3.000,,,,,,3130,1,,
18,P-0018,Vaio 1000 1225,4,,Gaurav,,195.00,375.00,20.00,0.00,0.00,0.00,250.00,NOS,NOS,NOS,1,1.000,225.00,MENS COUNTER,CC2,4.000,,,,M,,1036,1,,
18,P-0018,Vaio 1000 1225,4,,Gaurav,,195.00,375.00,20.00,0.00,0.00,0.00,250.00,NOS,NOS,NOS,1,1.000,225.00,MENS COUNTER,CC2,2.000,,,,L,,1037,1,,
18,P-0018,Vaio 1000 1225,4,,Gaurav,,195.00,375.00,20.00,0.00,0.00,0.00,250.00,NOS,NOS,NOS,1,1.000,225.00,MENS COUNTER,CC2,6.000,,,,XL,,1038,1,,
18,P-0018,Vaio 1000 1225,4,,Gaurav,,195.00,375.00,20.00,0.00,0.00,0.00,250.00,NOS,NOS,NOS,1,1.000,225.00,MENS COUNTER,CC2,6.000,,,,XXL,,1039,1,,
2651,P-2651,Vaio 1133,7,,,,133.00,250.00,20.00,0.00,0.00,0.00,199.00,NOS,NOS,NOS,1,0.000,399.00,,,0.000,,,,,,5240,1,,
2394,P-2394,Vaio 1139,4,,,,139.00,250.00,20.00,0.00,0.00,0.00,199.00,NOS,NOS,NOS,1,0.000,417.00,,,0.000,,,,,,4981,1,,
2864,P-2864,Vaio 1140,19,,,,140.00,275.00,20.00,0.00,0.00,0.00,199.00,NOS,NOS,NOS,1,0.000,420.00,,,0.000,,,,,,5486,1,,
2865,P-2865,Vaio 1155,19,,,,155.00,288.00,20.00,0.00,0.00,0.00,199.00,NOS,NOS,NOS,1,0.000,465.00,,,0.000,,,,,,5487,1,,
2393,P-2393,Vaio 1160,4,,,,160.00,300.00,20.00,0.00,0.00,0.00,199.00,NOS,NOS,NOS,1,0.000,480.00,,,0.000,,,,,,4980,1,,
2398,P-2398,Vaio 1161,4,,,,161.00,275.00,20.00,0.00,0.00,0.00,179.00,NOS,NOS,NOS,1,0.000,483.00,,,0.000,,,,,,4985,1,,
1946,P-1946,Vaio 1165,4,,,,165.00,288.00,20.00,0.00,0.00,0.00,199.00,NOS,NOS,NOS,1,0.000,495.00,,,0.000,,,,,,4512,1,,
2866,P-2866,Vaio 1170,19,,,,170.00,300.00,20.00,0.00,0.00,0.00,199.00,NOS,NOS,NOS,1,0.000,510.00,,,0.000,,,,,,5488,1,,
1376,P-1376,Vaio 1173,8,,,,173.00,240.00,20.00,0.00,0.00,0.00,189.00,NOS,NOS,NOS,1,0.000,300.00,,,0.000,,,,,,3831,1,,
2406,P-2406,Vaio 1174,4,,,,174.00,300.00,20.00,0.00,0.00,0.00,199.00,NOS,NOS,NOS,1,0.000,522.00,,,0.000,,,,,,4993,1,,
2396,P-2396,Vaio 1175,4,,,,175.00,300.00,20.00,0.00,0.00,0.00,199.00,NOS,NOS,NOS,1,0.000,525.00,,,0.000,,,,,,4983,1,,
2403,P-2403,Vaio 1176,4,,,,176.00,300.00,20.00,0.00,0.00,0.00,199.00,NOS,NOS,NOS,1,0.000,528.00,,,0.000,,,,,,4990,1,,
2650,P-2650,Vaio 1177,7,,,,177.00,300.00,20.00,0.00,0.00,0.00,199.00,NOS,NOS,NOS,1,0.000,531.00,,,0.000,,,,,,5238,1,,
1377,P-1377,Vaio 1178,8,,,,178.00,252.00,20.00,0.00,0.00,0.00,179.00,NOS,NOS,NOS,1,0.000,315.00,,,0.000,,,,,,3832,1,,
2411,P-2411,Vaio 1179,4,,,,179.00,325.00,20.00,0.00,0.00,0.00,199.00,NOS,NOS,NOS,1,0.000,537.00,,,0.000,,,,,,4998,1,,
2395,P-2395,Vaio 1180,4,,,,180.00,325.00,20.00,0.00,0.00,0.00,199.00,NOS,NOS,NOS,1,0.000,540.00,,,0.000,,,,,,4982,1,,
2400,P-2400,Vaio 1184,4,,,,184.00,325.00,20.00,0.00,0.00,0.00,199.00,NOS,NOS,NOS,1,0.000,552.00,,,0.000,,,,,,4987,1,,
1167,P-1167,Vaio 1185,4,,,,185.00,260.00,20.00,0.00,0.00,0.00,199.00,NOS,NOS,NOS,1,0.000,325.00,,,0.000,,,,,,3617,1,,
2407,P-2407,Vaio 1189,4,,,,189.00,325.00,20.00,0.00,0.00,0.00,199.00,NOS,NOS,NOS,1,0.000,567.00,,,0.000,,,,,,4994,1,,
3524,P-3524,Vaio 1190,14,,,,190.00,325.00,20.00,0.00,0.00,0.00,199.00,NOS,NOS,NOS,1,0.000,570.00,,,0.000,,,,,,6207,1,,
2409,P-2409,Vaio 1193,4,,,,193.00,350.00,20.00,0.00,0.00,0.00,199.00,NOS,NOS,NOS,1,0.000,579.00,,,0.000,,,,,,4996,1,,
2410,P-2410,Vaio 1194,4,,,,194.00,350.00,20.00,0.00,0.00,0.00,199.00,NOS,NOS,NOS,1,0.000,582.00,,,0.000,,,,,,4997,1,,
2832,P-2832,Vaio 1195,18,,,,195.00,350.00,20.00,0.00,0.00,0.00,199.00,NOS,NOS,NOS,1,0.000,585.00,,,0.000,,,,,,5454,1,,
1375,P-1375,Vaio 1197,8,,,,197.00,280.00,20.00,0.00,0.00,0.00,199.00,NOS,NOS,NOS,1,0.000,350.00,,,0.000,,,,,,3830,1,,
1017,P-1017,Vaio 1200,4,,,,200.00,350.00,0.00,0.00,0.00,0.00,249.00,NOS,NOS,NOS,1,0.000,600.00,,,0.000,,,,,,3467,1,,
2430,P-2430,Vaio 1204,20,,,,204.00,350.00,20.00,0.00,0.00,0.00,249.00,NOS,NOS,NOS,1,0.000,612.00,,,0.000,,,,,,5016,1,,
1018,P-1018,Vaio 1205,4,,,,205.00,375.00,20.00,0.00,0.00,0.00,259.00,NOS,NOS,NOS,1,0.000,615.00,,,0.000,,,,,,3468,1,,
1682,P-1682,Vaio 1210,4,,,,210.00,375.00,20.00,0.00,0.00,0.00,299.00,NOS,NOS,NOS,1,0.000,630.00,,,0.000,,,,,,4238,1,,
1947,P-1947,Vaio 1215,4,,,,215.00,375.00,20.00,0.00,0.00,0.00,279.00,NOS,NOS,NOS,1,0.000,645.00,,,0.000,,,,,,4513,1,,
2282,P-2282,Vaio 1221,20,,,,221.00,375.00,20.00,0.00,0.00,0.00,299.00,NOS,NOS,NOS,1,0.000,663.00,,,0.000,,,,,,4866,1,,
1019,P-1019,Vaio 1230,4,,,,230.00,320.00,20.00,0.00,0.00,0.00,279.00,NOS,NOS,NOS,1,0.000,400.00,,,0.000,,,,,,3469,1,,
1166,P-1166,Vaio 1235,4,,,,235.00,320.00,20.00,0.00,0.00,0.00,239.00,NOS,NOS,NOS,1,0.000,400.00,,,0.000,,,,,,3616,1,,
1950,P-1950,Vaio 1270,4,,,,270.00,475.00,20.00,0.00,0.00,0.00,299.00,NOS,NOS,NOS,1,0.000,810.00,,,0.000,,,,,,4516,1,,
1945,P-1945,Vaio 1290,4,,,,290.00,500.00,20.00,0.00,0.00,0.00,299.00,NOS,NOS,NOS,1,0.000,870.00,,,0.000,,,,,,4511,1,,
1951,P-1951,Vaio 1300,4,,,,300.00,525.00,20.00,0.00,0.00,0.00,399.00,NOS,NOS,NOS,1,0.000,900.00,,,0.000,,,,,,4517,1,,
1941,P-1941,Vaio1165,4,,,,165.00,300.00,20.00,0.00,0.00,0.00,199.00,NOS,NOS,NOS,1,0.000,495.00,,,0.000,,,,,,4507,1,,
3525,P-3525,Vaio1189,14,,,,189.00,325.00,20.00,0.00,0.00,0.00,199.00,NOS,NOS,NOS,1,0.000,567.00,,,0.000,,,,,,6208,1,,
1942,P-1942,Vaio1215,4,,,,215.00,375.00,20.00,0.00,0.00,0.00,279.00,NOS,NOS,NOS,1,0.000,645.00,,,0.000,,,,,,4508,1,,
1940,P-1940,Vaio1290,4,,,,290.00,500.00,20.00,0.00,0.00,0.00,299.00,NOS,NOS,NOS,1,0.000,870.00,,,0.000,,,,,,4505,1,,
2949,P-2949,Vanila T shirt 1120,16,,,,120.00,250.00,20.00,0.00,0.00,0.00,169.00,NOS,NOS,NOS,1,0.000,360.00,,,0.000,,,,,,5571,1,,
2950,P-2950,Vanila T shirt 1140,16,,,,140.00,250.00,20.00,0.00,0.00,0.00,169.00,NOS,NOS,NOS,1,0.000,420.00,,,0.000,,,,,,5572,1,,
2940,P-2940,Vanila T shirt 1150,144,,,,150.00,275.00,20.00,0.00,0.00,0.00,199.00,NOS,NOS,NOS,1,0.000,450.00,,,0.000,,,,,,5562,1,,
2948,P-2948,Vanila T shirt 1155,16,,,,155.00,275.00,20.00,0.00,0.00,0.00,199.00,NOS,NOS,NOS,1,0.000,465.00,,,0.000,,,,,,5570,1,,
2946,P-2946,Vanila T shirt 1180,144,,,,180.00,315.00,20.00,0.00,0.00,0.00,199.00,NOS,NOS,NOS,1,0.000,540.00,,,0.000,,,,,,5568,1,,
2945,P-2945,Vanila T shirt 1190,144,,,,190.00,325.00,20.00,0.00,0.00,0.00,199.00,NOS,NOS,NOS,1,0.000,570.00,,,0.000,,,,,,5567,1,,
2941,P-2941,Vanila T shirt 1200,144,,,,200.00,350.00,20.00,0.00,0.00,0.00,199.00,NOS,NOS,NOS,1,0.000,600.00,,,0.000,,,,,,5563,1,,
2944,P-2944,Vanila T shirt 1205,144,,,,205.00,350.00,20.00,0.00,0.00,0.00,249.00,NOS,NOS,NOS,1,0.000,615.00,,,0.000,,,,,,5566,1,,
2942,P-2942,Vanila T shirt 1240,144,,,,240.00,425.00,20.00,0.00,0.00,0.00,299.00,NOS,NOS,NOS,1,0.000,720.00,,,0.000,,,,,,5564,1,,
2951,P-2951,Vanila t shirt 1255,144,,,,255.00,450.00,20.00,0.00,0.00,0.00,299.00,NOS,NOS,NOS,1,0.000,765.00,,,0.000,,,,,,5575,1,,
2930,P-2930,Vanila T shirt Back 1160,144,,,,160.00,275.00,20.00,0.00,0.00,0.00,199.00,NOS,NOS,NOS,1,0.000,480.00,,,0.000,,,,,,5551,1,,
2932,P-2932,Vanila T shirt Black 1165,144,,,,165.00,288.00,20.00,0.00,0.00,0.00,199.00,NOS,NOS,NOS,1,0.000,495.00,,,0.000,,,,,,5553,1,,
2935,P-2935,Vanila T shirt Black 1170,144,,,,170.00,300.00,20.00,0.00,0.00,0.00,199.00,NOS,NOS,NOS,1,0.000,510.00,,,0.000,,,,,,5556,1,,
2936,P-2936,Vanila T shirt Black 1175,144,,,,175.00,315.00,20.00,0.00,0.00,0.00,199.00,NOS,NOS,NOS,1,0.000,525.00,,,0.000,,,,,,5557,1,,
2939,P-2939,Vanila T shirt Black 1180,144,,,,180.00,325.00,20.00,0.00,0.00,0.00,199.00,NOS,NOS,NOS,1,0.000,540.00,,,0.000,,,,,,5561,1,,
2931,P-2931,Vanila T shirt White 1160,144,,,,160.00,275.00,20.00,0.00,0.00,0.00,199.00,NOS,NOS,NOS,1,0.000,480.00,,,0.000,,,,,,5552,1,,
2937,P-2937,Vanila T shirt White 1175,144,,,,175.00,315.00,20.00,0.00,0.00,0.00,199.00,NOS,NOS,NOS,1,0.000,525.00,,,0.000,,,,,,5558,1,,
2938,P-2938,Vanila T shirt White 1180,144,,,,180.00,325.00,20.00,0.00,0.00,0.00,199.00,NOS,NOS,NOS,1,0.000,540.00,,,0.000,,,,,,5559,1,,
2933,P-2933,Vanila T shirt White1165,144,,,,165.00,288.00,20.00,0.00,0.00,0.00,199.00,NOS,NOS,NOS,1,0.000,495.00,,,0.000,,,,,,5554,1,,
2934,P-2934,Vanila T shirt White1170,144,,,,170.00,300.00,20.00,0.00,0.00,0.00,199.00,NOS,NOS,NOS,1,0.000,510.00,,,0.000,,,,,,5555,1,,
2943,P-2943,Vanila Top 1170,144,,,,170.00,300.00,20.00,0.00,0.00,0.00,199.00,NOS,NOS,NOS,1,0.000,510.00,,,0.000,,,,,,5565,1,,
2947,P-2947,Vanila Top 1375,144,,,,375.00,650.00,20.00,0.00,0.00,0.00,399.00,NOS,NOS,NOS,1,0.000,1125.00,,,0.000,,,,,,5569,1,,
1025,P-1025,Vantage 1098,16,,,,98.00,150.00,20.00,0.00,0.00,0.00,99.00,NOS,NOS,NOS,1,0.000,188.00,,,0.000,,,,,,3475,1,,
588,P-0588,Vantage 1410,91,,,,410.00,560.00,20.00,0.00,0.00,0.00,499.00,NOS,NOS,NOS,1,0.000,700.00,,,0.000,,,,,,2657,1,,
586,P-0586,Vantage 1430,91,,,,430.00,600.00,20.00,0.00,0.00,0.00,499.00,NOS,NOS,NOS,1,0.000,750.00,,,0.000,,,,,,2655,1,,
587,P-0587,Vantage 1450,91,,,,450.00,620.00,0.00,0.00,0.00,0.00,499.00,NOS,NOS,NOS,1,0.000,775.00,,,0.000,,,,,,2656,1,,
325,P-0325,Vantage FP-73 1095,16,,,,95.00,150.00,20.00,0.00,0.00,0.00,129.00,NOS,NOS,NOS,1,0.000,188.00,,,7.000,,,,18-22,,2007,1,,
2559,P-2559,Varsha 11005,134,,,,1005.00,1725.00,20.00,0.00,0.00,0.00,1099.00,NOS,NOS,NOS,1,0.000,3015.00,,,0.000,,,,,,5170,1,,
2560,P-2560,Varsha 1905,134,,,,905.00,1550.00,20.00,0.00,0.00,0.00,999.00,NOS,NOS,NOS,1,0.000,2715.00,,,0.000,,,,,,5169,1,,
714,P-0714,Vee Tee 1523,100,,,,523.00,720.00,20.00,0.00,0.00,0.00,599.00,NOS,NOS,NOS,1,0.000,900.00,,,3.000,,,,24-28,,3041,1,,
153,P-0153,Veer 11403 1380,20,gbb,,,380.00,520.00,0.00,0.00,0.00,0.00,339.00,NOS,NOS,NOS,1,0.000,650.00,Boy's counter,,1.000,,,,,,1294,1,,
2856,P-2856,Veer 1178,16,,,,178.00,325.00,20.00,0.00,0.00,0.00,199.00,NOS,NOS,NOS,1,0.000,534.00,,,0.000,,,,,,5478,1,,
2231,P-2231,Veer 1189,7,,,,189.00,325.00,20.00,0.00,0.00,0.00,199.00,NOS,NOS,NOS,1,0.000,567.00,,,0.000,,,,,,4816,1,,
1072,P-1072,Veer 1195,20,,,,195.00,280.00,0.00,0.00,0.00,0.00,199.00,NOS,NOS,NOS,1,0.000,350.00,,,0.000,,,,,,3522,1,,
2232,P-2232,Veer 1200,7,,,,200.00,350.00,20.00,0.00,0.00,0.00,249.00,NOS,NOS,NOS,1,0.000,600.00,,,0.000,,,,,,4817,1,,
3368,P-3368,Veer 1233,20,,,,233.00,400.00,20.00,0.00,0.00,0.00,299.00,NOS,NOS,NOS,1,0.000,699.00,,,0.000,,,,,,6048,1,,
2485,P-2485,Veer 1239,20,,,,239.00,425.00,20.00,0.00,0.00,0.00,299.00,NOS,NOS,NOS,1,0.000,717.00,,,0.000,,,,,,5071,1,,
1660,P-1660,Veer 1240,19,,,,240.00,450.00,20.00,0.00,0.00,0.00,259.00,NOS,NOS,NOS,1,0.000,720.00,,,0.000,,,,,,4216,1,,
2855,P-2855,Veer 1244,16,,,,244.00,425.00,20.00,0.00,0.00,0.00,299.00,NOS,NOS,NOS,1,0.000,732.00,,,0.000,,,,,,5477,1,,
3403,P-3403,Veer 1278,20,,,,278.00,475.00,20.00,0.00,0.00,0.00,299.00,NOS,NOS,NOS,1,0.000,834.00,,,0.000,,,,,,6084,1,,
2243,P-2243,Veer 1289,7,,,,289.00,500.00,20.00,0.00,0.00,0.00,299.00,NOS,NOS,NOS,1,0.000,867.00,,,0.000,,,,,,4829,1,,
1645,P-1645,Veer 1290,56,,,,290.00,525.00,20.00,0.00,0.00,0.00,299.00,NOS,NOS,NOS,1,0.000,870.00,,,0.000,,,,,,4201,1,,
2448,P-2448,Veer 1294,20,,,,294.00,500.00,20.00,0.00,0.00,0.00,299.00,NOS,NOS,NOS,1,0.000,882.00,,,0.000,,,,,,5034,1,,
1064,P-1064,VEER 1310,20,,,,310.00,550.00,20.00,0.00,0.00,0.00,399.00,NOS,NOS,NOS,1,0.000,930.00,,,0.000,,,,,,3514,1,,
2417,P-2417,Veer 1322,20,,,,322.00,550.00,20.00,0.00,0.00,0.00,399.00,NOS,NOS,NOS,1,0.000,966.00,,,0.000,,,,,,5003,1,,
152,P-0152,Veer 1325,20,gbb,,,325.00,440.00,0.00,0.00,0.00,0.00,339.00,NOS,NOS,NOS,1,0.000,550.00,Boy's counter,,1.000,,,,,,1293,1,,
2415,P-2415,Veer 1327,20,,,,327.00,575.00,20.00,0.00,0.00,0.00,399.00,NOS,NOS,NOS,1,0.000,981.00,,,0.000,,,,,,5000,1,,
1067,P-1067,VEER 1330,20,,,,330.00,575.00,20.00,0.00,0.00,0.00,399.00,NOS,NOS,NOS,1,0.000,990.00,,,0.000,,,,,,3517,1,,
1065,P-1065,VEER 1340,20,,,,340.00,480.00,20.00,0.00,0.00,0.00,399.00,NOS,NOS,NOS,1,0.000,600.00,,,0.000,,,,,,3515,1,,
3357,P-3357,Veer 1350,16,,,,350.00,600.00,20.00,0.00,0.00,0.00,399.00,NOS,NOS,NOS,1,0.000,1050.00,,,0.000,,,,,,6037,1,,
2471,P-2471,Veer 1355,52,,,,355.00,625.00,20.00,0.00,0.00,0.00,379.00,NOS,NOS,NOS,1,0.000,1065.00,,,0.000,,,,,,5057,1,,
1066,P-1066,VEER 1360,20,,,,360.00,500.00,20.00,0.00,0.00,0.00,399.00,NOS,NOS,NOS,1,0.000,625.00,,,0.000,,,,,,3516,1,,
2242,P-2242,Veer 1361,7,,,,361.00,625.00,20.00,0.00,0.00,0.00,399.00,NOS,NOS,NOS,1,0.000,1083.00,,,0.000,,,,,,4828,1,,
2230,P-2230,Veer 1366,7,,,,366.00,625.00,20.00,0.00,0.00,0.00,369.00,NOS,NOS,NOS,1,0.000,1098.00,,,0.000,,,,,,4815,1,,
1063,P-1063,VEER 1380,20,,,,380.00,520.00,20.00,0.00,0.00,0.00,399.00,NOS,NOS,NOS,1,0.000,650.00,,,0.000,,,,,,3513,1,,
3548,P-3548,Veer 1424,33,,,,424.00,725.00,20.00,0.00,0.00,0.00,499.00,NOS,NOS,OTH,1,0.000,1272.00,,,0.000,,,,,,6232,1,,
1960,P-1960,Veer 1430,87,,,,430.00,750.00,20.00,0.00,0.00,0.00,499.00,NOS,NOS,NOS,1,0.000,1290.00,,,0.000,,,,,,4526,1,,
3547,P-3547,Veer 1435,33,,,,435.00,750.00,20.00,0.00,0.00,0.00,499.00,NOS,NOS,OTH,1,0.000,1305.00,,,0.000,,,,,,6231,1,,
1973,P-1973,Veer 1450,87,,,,450.00,775.00,20.00,0.00,0.00,0.00,499.00,NOS,NOS,NOS,1,0.000,1350.00,,,0.000,,,,,,4539,1,,
2018,P-2018,Veer 1460,87,,,,460.00,788.00,20.00,0.00,0.00,0.00,499.00,NOS,NOS,NOS,1,0.000,1380.00,,,0.000,,,,,,4601,1,,
147,P-0147,Veer 1470,20,gbb,,,470.00,652.00,20.00,0.00,0.00,0.00,499.00,NOS,NOS,NOS,1,0.000,815.00,Boy's counter,,1.000,,,,,,1288,1,,
3280,P-3280,Veer 1477,33,,,,477.00,825.00,20.00,0.00,0.00,0.00,499.00,NOS,NOS,NOS,1,0.000,1431.00,,,0.000,,,,,,5947,1,,
1961,P-1961,Veer 1480,87,,,,480.00,825.00,20.00,0.00,0.00,0.00,499.00,NOS,NOS,NOS,1,0.000,1440.00,,,0.000,,,,,,4527,1,,
2009,P-2009,Veer 1490,87,,,,490.00,850.00,20.00,0.00,0.00,0.00,499.00,NOS,NOS,NOS,1,0.000,1470.00,,,0.000,,,,,,4592,1,,
1989,P-1989,Veer 1520,12,,,,520.00,900.00,20.00,0.00,0.00,0.00,599.00,NOS,NOS,NOS,1,0.000,1560.00,,,0.000,,,,,,4572,1,,
140,P-0140,Veer Enterprises 1470,20,gbb,,,470.00,652.00,20.00,0.00,0.00,0.00,499.00,NOS,NOS,NOS,1,0.000,815.00,Boy's counter,,4.000,,,,,,1281,1,,
84,P-0084,Veer p/1020,19,,,,165.00,240.00,20.00,0.00,0.00,0.00,200.00,NOS,NOS,NOS,1,0.000,300.00,,,3.000,,,,0,,1224,1,,
87,P-0087,Veer p/1046 1165,19,,,,165.00,240.00,0.00,0.00,0.00,0.00,200.00,NOS,NOS,NOS,1,0.000,300.00,,,0.000,,,,,,1227,1,,
98,P-0098,Veer p/1046 1165,19,,,,165.00,240.00,0.00,0.00,0.00,0.00,200.00,NOS,NOS,NOS,1,0.000,300.00,,,2.000,,,,,,1239,1,,
99,P-0099,Veer p/1046 1165,19,,,,165.00,240.00,20.00,0.00,0.00,0.00,200.00,NOS,NOS,NOS,1,0.000,300.00,,,2.000,,,,,,1240,1,,
93,P-0093,Veer p/13505 1310,19,gbb,,,310.00,420.00,20.00,0.00,0.00,0.00,350.00,NOS,NOS,NOS,1,0.000,525.00,,,1.000,,,,,,1234,1,,
97,P-0097,Veer p/671,19,gbb,,,340.00,460.00,0.00,0.00,0.00,0.00,400.00,NOS,NOS,NOS,1,0.000,575.00,,,3.000,,,,,,1238,1,,
669,P-0669,Velvet Jacket OP,10,,,,290.00,500.00,20.00,0.00,0.00,0.00,399.00,NOS,NOS,NOS,1,0.000,625.00,,,1.000,,,,M,,2824,1,,
669,P-0669,Velvet Jacket OP,10,,,,290.00,500.00,20.00,0.00,0.00,0.00,399.00,NOS,NOS,NOS,1,0.000,625.00,,,4.000,,,,M,,2825,1,,
669,P-0669,Velvet Jacket OP,10,,,,290.00,500.00,20.00,0.00,0.00,0.00,399.00,NOS,NOS,NOS,1,0.000,625.00,,,1.000,,,,L,,2826,1,,
669,P-0669,Velvet Jacket OP,10,,,,290.00,500.00,20.00,0.00,0.00,0.00,399.00,NOS,NOS,NOS,1,0.000,625.00,,,8.000,,,,,,2827,1,,
669,P-0669,Velvet Jacket OP,10,,,,290.00,500.00,20.00,0.00,0.00,0.00,399.00,NOS,NOS,NOS,1,0.000,625.00,,,3.000,,,,L,,2828,1,,
669,P-0669,Velvet Jacket OP,10,,,,290.00,500.00,20.00,0.00,0.00,0.00,399.00,NOS,NOS,NOS,1,0.000,625.00,,,1.000,,,,XL,,2829,1,,
669,P-0669,Velvet Jacket OP,10,,,,290.00,500.00,20.00,0.00,0.00,0.00,399.00,NOS,NOS,NOS,1,0.000,625.00,,,14.000,,,,XL,,2830,1,,
669,P-0669,Velvet Jacket OP,10,,,,290.00,500.00,20.00,0.00,0.00,0.00,399.00,NOS,NOS,NOS,1,0.000,625.00,,,5.000,,,,20,,2831,1,,
669,P-0669,Velvet Jacket OP,10,,,,290.00,500.00,20.00,0.00,0.00,0.00,399.00,NOS,NOS,NOS,1,0.000,625.00,,,2.000,,,,XL,,2832,1,,
669,P-0669,Velvet Jacket OP,10,,,,290.00,500.00,20.00,0.00,0.00,0.00,399.00,NOS,NOS,NOS,1,0.000,625.00,,,7.000,,,,XXL,,2833,1,,
669,P-0669,Velvet Jacket OP,10,,,,290.00,500.00,20.00,0.00,0.00,0.00,399.00,NOS,NOS,NOS,1,0.000,625.00,,,8.000,,,,XXL,,2834,1,,
670,P-0670,Velvet sweatshirt OP,7,,,,390.00,550.00,20.00,0.00,0.00,0.00,399.00,NOS,NOS,NOS,1,0.000,688.00,,,8.000,,,,,,2835,1,,
670,P-0670,Velvet sweatshirt OP,7,,,,390.00,550.00,20.00,0.00,0.00,0.00,399.00,NOS,NOS,NOS,1,0.000,688.00,,,15.000,,,,,,2836,1,,
670,P-0670,Velvet sweatshirt OP,7,,,,390.00,550.00,20.00,0.00,0.00,0.00,399.00,NOS,NOS,NOS,1,0.000,688.00,,,2.000,,,,,,2837,1,,
3283,P-3283,vinee 1322,33,,,,322.00,550.00,20.00,0.00,0.00,0.00,399.00,NOS,NOS,NOS,1,0.000,966.00,,,0.000,,,,,,5950,1,,
3298,P-3298,Vinee 1336,33,,,,336.00,575.00,20.00,0.00,0.00,0.00,399.00,NOS,NOS,NOS,1,0.000,1008.00,,,0.000,,,,,,5966,1,,
20,P-0020,Vipin kurta,3,,OTC,,850.00,1160.00,20.00,0.00,0.00,0.00,900.00,NOS,NOS,NOS,1,0.000,1450.00,MENS COUNTER,CC2,2.000,,,,,,1042,1,,
20,P-0020,Vipin kurta,3,,OTC,,850.00,1160.00,20.00,0.00,0.00,0.00,900.00,NOS,NOS,NOS,1,0.000,1450.00,MENS COUNTER,CC2,5.000,,,,,,1043,1,,
20,P-0020,Vipin kurta,3,,OTC,,850.00,1160.00,20.00,0.00,0.00,0.00,900.00,NOS,NOS,NOS,1,0.000,1450.00,MENS COUNTER,CC2,4.000,,,,,,1044,1,,
20,P-0020,Vipin kurta,3,,OTC,,850.00,1160.00,20.00,0.00,0.00,0.00,900.00,NOS,NOS,NOS,1,0.000,1450.00,MENS COUNTER,CC2,1.000,,,,,,1045,1,,
21,P-0021,Vipin kurta 1595,3,,OTC,,595.00,940.00,0.00,0.00,0.00,0.00,650.00,NOS,NOS,NOS,1,1.000,1175.00,MENS COUNTER,CC2-1,3.000,,,,,,1046,1,,
21,P-0021,Vipin kurta 1595,3,,OTC,,595.00,940.00,0.00,0.00,0.00,0.00,650.00,NOS,NOS,NOS,1,1.000,1175.00,MENS COUNTER,CC2-1,4.000,,,,,,1047,1,,
21,P-0021,Vipin kurta 1595,3,,OTC,,595.00,940.00,0.00,0.00,0.00,0.00,650.00,NOS,NOS,NOS,1,1.000,1175.00,MENS COUNTER,CC2-1,6.000,,,,,,1048,1,,
134,P-0134,Vir- star R/N 3413 1162,20,,,,162.00,240.00,20.00,0.00,0.00,0.00,200.00,NOS,NOS,NOS,1,0.000,300.00,Boy's counter,,3.000,,,,,,1275,1,,
131,P-0131,VIR STAR R/N 4113 1163,20,,,,163.00,240.00,20.00,0.00,0.00,0.00,199.00,NOS,NOS,NOS,1,0.000,300.00,Boy's counter,,3.000,,,,,,1272,1,,
1908,P-1908,Virk 1462,86,,,,462.00,788.00,20.00,0.00,0.00,0.00,500.00,NOS,NOS,NOS,1,0.000,1386.00,,,0.000,,,,,,4500,1,,
3542,P-3542,VIZAG 1316,7,,,,316.00,550.00,20.00,0.00,0.00,0.00,399.00,NOS,NOS,OTH,1,0.000,948.00,,,0.000,,,,,,6226,1,,
3543,P-3543,VIZAG 1328,7,,,,328.00,575.00,20.00,0.00,0.00,0.00,399.00,NOS,NOS,OTH,1,0.000,984.00,,,0.000,,,,,,6227,1,,
713,P-0713,Volvo 1171 1968,56,,,,968.00,1320.00,0.00,0.00,0.00,0.00,999.00,NOS,NOS,NOS,1,0.000,1650.00,,,0.000,,,,,,3040,1,,
95,P-0095,Vrd 1168,19,,,,168.00,250.00,20.00,0.00,0.00,0.00,200.00,NOS,NOS,NOS,1,0.000,315.00,,,2.000,,,,,,1236,1,,
570,P-0570,Vrd 1195,87,,,,195.00,280.00,0.00,0.00,0.00,0.00,200.00,NOS,NOS,NOS,1,0.000,350.00,,,0.000,,,,,,2639,1,,
553,P-0553,Vrd 1225,87,,,,225.00,320.00,20.00,0.00,0.00,0.00,300.00,NOS,NOS,NOS,1,0.000,400.00,,,0.000,,,,,,2622,1,,
577,P-0577,Vrd 1310,87,,,,310.00,420.00,0.00,0.00,0.00,0.00,300.00,NOS,NOS,NOS,1,0.000,525.00,,,0.000,,,,,,2646,1,,
579,P-0579,Vrd 1310-1,87,,,,310.00,400.00,0.00,0.00,0.00,0.00,350.00,NOS,NOS,NOS,1,0.000,500.00,,,0.000,,,,,,2648,1,,
3034,P-3034,W W Actique 1999,98,,,,999.00,1800.00,20.00,0.00,0.00,0.00,1000.00,NOS,NOS,NOS,1,0.000,2997.00,,,0.000,,,,,,5656,1,,
3011,P-3011,W W Baron boy 1250,87,,,,250.00,450.00,20.00,0.00,0.00,0.00,299.00,NOS,NOS,NOS,1,0.000,750.00,,,0.000,,,,,,5635,1,,
3013,P-3013,W W Baron boy 1266,87,,,,266.00,500.00,20.00,0.00,0.00,0.00,299.00,NOS,NOS,NOS,1,0.000,798.00,,,0.000,,,,,,5637,1,,
3028,P-3028,W W Baron Boyz 1340,87,,,,340.00,625.00,20.00,0.00,0.00,0.00,394.00,NOS,NOS,NOS,1,0.000,1020.00,,,0.000,,,,,,5652,1,,
371,P-0371,W W Boys set OP,87,,,,340.00,460.00,20.00,0.00,0.00,0.00,399.00,NOS,NOS,NOS,1,0.000,575.00,,,1.000,,,,,,2167,1,,
371,P-0371,W W Boys set OP,87,,,,340.00,460.00,20.00,0.00,0.00,0.00,399.00,NOS,NOS,NOS,1,0.000,575.00,,,1.000,,,,,,2168,1,,
371,P-0371,W W Boys set OP,87,,,,340.00,460.00,20.00,0.00,0.00,0.00,399.00,NOS,NOS,NOS,1,0.000,575.00,,,1.000,,,,,,2169,1,,
371,P-0371,W W Boys set OP,87,,,,340.00,460.00,20.00,0.00,0.00,0.00,399.00,NOS,NOS,NOS,1,0.000,575.00,,,1.000,,,,,,2170,1,,
371,P-0371,W W Boys set OP,87,,,,340.00,460.00,20.00,0.00,0.00,0.00,399.00,NOS,NOS,NOS,1,0.000,575.00,,,1.000,,,,,,2171,1,,
371,P-0371,W W Boys set OP,87,,,,340.00,460.00,20.00,0.00,0.00,0.00,399.00,NOS,NOS,NOS,1,0.000,575.00,,,1.000,,,,,,2172,1,,
371,P-0371,W W Boys set OP,87,,,,340.00,460.00,20.00,0.00,0.00,0.00,399.00,NOS,NOS,NOS,1,0.000,575.00,,,3.000,,,,,,2173,1,,
371,P-0371,W W Boys set OP,87,,,,340.00,460.00,20.00,0.00,0.00,0.00,399.00,NOS,NOS,NOS,1,0.000,575.00,,,8.000,,,,,,2174,1,,
371,P-0371,W W Boys set OP,87,,,,340.00,460.00,20.00,0.00,0.00,0.00,399.00,NOS,NOS,NOS,1,0.000,575.00,,,1.000,,,,,,2175,1,,
371,P-0371,W W Boys set OP,87,,,,340.00,460.00,20.00,0.00,0.00,0.00,399.00,NOS,NOS,NOS,1,0.000,575.00,,,5.000,,,,,,2176,1,,
371,P-0371,W W Boys set OP,87,,,,340.00,460.00,20.00,0.00,0.00,0.00,399.00,NOS,NOS,NOS,1,0.000,575.00,,,1.000,,,,,,2177,1,,
371,P-0371,W W Boys set OP,87,,,,340.00,460.00,20.00,0.00,0.00,0.00,399.00,NOS,NOS,NOS,1,0.000,575.00,,,6.000,,,,,,2178,1,,
371,P-0371,W W Boys set OP,87,,,,340.00,460.00,20.00,0.00,0.00,0.00,399.00,NOS,NOS,NOS,1,0.000,575.00,,,2.000,,,,,,2179,1,,
371,P-0371,W W Boys set OP,87,,,,340.00,460.00,20.00,0.00,0.00,0.00,399.00,NOS,NOS,NOS,1,0.000,575.00,,,2.000,,,,,,2180,1,,
371,P-0371,W W Boys set OP,87,,,,340.00,460.00,20.00,0.00,0.00,0.00,399.00,NOS,NOS,NOS,1,0.000,575.00,,,1.000,,,,,,2181,1,,
371,P-0371,W W Boys set OP,87,,,,340.00,460.00,20.00,0.00,0.00,0.00,399.00,NOS,NOS,NOS,1,0.000,575.00,,,9.000,,,,,,2182,1,,
371,P-0371,W W Boys set OP,87,,,,340.00,460.00,20.00,0.00,0.00,0.00,399.00,NOS,NOS,NOS,1,0.000,575.00,,,3.000,,,,,,2183,1,,
371,P-0371,W W Boys set OP,87,,,,340.00,460.00,20.00,0.00,0.00,0.00,399.00,NOS,NOS,NOS,1,0.000,575.00,,,2.000,,,,,,2191,1,,
371,P-0371,W W Boys set OP,87,,,,340.00,460.00,20.00,0.00,0.00,0.00,399.00,NOS,NOS,NOS,1,0.000,575.00,,,8.000,,,,,,2192,1,,
371,P-0371,W W Boys set OP,87,,,,340.00,460.00,20.00,0.00,0.00,0.00,399.00,NOS,NOS,NOS,1,0.000,575.00,,,4.000,,,,,,2193,1,,
371,P-0371,W W Boys set OP,87,,,,340.00,460.00,20.00,0.00,0.00,0.00,399.00,NOS,NOS,NOS,1,0.000,575.00,,,2.000,,,,,,2194,1,,
371,P-0371,W W Boys set OP,87,,,,340.00,460.00,20.00,0.00,0.00,0.00,399.00,NOS,NOS,NOS,1,0.000,575.00,,,2.000,,,,,,2195,1,,
371,P-0371,W W Boys set OP,87,,,,340.00,460.00,20.00,0.00,0.00,0.00,399.00,NOS,NOS,NOS,1,0.000,575.00,,,1.000,,,,,,2196,1,,
371,P-0371,W W Boys set OP,87,,,,340.00,460.00,20.00,0.00,0.00,0.00,399.00,NOS,NOS,NOS,1,0.000,575.00,,,1.000,,,,,,2197,1,,
371,P-0371,W W Boys set OP,87,,,,340.00,460.00,20.00,0.00,0.00,0.00,399.00,NOS,NOS,NOS,1,0.000,575.00,,,2.000,,,,,,2198,1,,
371,P-0371,W W Boys set OP,87,,,,340.00,460.00,20.00,0.00,0.00,0.00,399.00,NOS,NOS,NOS,1,0.000,575.00,,,1.000,,,,,,2199,1,,
371,P-0371,W W Boys set OP,87,,,,340.00,460.00,20.00,0.00,0.00,0.00,399.00,NOS,NOS,NOS,1,0.000,575.00,,,1.000,,,,,,2200,1,,
371,P-0371,W W Boys set OP,87,,,,340.00,460.00,20.00,0.00,0.00,0.00,399.00,NOS,NOS,NOS,1,0.000,575.00,,,2.000,,,,,,2201,1,,
371,P-0371,W W Boys set OP,87,,,,340.00,460.00,20.00,0.00,0.00,0.00,399.00,NOS,NOS,NOS,1,0.000,575.00,,,1.000,,,,,,2202,1,,
371,P-0371,W W Boys set OP,87,,,,340.00,460.00,20.00,0.00,0.00,0.00,399.00,NOS,NOS,NOS,1,0.000,575.00,,,1.000,,,,,,2203,1,,
3012,P-3012,W W darno 1202,87,,,,202.00,375.00,20.00,0.00,0.00,0.00,299.00,NOS,NOS,NOS,1,0.000,606.00,,,0.000,,,,,,5636,1,,
3017,P-3017,W W darno 1204,87,,,,204.00,375.00,20.00,0.00,0.00,0.00,299.00,NOS,NOS,NOS,1,0.000,612.00,,,0.000,,,,,,5641,1,,
3036,P-3036,W W Eva 1565,98,,,,565.00,1050.00,20.00,0.00,0.00,0.00,599.00,NOS,NOS,NOS,1,0.000,1695.00,,,0.000,,,,,,5658,1,,
3037,P-3037,W W Eva 1585,98,,,,585.00,1075.00,20.00,0.00,0.00,0.00,599.00,NOS,NOS,NOS,1,0.000,1755.00,,,0.000,,,,,,5659,1,,
3035,P-3035,W W Eva 1595,98,,,,595.00,1075.00,20.00,0.00,0.00,0.00,599.00,NOS,NOS,NOS,1,0.000,1785.00,,,0.000,,,,,,5657,1,,
3033,P-3033,W W Fast Track 1435,145,,,,435.00,800.00,20.00,0.00,0.00,0.00,499.00,NOS,NOS,NOS,1,0.000,1305.00,,,0.000,,,,,,5655,1,,
3016,P-3016,W W HC 55 1275,87,,,,275.00,500.00,20.00,0.00,0.00,0.00,299.00,NOS,NOS,NOS,1,0.000,825.00,,,0.000,,,,,,5640,1,,
3018,P-3018,W W HC 55 1308,87,,,,308.00,575.00,20.00,0.00,0.00,0.00,399.00,NOS,NOS,NOS,1,0.000,924.00,,,0.000,,,,,,5642,1,,
3020,P-3020,W W Hry 1265,87,,,,265.00,488.00,20.00,0.00,0.00,0.00,299.00,NOS,NOS,NOS,1,0.000,795.00,,,0.000,,,,,,5644,1,,
3014,P-3014,W W M.G. 1252,87,,,,252.00,475.00,20.00,0.00,0.00,0.00,299.00,NOS,NOS,NOS,1,0.000,756.00,,,0.000,,,,,,5638,1,,
3010,P-3010,W W Navdeep 1219,87,,,,219.00,400.00,20.00,0.00,0.00,0.00,299.00,NOS,NOS,NOS,1,0.000,657.00,,,0.000,,,,,,5634,1,,
3008,P-3008,W W Navdeep 1230,87,,,,230.00,425.00,20.00,0.00,0.00,0.00,299.00,NOS,NOS,NOS,1,0.000,690.00,,,0.000,,,,,,5632,1,,
3009,P-3009,W W Navdeep 1281,87,,,,261.00,525.00,20.00,0.00,0.00,0.00,299.00,NOS,NOS,NOS,1,0.000,843.00,,,0.000,,,,,,5633,1,,
3022,P-3022,W W OK 1281,87,,,,281.00,525.00,20.00,0.00,0.00,0.00,299.00,NOS,NOS,NOS,1,0.000,843.00,,,0.000,,,,,,5646,1,,
3021,P-3021,W W OK 1314,87,,,,314.00,575.00,20.00,0.00,0.00,0.00,399.00,NOS,NOS,NOS,1,0.000,942.00,,,0.000,,,,,,5645,1,,
3023,P-3023,W W OK 1319,87,,,,319.00,575.00,20.00,0.00,0.00,0.00,399.00,NOS,NOS,NOS,1,0.000,957.00,,,0.000,,,,,,5647,1,,
3026,P-3026,W W OT 1377,87,,,,377.00,688.00,20.00,0.00,0.00,0.00,394.00,NOS,NOS,NOS,1,0.000,1131.00,,,0.000,,,,,,5651,1,,
3025,P-3025,W W OT 1411,87,,,,411.00,750.00,20.00,0.00,0.00,0.00,594.00,NOS,NOS,NOS,1,0.000,1233.00,,,0.000,,,,,,5650,1,,
3029,P-3029,W W OT 1444,87,,,,444.00,800.00,20.00,0.00,0.00,0.00,499.00,NOS,NOS,NOS,1,0.000,1332.00,,,0.000,,,,,,5654,1,,
3024,P-3024,W W P P 1268,87,,,,268.00,500.00,20.00,0.00,0.00,0.00,299.00,NOS,NOS,NOS,1,0.000,804.00,,,0.000,,,,,,5649,1,,
3019,P-3019,W W P P 1283,87,,,,283.00,525.00,20.00,0.00,0.00,0.00,299.00,NOS,NOS,NOS,1,0.000,849.00,,,0.000,,,,,,5643,1,,
3027,P-3027,W W True Maker 1335,87,,,,335.00,625.00,20.00,0.00,0.00,0.00,394.00,NOS,NOS,NOS,1,0.000,1005.00,,,0.000,,,,,,5653,1,,
3015,P-3015,W W True maker 1415,87,,,,415.00,750.00,20.00,0.00,0.00,0.00,499.00,NOS,NOS,NOS,1,0.000,1245.00,,,0.000,,,,,,5639,1,,
3030,P-3030,W W X-cross 1542,145,,,,542.00,975.00,20.00,0.00,0.00,0.00,599.00,NOS,NOS,NOS,1,0.000,1626.00,,,0.000,,,,,,5682,1,,
3031,P-3031,W W X-cross 1560,145,,,,560.00,1025.00,20.00,0.00,0.00,0.00,599.00,NOS,NOS,NOS,1,0.000,1680.00,,,0.000,,,,,,5671,1,,
877,P-0877,Windcheater jacket 1390,10,,,,390.00,700.00,20.00,0.00,0.00,0.00,399.00,NOS,NOS,NOS,1,0.000,1170.00,,,0.000,,,,,,3326,1,,
777,P-0777,Woolen Blazer,115,,,,400.00,480.00,20.00,0.00,0.00,0.00,479.00,NOS,NOS,NOS,1,0.000,600.00,,,0.000,,,,,,3214,1,,
777,P-0777,Woolen Blazer,115,,,,400.00,480.00,20.00,0.00,0.00,0.00,479.00,NOS,NOS,NOS,1,0.000,600.00,,,0.000,,,,,,3215,1,,
741,P-0741,Woolen cap,105,,,,60.00,150.00,0.00,0.00,0.00,0.00,99.00,NOS,NOS,NOS,1,0.000,188.00,,,0.000,,,,,,3145,1,,
366,P-0366,Woolen jacket,83,,,,237.00,380.00,20.00,0.00,0.00,0.00,299.00,NOS,NOS,NOS,1,0.000,475.00,,,2.000,,,,,,2123,1,,
366,P-0366,Woolen jacket,83,,,,237.00,380.00,20.00,0.00,0.00,0.00,299.00,NOS,NOS,NOS,1,0.000,475.00,,,4.000,,,,,,2124,1,,
366,P-0366,Woolen jacket,83,,,,237.00,380.00,20.00,0.00,0.00,0.00,299.00,NOS,NOS,NOS,1,0.000,475.00,,,4.000,,,,,,2125,1,,
366,P-0366,Woolen jacket,83,,,,237.00,380.00,20.00,0.00,0.00,0.00,299.00,NOS,NOS,NOS,1,0.000,475.00,,,3.000,,,,,,2126,1,,
366,P-0366,Woolen jacket,83,,,,237.00,380.00,20.00,0.00,0.00,0.00,299.00,NOS,NOS,NOS,1,0.000,475.00,,,14.000,,,,,,2127,1,,
366,P-0366,Woolen jacket,83,,,,237.00,380.00,20.00,0.00,0.00,0.00,299.00,NOS,NOS,NOS,1,0.000,475.00,,,1.000,,,,,,2128,1,,
366,P-0366,Woolen jacket,83,,,,237.00,380.00,20.00,0.00,0.00,0.00,299.00,NOS,NOS,NOS,1,0.000,475.00,,,1.000,,,,,,2129,1,,
366,P-0366,Woolen jacket,83,,,,237.00,380.00,20.00,0.00,0.00,0.00,299.00,NOS,NOS,NOS,1,0.000,475.00,,,3.000,,,,,,2130,1,,
366,P-0366,Woolen jacket,83,,,,237.00,380.00,20.00,0.00,0.00,0.00,299.00,NOS,NOS,NOS,1,0.000,475.00,,,3.000,,,,,,2135,1,,
366,P-0366,Woolen jacket,83,,,,237.00,380.00,20.00,0.00,0.00,0.00,299.00,NOS,NOS,NOS,1,0.000,475.00,,,1.000,,,,,,2136,1,,
350,P-0350,Woolen kurti,76,,,,655.00,900.00,20.00,0.00,0.00,0.00,800.00,NOS,NOS,NOS,1,0.000,1125.00,,,2.000,,,,,,2062,1,,
350,P-0350,Woolen kurti,76,,,,655.00,900.00,20.00,0.00,0.00,0.00,800.00,NOS,NOS,NOS,1,0.000,1125.00,,,5.000,,,,,,2063,1,,
350,P-0350,Woolen kurti,76,,,,655.00,900.00,20.00,0.00,0.00,0.00,800.00,NOS,NOS,NOS,1,0.000,1125.00,,,1.000,,,,,,2064,1,,
350,P-0350,Woolen kurti,76,,,,655.00,900.00,20.00,0.00,0.00,0.00,800.00,NOS,NOS,NOS,1,0.000,1125.00,,,2.000,,,,,,2065,1,,
350,P-0350,Woolen kurti,76,,,,655.00,900.00,20.00,0.00,0.00,0.00,800.00,NOS,NOS,NOS,1,0.000,1125.00,,,2.000,,,,,,2066,1,,
350,P-0350,Woolen kurti,76,,,,655.00,900.00,20.00,0.00,0.00,0.00,800.00,NOS,NOS,NOS,1,0.000,1125.00,,,2.000,,,,,,2067,1,,
350,P-0350,Woolen kurti,76,,,,655.00,900.00,20.00,0.00,0.00,0.00,800.00,NOS,NOS,NOS,1,0.000,1125.00,,,1.000,,,,,,2068,1,,
350,P-0350,Woolen kurti,76,,,,655.00,900.00,20.00,0.00,0.00,0.00,800.00,NOS,NOS,NOS,1,0.000,1125.00,,,2.000,,,,,,2069,1,,
350,P-0350,Woolen kurti,76,,,,655.00,900.00,20.00,0.00,0.00,0.00,800.00,NOS,NOS,NOS,1,0.000,1125.00,,,2.000,,,,,,2070,1,,
350,P-0350,Woolen kurti,76,,,,655.00,900.00,20.00,0.00,0.00,0.00,800.00,NOS,NOS,NOS,1,0.000,1125.00,,,1.000,,,,,,2071,1,,
350,P-0350,Woolen kurti,76,,,,655.00,900.00,20.00,0.00,0.00,0.00,800.00,NOS,NOS,NOS,1,0.000,1125.00,,,1.000,,,,,,2072,1,,
1873,P-1873,Woolen Plazo,40,,,,280.00,625.00,20.00,0.00,0.00,0.00,299.00,NOS,NOS,NOS,1,0.000,840.00,,,0.000,,,,,,4428,1,,
649,P-0649,Woolen set for girls,91,,,,205.00,280.00,20.00,0.00,0.00,0.00,209.00,NOS,NOS,NOS,1,0.000,350.00,,,1.000,,,,14-20,,2718,1,,
649,P-0649,Woolen set for girls,91,,,,205.00,280.00,20.00,0.00,0.00,0.00,209.00,NOS,NOS,NOS,1,0.000,350.00,,,1.000,,,,14-20,,2719,1,,
649,P-0649,Woolen set for girls,91,,,,205.00,280.00,20.00,0.00,0.00,0.00,209.00,NOS,NOS,NOS,1,0.000,350.00,,,2.000,,,,14-20,,2720,1,,
649,P-0649,Woolen set for girls,91,,,,205.00,280.00,20.00,0.00,0.00,0.00,209.00,NOS,NOS,NOS,1,0.000,350.00,,,8.000,,,,14-20,,2721,1,,
649,P-0649,Woolen set for girls,91,,,,205.00,280.00,20.00,0.00,0.00,0.00,209.00,NOS,NOS,NOS,1,0.000,350.00,,,6.000,,,,14-20,,2722,1,,
649,P-0649,Woolen set for girls,91,,,,205.00,280.00,20.00,0.00,0.00,0.00,209.00,NOS,NOS,NOS,1,0.000,350.00,,,3.000,,,,14-20,,2723,1,,
649,P-0649,Woolen set for girls,91,,,,205.00,280.00,20.00,0.00,0.00,0.00,209.00,NOS,NOS,NOS,1,0.000,350.00,,,1.000,,,,14-20,,2724,1,,
649,P-0649,Woolen set for girls,91,,,,205.00,280.00,20.00,0.00,0.00,0.00,209.00,NOS,NOS,NOS,1,0.000,350.00,,,1.000,,,,14-20,,2725,1,,
649,P-0649,Woolen set for girls,91,,,,205.00,280.00,20.00,0.00,0.00,0.00,209.00,NOS,NOS,NOS,1,0.000,350.00,,,1.000,,,,14-20,,2726,1,,
649,P-0649,Woolen set for girls,91,,,,205.00,280.00,20.00,0.00,0.00,0.00,209.00,NOS,NOS,NOS,1,0.000,350.00,,,5.000,,,,14-20,,2727,1,,
649,P-0649,Woolen set for girls,91,,,,205.00,280.00,20.00,0.00,0.00,0.00,209.00,NOS,NOS,NOS,1,0.000,350.00,,,6.000,,,,14-20,,2728,1,,
649,P-0649,Woolen set for girls,91,,,,205.00,280.00,20.00,0.00,0.00,0.00,209.00,NOS,NOS,NOS,1,0.000,350.00,,,4.000,,,,14-20,,2729,1,,
649,P-0649,Woolen set for girls,91,,,,205.00,280.00,20.00,0.00,0.00,0.00,209.00,NOS,NOS,NOS,1,0.000,350.00,,,5.000,,,,,,2730,1,,
649,P-0649,Woolen set for girls,91,,,,205.00,280.00,20.00,0.00,0.00,0.00,209.00,NOS,NOS,NOS,1,0.000,350.00,,,3.000,,,,,,2732,1,,
649,P-0649,Woolen set for girls,91,,,,205.00,280.00,20.00,0.00,0.00,0.00,209.00,NOS,NOS,NOS,1,0.000,350.00,,,3.000,,,,,,2733,1,,
649,P-0649,Woolen set for girls,91,,,,205.00,280.00,20.00,0.00,0.00,0.00,209.00,NOS,NOS,NOS,1,0.000,350.00,,,1.000,,,,,,2735,1,,
649,P-0649,Woolen set for girls,91,,,,205.00,280.00,20.00,0.00,0.00,0.00,209.00,NOS,NOS,NOS,1,0.000,350.00,,,3.000,,,,,,2736,1,,
649,P-0649,Woolen set for girls,91,,,,205.00,280.00,20.00,0.00,0.00,0.00,209.00,NOS,NOS,NOS,1,0.000,350.00,,,3.000,,,,,,2737,1,,
649,P-0649,Woolen set for girls,91,,,,205.00,280.00,20.00,0.00,0.00,0.00,209.00,NOS,NOS,NOS,1,0.000,350.00,,,6.000,,,,,,2738,1,,
649,P-0649,Woolen set for girls,91,,,,205.00,280.00,20.00,0.00,0.00,0.00,209.00,NOS,NOS,NOS,1,0.000,350.00,,,3.000,,,,,,2739,1,,
649,P-0649,Woolen set for girls,91,,,,205.00,280.00,20.00,0.00,0.00,0.00,209.00,NOS,NOS,NOS,1,0.000,350.00,,,1.000,,,,,,2740,1,,
649,P-0649,Woolen set for girls,91,,,,205.00,280.00,20.00,0.00,0.00,0.00,209.00,NOS,NOS,NOS,1,0.000,350.00,,,1.000,,,,,,2741,1,,
649,P-0649,Woolen set for girls,91,,,,205.00,280.00,20.00,0.00,0.00,0.00,209.00,NOS,NOS,NOS,1,0.000,350.00,,,4.000,,,,,,2742,1,,
649,P-0649,Woolen set for girls,91,,,,205.00,280.00,20.00,0.00,0.00,0.00,209.00,NOS,NOS,NOS,1,0.000,350.00,,,1.000,,,,,,2743,1,,
649,P-0649,Woolen set for girls,91,,,,205.00,280.00,20.00,0.00,0.00,0.00,209.00,NOS,NOS,NOS,1,0.000,350.00,,,2.000,,,,,,2744,1,,
649,P-0649,Woolen set for girls,91,,,,205.00,280.00,20.00,0.00,0.00,0.00,209.00,NOS,NOS,NOS,1,0.000,350.00,,,1.000,,,,,,2745,1,,
649,P-0649,Woolen set for girls,91,,,,205.00,280.00,20.00,0.00,0.00,0.00,209.00,NOS,NOS,NOS,1,0.000,350.00,,,3.000,,,,,,2746,1,,
725,P-0725,woolen top,69,,,,208.00,280.00,20.00,0.00,0.00,0.00,249.00,NOS,NOS,NOS,1,0.000,350.00,,,2.000,,,,,,3084,1,,
725,P-0725,woolen top,69,,,,208.00,280.00,20.00,0.00,0.00,0.00,249.00,NOS,NOS,NOS,1,0.000,350.00,,,2.000,,,,,,3085,1,,
725,P-0725,woolen top,69,,,,208.00,280.00,20.00,0.00,0.00,0.00,249.00,NOS,NOS,NOS,1,0.000,350.00,,,2.000,,,,,,3086,1,,
725,P-0725,woolen top,69,,,,208.00,280.00,20.00,0.00,0.00,0.00,249.00,NOS,NOS,NOS,1,0.000,350.00,,,3.000,,,,,,3087,1,,
725,P-0725,woolen top,69,,,,208.00,280.00,20.00,0.00,0.00,0.00,249.00,NOS,NOS,NOS,1,0.000,350.00,,,1.000,,,,,,3088,1,,
725,P-0725,woolen top,69,,,,208.00,280.00,20.00,0.00,0.00,0.00,249.00,NOS,NOS,NOS,1,0.000,350.00,,,2.000,,,,,,3089,1,,
725,P-0725,woolen top,69,,,,208.00,280.00,20.00,0.00,0.00,0.00,249.00,NOS,NOS,NOS,1,0.000,350.00,,,3.000,,,,,,3090,1,,
725,P-0725,woolen top,69,,,,208.00,280.00,20.00,0.00,0.00,0.00,249.00,NOS,NOS,NOS,1,0.000,350.00,,,4.000,,,,,,3091,1,,
725,P-0725,woolen top,69,,,,208.00,280.00,20.00,0.00,0.00,0.00,249.00,NOS,NOS,NOS,1,0.000,350.00,,,2.000,,,,,,3092,1,,
725,P-0725,woolen top,69,,,,208.00,280.00,20.00,0.00,0.00,0.00,249.00,NOS,NOS,NOS,1,0.000,350.00,,,6.000,,,,,,3093,1,,
725,P-0725,woolen top,69,,,,208.00,280.00,20.00,0.00,0.00,0.00,249.00,NOS,NOS,NOS,1,0.000,350.00,,,4.000,,,,,,3094,1,,
725,P-0725,woolen top,69,,,,208.00,280.00,20.00,0.00,0.00,0.00,249.00,NOS,NOS,NOS,1,0.000,350.00,,,2.000,,,,,,3095,1,,
725,P-0725,woolen top,69,,,,208.00,280.00,20.00,0.00,0.00,0.00,249.00,NOS,NOS,NOS,1,0.000,350.00,,,3.000,,,,,,3096,1,,
725,P-0725,woolen top,69,,,,208.00,280.00,20.00,0.00,0.00,0.00,249.00,NOS,NOS,NOS,1,0.000,350.00,,,1.000,,,,,,3097,1,,
725,P-0725,woolen top,69,,,,208.00,280.00,20.00,0.00,0.00,0.00,249.00,NOS,NOS,NOS,1,0.000,350.00,,,2.000,,,,,,3098,1,,
725,P-0725,woolen top,69,,,,208.00,280.00,20.00,0.00,0.00,0.00,249.00,NOS,NOS,NOS,1,0.000,350.00,,,2.000,,,,,,3099,1,,
725,P-0725,woolen top,69,,,,208.00,280.00,20.00,0.00,0.00,0.00,249.00,NOS,NOS,NOS,1,0.000,350.00,,,5.000,,,,,,3100,1,,
299,P-0299,Woolen trouser,68,,,,350.00,600.00,20.00,0.00,0.00,0.00,429.00,NOS,NOS,NOS,1,0.000,1050.00,,,4.000,,,,M,,1801,1,,
299,P-0299,Woolen trouser,68,,,,350.00,600.00,20.00,0.00,0.00,0.00,429.00,NOS,NOS,NOS,1,0.000,1050.00,,,1.000,,,,M,,1802,1,,
299,P-0299,Woolen trouser,68,,,,350.00,600.00,20.00,0.00,0.00,0.00,429.00,NOS,NOS,NOS,1,0.000,1050.00,,,4.000,,,,L,,1803,1,,
299,P-0299,Woolen trouser,68,,,,350.00,600.00,20.00,0.00,0.00,0.00,429.00,NOS,NOS,NOS,1,0.000,1050.00,,,2.000,,,,L,,1804,1,,
299,P-0299,Woolen trouser,68,,,,350.00,600.00,20.00,0.00,0.00,0.00,429.00,NOS,NOS,NOS,1,0.000,1050.00,,,1.000,,,,XL,,1805,1,,
299,P-0299,Woolen trouser,68,,,,350.00,600.00,20.00,0.00,0.00,0.00,429.00,NOS,NOS,NOS,1,0.000,1050.00,,,4.000,,,,XL,,1806,1,,
299,P-0299,Woolen trouser,68,,,,350.00,600.00,20.00,0.00,0.00,0.00,429.00,NOS,NOS,NOS,1,0.000,1050.00,,,5.000,,,,XL,,1807,1,,
299,P-0299,Woolen trouser,68,,,,350.00,600.00,20.00,0.00,0.00,0.00,429.00,NOS,NOS,NOS,1,0.000,1050.00,,,6.000,,,,XXL,,1808,1,,
372,P-0372,WW dress set OP,87,,,,128.00,180.00,20.00,0.00,0.00,0.00,145.00,NOS,NOS,NOS,1,0.000,225.00,,,4.000,,,,,,2204,1,,
372,P-0372,WW dress set OP,87,,,,128.00,180.00,20.00,0.00,0.00,0.00,145.00,NOS,NOS,NOS,1,0.000,225.00,,,1.000,,,,,,2205,1,,
372,P-0372,WW dress set OP,87,,,,128.00,180.00,20.00,0.00,0.00,0.00,145.00,NOS,NOS,NOS,1,0.000,225.00,,,2.000,,,,,,2206,1,,
372,P-0372,WW dress set OP,87,,,,128.00,180.00,20.00,0.00,0.00,0.00,145.00,NOS,NOS,NOS,1,0.000,225.00,,,1.000,,,,,,2207,1,,
372,P-0372,WW dress set OP,87,,,,128.00,180.00,20.00,0.00,0.00,0.00,145.00,NOS,NOS,NOS,1,0.000,225.00,,,2.000,,,,,,2208,1,,
372,P-0372,WW dress set OP,87,,,,128.00,180.00,20.00,0.00,0.00,0.00,145.00,NOS,NOS,NOS,1,0.000,225.00,,,1.000,,,,,,2209,1,,
372,P-0372,WW dress set OP,87,,,,128.00,180.00,20.00,0.00,0.00,0.00,145.00,NOS,NOS,NOS,1,0.000,225.00,,,5.000,,,,,,2210,1,,
372,P-0372,WW dress set OP,87,,,,128.00,180.00,20.00,0.00,0.00,0.00,145.00,NOS,NOS,NOS,1,0.000,225.00,,,3.000,,,,,,2211,1,,
372,P-0372,WW dress set OP,87,,,,128.00,180.00,20.00,0.00,0.00,0.00,145.00,NOS,NOS,NOS,1,0.000,225.00,,,9.000,,,,,,2212,1,,
372,P-0372,WW dress set OP,87,,,,128.00,180.00,20.00,0.00,0.00,0.00,145.00,NOS,NOS,NOS,1,0.000,225.00,,,3.000,,,,,,2213,1,,
372,P-0372,WW dress set OP,87,,,,128.00,180.00,20.00,0.00,0.00,0.00,145.00,NOS,NOS,NOS,1,0.000,225.00,,,8.000,,,,,,2214,1,,
372,P-0372,WW dress set OP,87,,,,128.00,180.00,20.00,0.00,0.00,0.00,145.00,NOS,NOS,NOS,1,0.000,225.00,,,2.000,,,,,,2215,1,,
372,P-0372,WW dress set OP,87,,,,128.00,180.00,20.00,0.00,0.00,0.00,145.00,NOS,NOS,NOS,1,0.000,225.00,,,3.000,,,,,,2216,1,,
372,P-0372,WW dress set OP,87,,,,128.00,180.00,20.00,0.00,0.00,0.00,145.00,NOS,NOS,NOS,1,0.000,225.00,,,2.000,,,,,,2217,1,,
372,P-0372,WW dress set OP,87,,,,128.00,180.00,20.00,0.00,0.00,0.00,145.00,NOS,NOS,NOS,1,0.000,225.00,,,3.000,,,,,,2218,1,,
372,P-0372,WW dress set OP,87,,,,128.00,180.00,20.00,0.00,0.00,0.00,145.00,NOS,NOS,NOS,1,0.000,225.00,,,1.000,,,,,,2219,1,,
372,P-0372,WW dress set OP,87,,,,128.00,180.00,20.00,0.00,0.00,0.00,145.00,NOS,NOS,NOS,1,0.000,225.00,,,3.000,,,,,,2220,1,,
372,P-0372,WW dress set OP,87,,,,128.00,180.00,20.00,0.00,0.00,0.00,145.00,NOS,NOS,NOS,1,0.000,225.00,,,1.000,,,,,,2221,1,,
372,P-0372,WW dress set OP,87,,,,128.00,180.00,20.00,0.00,0.00,0.00,145.00,NOS,NOS,NOS,1,0.000,225.00,,,3.000,,,,,,2222,1,,
372,P-0372,WW dress set OP,87,,,,128.00,180.00,20.00,0.00,0.00,0.00,145.00,NOS,NOS,NOS,1,0.000,225.00,,,2.000,,,,,,2223,1,,
372,P-0372,WW dress set OP,87,,,,128.00,180.00,20.00,0.00,0.00,0.00,145.00,NOS,NOS,NOS,1,0.000,225.00,,,4.000,,,,,,2224,1,,
372,P-0372,WW dress set OP,87,,,,128.00,180.00,20.00,0.00,0.00,0.00,145.00,NOS,NOS,NOS,1,0.000,225.00,,,1.000,,,,,,2225,1,,
372,P-0372,WW dress set OP,87,,,,128.00,180.00,20.00,0.00,0.00,0.00,145.00,NOS,NOS,NOS,1,0.000,225.00,,,2.000,,,,,,2226,1,,
372,P-0372,WW dress set OP,87,,,,128.00,180.00,20.00,0.00,0.00,0.00,145.00,NOS,NOS,NOS,1,0.000,225.00,,,3.000,,,,,,2227,1,,
372,P-0372,WW dress set OP,87,,,,128.00,180.00,20.00,0.00,0.00,0.00,145.00,NOS,NOS,NOS,1,0.000,225.00,,,2.000,,,,,,2228,1,,
372,P-0372,WW dress set OP,87,,,,128.00,180.00,20.00,0.00,0.00,0.00,145.00,NOS,NOS,NOS,1,0.000,225.00,,,3.000,,,,,,2229,1,,
372,P-0372,WW dress set OP,87,,,,128.00,180.00,20.00,0.00,0.00,0.00,145.00,NOS,NOS,NOS,1,0.000,225.00,,,2.000,,,,,,2230,1,,
372,P-0372,WW dress set OP,87,,,,128.00,180.00,20.00,0.00,0.00,0.00,145.00,NOS,NOS,NOS,1,0.000,225.00,,,3.000,,,,,,2231,1,,
3561,P-3561,X- Cross 1185,4,,,,185.00,325.00,20.00,0.00,0.00,0.00,199.00,NOS,NOS,NOS,1,0.000,555.00,,,0.000,,,,,,6247,1,,
3566,P-3566,X- Cross 1190,4,,,,190.00,325.00,20.00,0.00,0.00,0.00,199.00,NOS,NOS,NOS,1,0.000,570.00,,,0.000,,,,,,6250,1,,
3428,P-3428,X- Cross 1370,4,,,,370.00,650.00,20.00,0.00,0.00,0.00,399.00,NOS,NOS,NOS,1,0.000,1110.00,,,0.000,,,,,,6108,1,,
3426,P-3426,X- Cross 1392,4,,,,392.00,675.00,20.00,0.00,0.00,0.00,399.00,NOS,NOS,NOS,1,0.000,1176.00,,,0.000,,,,,,6110,1,,
3424,P-3424,X- Cross 1437,4,,,,437.00,750.00,20.00,0.00,0.00,0.00,499.00,NOS,NOS,NOS,1,0.000,1311.00,,,0.000,,,,,,6114,1,,
3594,P-3594,X- Cross 1482,4,,,,482.00,825.00,20.00,0.00,0.00,0.00,499.00,NOS,NOS,NOS,1,0.000,1446.00,,,0.000,,,,,,6278,1,,
3425,P-3425,X- Cross 1498,4,,,,498.00,850.00,20.00,0.00,0.00,0.00,499.00,NOS,NOS,NOS,1,0.000,1494.00,,,0.000,,,,,,6111,1,,
3427,P-3427,X- Cross 1526,4,,,,526.00,900.00,20.00,0.00,0.00,0.00,599.00,NOS,NOS,NOS,1,0.000,1176.00,,,0.000,,,,,,6109,1,,
1016,P-1016,X- Cross 1562,4,,,,562.00,780.00,20.00,0.00,0.00,0.00,599.00,NOS,NOS,NOS,1,0.000,975.00,,,0.000,,,,,,3466,1,,
1775,P-1775,X -cross 1688,4,,,,688.00,1225.00,20.00,0.00,0.00,0.00,699.00,NOS,NOS,NOS,1,0.000,2064.00,,,0.000,,,,,,4331,1,,
2869,P-2869,X-Cross 1420,4,,,,420.00,725.00,20.00,0.00,0.00,0.00,499.00,NOS,NOS,NOS,1,0.000,1260.00,,,0.000,,,,,,5491,1,,
19,P-0019,xcross lotus 1201 1553,4,,GBH,,540.00,950.00,20.00,0.00,0.00,0.00,600.00,NOS,NOS,NOS,1,1.000,1659.00,MENS COUNTER,CC2-1,3.000,,,,Free,,1040,1,,
19,P-0019,xcross lotus 1201 1553,4,,GBH,,540.00,950.00,20.00,0.00,0.00,0.00,600.00,NOS,NOS,NOS,1,1.000,1659.00,MENS COUNTER,CC2-1,5.000,,,,Oversize,,1041,1,,
1573,P-1573,Yellow 1217,56,,,,217.00,400.00,20.00,0.00,0.00,0.00,239.00,NOS,NOS,NOS,1,0.000,651.00,,,0.000,,,,,,4127,1,,
1095,P-1095,Yellow chicks 1196,60,,,,196.00,280.00,20.00,0.00,0.00,0.00,200.00,NOS,NOS,NOS,1,0.000,350.00,,,0.000,,,,,,3545,1,,
1097,P-1097,Yellow chicks 1203,60,,,,203.00,300.00,20.00,0.00,0.00,0.00,250.00,NOS,NOS,NOS,1,0.000,375.00,,,0.000,,,,,,3547,1,,
1094,P-1094,Yellow chicks 1210,60,,,,210.00,300.00,0.00,0.00,0.00,0.00,250.00,NOS,NOS,NOS,1,0.000,375.00,,,0.000,,,,,,3544,1,,
2578,P-2578,YUKTI 11995,134,,,,1995.00,3375.00,20.00,0.00,0.00,0.00,1999.00,NOS,NOS,NOS,1,0.000,5970.00,,,0.000,,,,,,5151,1,,
33,P-0033,Zara R2071 1335,7,,,,335.00,480.00,0.00,0.00,0.00,0.00,350.00,NOS,NOS,NOS,1,1.000,600.00,MEN'S COUNTER,CC2,12.000,,,,,,1069,1,,
1130,P-1130,Zaroor 1190,60,,,,190.00,270.00,20.00,0.00,0.00,0.00,250.00,NOS,NOS,NOS,1,0.000,338.00,,,0.000,,,,,,3580,1,,
1133,P-1133,Zaroor 1220,60,,,,220.00,320.00,20.00,0.00,0.00,0.00,250.00,NOS,NOS,NOS,1,0.000,400.00,,,0.000,,,,,,3583,1,,
1129,P-1129,Zaroor 1240,60,,,,240.00,330.00,20.00,0.00,0.00,0.00,250.00,NOS,NOS,NOS,1,0.000,415.00,,,0.000,,,,,,3579,1,,
1132,P-1132,Zaroor 1260,60,,,,260.00,370.00,20.00,0.00,0.00,0.00,350.00,NOS,NOS,NOS,1,0.000,465.00,,,0.000,,,,,,3582,1,,
1142,P-1142,Zaroor 1265,60,,,,265.00,380.00,20.00,0.00,0.00,0.00,300.00,NOS,NOS,NOS,1,0.000,475.00,,,0.000,,,,,,3592,1,,
2818,P-2818,Zaroor 1291,56,,,,291.00,500.00,20.00,0.00,0.00,0.00,299.00,NOS,NOS,NOS,1,0.000,873.00,,,0.000,,,,,,5439,1,,
1590,P-1590,Zaroor 1295,56,,,,295.00,525.00,20.00,0.00,0.00,0.00,299.00,NOS,NOS,NOS,1,0.000,885.00,,,0.000,,,,,,4144,1,,
1131,P-1131,Zaroor 1300,60,,,,300.00,430.00,20.00,0.00,0.00,0.00,350.00,NOS,NOS,NOS,1,0.000,538.00,,,0.000,,,,,,3581,1,,
1591,P-1591,Zaroor 1345,56,,,,345.00,625.00,20.00,0.00,0.00,0.00,299.00,NOS,NOS,NOS,1,0.000,1035.00,,,0.000,,,,,,4145,1,,
709,P-0709,Ziper Hood jacket M,10,,,,294.00,400.00,20.00,0.00,0.00,0.00,299.00,NOS,NOS,NOS,1,0.000,500.00,,,1.000,,,,,,3022,1,,
709,P-0709,Ziper Hood jacket M,10,,,,294.00,400.00,20.00,0.00,0.00,0.00,299.00,NOS,NOS,NOS,1,0.000,500.00,,,2.000,,,,,,3023,1,,
709,P-0709,Ziper Hood jacket M,10,,,,294.00,400.00,20.00,0.00,0.00,0.00,299.00,NOS,NOS,NOS,1,0.000,500.00,,,5.000,,,,,,3024,1,,
709,P-0709,Ziper Hood jacket M,10,,,,294.00,400.00,20.00,0.00,0.00,0.00,299.00,NOS,NOS,NOS,1,0.000,500.00,,,1.000,,,,,,3025,1,,
709,P-0709,Ziper Hood jacket M,10,,,,294.00,400.00,20.00,0.00,0.00,0.00,299.00,NOS,NOS,NOS,1,0.000,500.00,,,8.000,,,,,,3026,1,,
659,P-0659,Ziper Hood OP,94,,,,245.00,340.00,20.00,0.00,0.00,0.00,299.00,NOS,NOS,NOS,1,0.000,425.00,,,1.000,,,,,,2768,1,,
659,P-0659,Ziper Hood OP,94,,,,245.00,340.00,20.00,0.00,0.00,0.00,299.00,NOS,NOS,NOS,1,0.000,425.00,,,3.000,,,,,,2769,1,,
659,P-0659,Ziper Hood OP,94,,,,245.00,340.00,20.00,0.00,0.00,0.00,299.00,NOS,NOS,NOS,1,0.000,425.00,,,1.000,,,,,,2770,1,,
659,P-0659,Ziper Hood OP,94,,,,245.00,340.00,20.00,0.00,0.00,0.00,299.00,NOS,NOS,NOS,1,0.000,425.00,,,4.000,,,,,,2771,1,,
660,P-0660,Ziper sweatshirt,96,,,,290.00,400.00,20.00,0.00,0.00,0.00,299.00,NOS,NOS,NOS,1,0.000,500.00,,,2.000,,,,,,2772,1,,
660,P-0660,Ziper sweatshirt,96,,,,290.00,400.00,20.00,0.00,0.00,0.00,299.00,NOS,NOS,NOS,1,0.000,500.00,,,1.000,,,,,,2773,1,,
660,P-0660,Ziper sweatshirt,96,,,,290.00,400.00,20.00,0.00,0.00,0.00,299.00,NOS,NOS,NOS,1,0.000,500.00,,,1.000,,,,,,2774,1,,
710,P-0710,Zipper Jacket M OP,10,,,,302.00,417.00,20.00,0.00,0.00,0.00,399.00,NOS,NOS,NOS,1,0.000,522.00,,,3.000,,,,,,3027,1,,
710,P-0710,Zipper Jacket M OP,10,,,,302.00,417.00,20.00,0.00,0.00,0.00,399.00,NOS,NOS,NOS,1,0.000,522.00,,,3.000,,,,,,3028,1,,
710,P-0710,Zipper Jacket M OP,10,,,,302.00,417.00,20.00,0.00,0.00,0.00,399.00,NOS,NOS,NOS,1,0.000,522.00,,,7.000,,,,,,3029,1,,
710,P-0710,Zipper Jacket M OP,10,,,,302.00,417.00,20.00,0.00,0.00,0.00,399.00,NOS,NOS,NOS,1,0.000,522.00,,,3.000,,,,,,3030,1,,
2533,P-2533,Zubi Doobie 1419,60,,,,419.00,725.00,20.00,0.00,0.00,0.00,499.00,NOS,NOS,NOS,1,0.000,1257.00,,,0.000,,,,,,5120,1,,
2535,P-2535,Zubi Doobie 1466,60,,,,466.00,800.00,20.00,0.00,0.00,0.00,499.00,NOS,NOS,NOS,1,0.000,1398.00,,,0.000,,,,,,5122,1,,
2534,P-2534,Zubi Doobie 1537,60,,,,537.00,925.00,20.00,0.00,0.00,0.00,599.00,NOS,NOS,NOS,1,0.000,1611.00,,,0.000,,,,,,5121,1,,