product_id,sku,original_filename,export_filename,size_bytes,width,height,status,format
P-0170,P-0170,P-0170.jpg,P-0170_1.jpg,6609,,,READY_FOR_UPLOAD,
P-0003,P-0003,P-0003.jpg,P-0003_1.jpg,6610,,,READY_FOR_UPLOAD,
P-0004,P-0004,P-0004.jpg,P-0004_1.jpg,3994,,,READY_FOR_UPLOAD,
P-0005,P-0005,P-0005.jpg,P-0005_1.jpg,4821,,,READY_FOR_UPLOAD,
P-0006,P-0006,P-0006.jpg,P-0006_1.jpg,3062,,,READY_FOR_UPLOAD,
P-0007,P-0007,P-0007.jpg,P-0007_1.jpg,3471,,,READY_FOR_UPLOAD,
P-0008,P-0008,P-0008.jpg,P-0008_1.jpg,2374,,,READY_FOR_UPLOAD,
P-0009,P-0009,P-0009.jpg,P-0009_1.jpg,2330,,,READY_FOR_UPLOAD,
P-0010,P-0010,P-0010.jpg,P-0010_1.jpg,2722,,,READY_FOR_UPLOAD,
P-0011,P-0011,P-0011.jpg,P-0011_1.jpg,2337,,,READY_FOR_UPLOAD,
P-0012,P-0012,P-0012.jpg,P-0012_1.jpg,2337,,,READY_FOR_UPLOAD,
P-0013,P-0013,P-0013.jpg,P-0013_1.jpg,2373,,,READY_FOR_UPLOAD,
P-0014,P-0014,P-0014.jpg,P-0014_1.jpg,2337,,,READY_FOR_UPLOAD,
P-0015,P-0015,P-0015.jpg,P-0015_1.jpg,2337,,,READY_FOR_UPLOAD,
P-0016,P-0016,P-0016.jpg,P-0016_1.jpg,2548,,,READY_FOR_UPLOAD,
P-0017,P-0017,P-0017.jpg,P-0017_1.jpg,2432,,,READY_FOR_UPLOAD,
P-0018,P-0018,P-0018.jpg,P-0018_1.jpg,8383,,,READY_FOR_UPLOAD,
P-0019,P-0019,P-0019.jpg,P-0019_1.jpg,3802,,,READY_FOR_UPLOAD,
P-0020,P-0020,P-0020.jpg,P-0020_1.jpg,1779,,,READY_FOR_UPLOAD,
P-0021,P-0021,P-0021.jpg,P-0021_1.jpg,2551,,,READY_FOR_UPLOAD,
P-0022,P-0022,P-0022.jpg,P-0022_1.jpg,3306,,,READY_FOR_UPLOAD,
P-0023,P-0023,P-0023.jpg,P-0023_1.jpg,4577,,,READY_FOR_UPLOAD,
P-0024,P-0024,P-0024.jpg,P-0024_1.jpg,1763,,,READY_FOR_UPLOAD,
P-0025,P-0025,P-0025.jpg,P-0025_1.jpg,2538,,,READY_FOR_UPLOAD,
P-0026,P-0026,P-0026.jpg,P-0026_1.jpg,3588,,,READY_FOR_UPLOAD,
P-0027,P-0027,P-0027.jpg,P-0027_1.jpg,3508,,,READY_FOR_UPLOAD,
P-0028,P-0028,P-0028.jpg,P-0028_1.jpg,3517,,,READY_FOR_UPLOAD,
P-0029,P-0029,P-0029.jpg,P-0029_1.jpg,5734,,,READY_FOR_UPLOAD,
P-0030,P-0030,P-0030.jpg,P-0030_1.jpg,2228,,,READY_FOR_UPLOAD,
P-0031,P-0031,P-0031.jpg,P-0031_1.jpg,2564,,,READY_FOR_UPLOAD,
P-0032,P-0032,P-0032.jpg,P-0032_1.jpg,3591,,,READY_FOR_UPLOAD,
P-0033,P-0033,P-0033.jpg,P-0033_1.jpg,4689,,,READY_FOR_UPLOAD,
P-0034,P-0034,P-0034.jpg,P-0034_1.jpg,4124,,,READY_FOR_UPLOAD,
P-0035,P-0035,P-0035.jpg,P-0035_1.jpg,1862,,,READY_FOR_UPLOAD,
P-0036,P-0036,P-0036.jpg,P-0036_1.jpg,2308,,,READY_FOR_UPLOAD,
P-0037,P-0037,P-0037.jpg,P-0037_1.jpg,6619,,,READY_FOR_UPLOAD,
P-0038,P-0038,P-0038.jpg,P-0038_1.jpg,6609,,,READY_FOR_UPLOAD,
P-0039,P-0039,P-0039.jpg,P-0039_1.jpg,6609,,,READY_FOR_UPLOAD,
P-0040,P-0040,P-0040.jpg,P-0040_1.jpg,6609,,,READY_FOR_UPLOAD,
P-0041,P-0041,P-0041.jpg,P-0041_1.jpg,6610,,,READY_FOR_UPLOAD,
P-0042,P-0042,P-0042.jpg,P-0042_1.jpg,6609,,,READY_FOR_UPLOAD,
P-0043,P-0043,P-0043.jpg,P-0043_1.jpg,6609,,,READY_FOR_UPLOAD,
P-0044,P-0044,P-0044.jpg,P-0044_1.jpg,6609,,,READY_FOR_UPLOAD,
P-0045,P-0045,P-0045.jpg,P-0045_1.jpg,6609,,,READY_FOR_UPLOAD,
P-0046,P-0046,P-0046.jpg,P-0046_1.jpg,6609,,,READY_FOR_UPLOAD,
P-0047,P-0047,P-0047.jpg,P-0047_1.jpg,6609,,,READY_FOR_UPLOAD,
P-0048,P-0048,P-0048.jpg,P-0048_1.jpg,6619,,,READY_FOR_UPLOAD,
P-0049,P-0049,P-0049.jpg,P-0049_1.jpg,6619,,,READY_FOR_UPLOAD,
P-0050,P-0050,P-0050.jpg,P-0050_1.jpg,6619,,,READY_FOR_UPLOAD,
P-0051,P-0051,P-0051.jpg,P-0051_1.jpg,6623,,,READY_FOR_UPLOAD,
P-0052,P-0052,P-0052.jpg,P-0052_1.jpg,6623,,,READY_FOR_UPLOAD,
P-0053,P-0053,P-0053.jpg,P-0053_1.jpg,6609,,,READY_FOR_UPLOAD,
P-0054,P-0054,P-0054.jpg,P-0054_1.jpg,6609,,,READY_FOR_UPLOAD,
P-0055,P-0055,P-0055.jpg,P-0055_1.jpg,6609,,,READY_FOR_UPLOAD,
P-0056,P-0056,P-0056.jpg,P-0056_1.jpg,6608,,,READY_FOR_UPLOAD,
P-0057,P-0057,P-0057.jpg,P-0057_1.jpg,6608,,,READY_FOR_UPLOAD,
P-0058,P-0058,P-0058.jpg,P-0058_1.jpg,6609,,,READY_FOR_UPLOAD,
P-0059,P-0059,P-0059.jpg,P-0059_1.jpg,6609,,,READY_FOR_UPLOAD,
P-0060,P-0060,P-0060.jpg,P-0060_1.jpg,6609,,,READY_FOR_UPLOAD,
P-0061,P-0061,P-0061.jpg,P-0061_1.jpg,6619,,,READY_FOR_UPLOAD,
P-0062,P-0062,P-0062.jpg,P-0062_1.jpg,6609,,,READY_FOR_UPLOAD,
P-0063,P-0063,P-0063.jpg,P-0063_1.jpg,6610,,,READY_FOR_UPLOAD,
P-0064,P-0064,P-0064.jpg,P-0064_1.jpg,6609,,,READY_FOR_UPLOAD,
P-0065,P-0065,P-0065.jpg,P-0065_1.jpg,6609,,,READY_FOR_UPLOAD,
P-0066,P-0066,P-0066.jpg,P-0066_1.jpg,6609,,,READY_FOR_UPLOAD,
P-0067,P-0067,P-0067.jpg,P-0067_1.jpg,6609,,,READY_FOR_UPLOAD,
P-0068,P-0068,P-0068.jpg,P-0068_1.jpg,6609,,,READY_FOR_UPLOAD,
P-0069,P-0069,P-0069.jpg,P-0069_1.jpg,6609,,,READY_FOR_UPLOAD,
P-0070,P-0070,P-0070.jpg,P-0070_1.jpg,6609,,,READY_FOR_UPLOAD,
P-0071,P-0071,P-0071.jpg,P-0071_1.jpg,6609,,,READY_FOR_UPLOAD,
P-0072,P-0072,P-0072.jpg,P-0072_1.jpg,6623,,,READY_FOR_UPLOAD,
P-0073,P-0073,P-0073.jpg,P-0073_1.jpg,6609,,,READY_FOR_UPLOAD,
P-0074,P-0074,P-0074.jpg,P-0074_1.jpg,6608,,,READY_FOR_UPLOAD,
P-0075,P-0075,P-0075.jpg,P-0075_1.jpg,6610,,,READY_FOR_UPLOAD,
P-0076,P-0076,P-0076.jpg,P-0076_1.jpg,6609,,,READY_FOR_UPLOAD,
P-0077,P-0077,P-0077.jpg,P-0077_1.jpg,6608,,,READY_FOR_UPLOAD,
P-0078,P-0078,P-0078.jpg,P-0078_1.jpg,6609,,,READY_FOR_UPLOAD,
P-0079,P-0079,P-0079.jpg,P-0079_1.jpg,6619,,,READY_FOR_UPLOAD,
P-0080,P-0080,P-0080.jpg,P-0080_1.jpg,6619,,,READY_FOR_UPLOAD,
P-0081,P-0081,P-0081.jpg,P-0081_1.jpg,6619,,,READY_FOR_UPLOAD,
P-0082,P-0082,P-0082.jpg,P-0082_1.jpg,6619,,,READY_FOR_UPLOAD,
P-0083,P-0083,P-0083.jpg,P-0083_1.jpg,6619,,,READY_FOR_UPLOAD,
P-0084,P-0084,P-0084.jpg,P-0084_1.jpg,6609,,,READY_FOR_UPLOAD,
P-0085,P-0085,P-0085.jpg,P-0085_1.jpg,6619,,,READY_FOR_UPLOAD,
P-0086,P-0086,P-0086.jpg,P-0086_1.jpg,6609,,,READY_FOR_UPLOAD,
P-0087,P-0087,P-0087.jpg,P-0087_1.jpg,6619,,,READY_FOR_UPLOAD,
P-0088,P-0088,P-0088.jpg,P-0088_1.jpg,6610,,,READY_FOR_UPLOAD,
P-0089,P-0089,P-0089.jpg,P-0089_1.jpg,6619,,,READY_FOR_UPLOAD,
P-0090,P-0090,P-0090.jpg,P-0090_1.jpg,6609,,,READY_FOR_UPLOAD,
P-0091,P-0091,P-0091.jpg,P-0091_1.jpg,6609,,,READY_FOR_UPLOAD,
P-0092,P-0092,P-0092.jpg,P-0092_1.jpg,6619,,,READY_FOR_UPLOAD,
P-0093,P-0093,P-0093.jpg,P-0093_1.jpg,6609,,,READY_FOR_UPLOAD,
P-0094,P-0094,P-0094.jpg,P-0094_1.jpg,6619,,,READY_FOR_UPLOAD,
P-0095,P-0095,P-0095.jpg,P-0095_1.jpg,6609,,,READY_FOR_UPLOAD,
P-0096,P-0096,P-0096.jpg,P-0096_1.jpg,6619,,,READY_FOR_UPLOAD,
P-0097,P-0097,P-0097.jpg,P-0097_1.jpg,6610,,,READY_FOR_UPLOAD,
P-0098,P-0098,P-0098.jpg,P-0098_1.jpg,6619,,,READY_FOR_UPLOAD,
P-0099,P-0099,P-0099.jpg,P-0099_1.jpg,6609,,,READY_FOR_UPLOAD,
P-0100,P-0100,P-0100.jpg,P-0100_1.jpg,6609,,,READY_FOR_UPLOAD,
P-0101,P-0101,P-0101.jpg,P-0101_1.jpg,6609,,,READY_FOR_UPLOAD,
P-0102,P-0102,P-0102.jpg,P-0102_1.jpg,6609,,,READY_FOR_UPLOAD,
P-0103,P-0103,P-0103.jpg,P-0103_1.jpg,6609,,,READY_FOR_UPLOAD,
P-0104,P-0104,P-0104.jpg,P-0104_1.jpg,6609,,,READY_FOR_UPLOAD,
P-0105,P-0105,P-0105.jpg,P-0105_1.jpg,6609,,,READY_FOR_UPLOAD,
P-0106,P-0106,P-0106.jpg,P-0106_1.jpg,6619,,,READY_FOR_UPLOAD,
P-0107,P-0107,P-0107.jpg,P-0107_1.jpg,6609,,,READY_FOR_UPLOAD,
P-0108,P-0108,P-0108.jpg,P-0108_1.jpg,6609,,,READY_FOR_UPLOAD,
P-0109,P-0109,P-0109.jpg,P-0109_1.jpg,6609,,,READY_FOR_UPLOAD,
P-0110,P-0110,P-0110.jpg,P-0110_1.jpg,6609,,,READY_FOR_UPLOAD,
P-0111,P-0111,P-0111.jpg,P-0111_1.jpg,6609,,,READY_FOR_UPLOAD,
P-0112,P-0112,P-0112.jpg,P-0112_1.jpg,6609,,,READY_FOR_UPLOAD,
P-0113,P-0113,P-0113.jpg,P-0113_1.jpg,6609,,,READY_FOR_UPLOAD,
P-0114,P-0114,P-0114.jpg,P-0114_1.jpg,6609,,,READY_FOR_UPLOAD,
P-0115,P-0115,P-0115.jpg,P-0115_1.jpg,6609,,,READY_FOR_UPLOAD,
P-0116,P-0116,P-0116.jpg,P-0116_1.jpg,6609,,,READY_FOR_UPLOAD,
P-0117,P-0117,P-0117.jpg,P-0117_1.jpg,6609,,,READY_FOR_UPLOAD,
P-0118,P-0118,P-0118.jpg,P-0118_1.jpg,6619,,,READY_FOR_UPLOAD,
P-0119,P-0119,P-0119.jpg,P-0119_1.jpg,6609,,,READY_FOR_UPLOAD,
P-0120,P-0120,P-0120.jpg,P-0120_1.jpg,6609,,,READY_FOR_UPLOAD,
P-0121,P-0121,P-0121.jpg,P-0121_1.jpg,6609,,,READY_FOR_UPLOAD,
P-0122,P-0122,P-0122.jpg,P-0122_1.jpg,6609,,,READY_FOR_UPLOAD,
P-0123,P-0123,P-0123.jpg,P-0123_1.jpg,6609,,,READY_FOR_UPLOAD,
P-0124,P-0124,P-0124.jpg,P-0124_1.jpg,6609,,,READY_FOR_UPLOAD,
P-0125,P-0125,P-0125.jpg,P-0125_1.jpg,6609,,,READY_FOR_UPLOAD,
P-0126,P-0126,P-0126.jpg,P-0126_1.jpg,6609,,,READY_FOR_UPLOAD,
P-0127,P-0127,P-0127.jpg,P-0127_1.jpg,6609,,,READY_FOR_UPLOAD,
P-0128,P-0128,P-0128.jpg,P-0128_1.jpg,6609,,,READY_FOR_UPLOAD,
P-0129,P-0129,P-0129.jpg,P-0129_1.jpg,6609,,,READY_FOR_UPLOAD,
P-0130,P-0130,P-0130.jpg,P-0130_1.jpg,6609,,,READY_FOR_UPLOAD,
P-0131,P-0131,P-0131.jpg,P-0131_1.jpg,6609,,,READY_FOR_UPLOAD,
P-0132,P-0132,P-0132.jpg,P-0132_1.jpg,6619,,,READY_FOR_UPLOAD,
P-0133,P-0133,P-0133.jpg,P-0133_1.jpg,6609,,,READY_FOR_UPLOAD,
P-0134,P-0134,P-0134.jpg,P-0134_1.jpg,6609,,,READY_FOR_UPLOAD,
P-0135,P-0135,P-0135.jpg,P-0135_1.jpg,6619,,,READY_FOR_UPLOAD,
P-0136,P-0136,P-0136.jpg,P-0136_1.jpg,6608,,,READY_FOR_UPLOAD,
P-0137,P-0137,P-0137.jpg,P-0137_1.jpg,6619,,,READY_FOR_UPLOAD,
P-0138,P-0138,P-0138.jpg,P-0138_1.jpg,6609,,,READY_FOR_UPLOAD,
P-0139,P-0139,P-0139.jpg,P-0139_1.jpg,6619,,,READY_FOR_UPLOAD,
P-0140,P-0140,P-0140.jpg,P-0140_1.jpg,6609,,,READY_FOR_UPLOAD,
P-0141,P-0141,P-0141.jpg,P-0141_1.jpg,6609,,,READY_FOR_UPLOAD,
P-0142,P-0142,P-0142.jpg,P-0142_1.jpg,6619,,,READY_FOR_UPLOAD,
P-0143,P-0143,P-0143.jpg,P-0143_1.jpg,6609,,,READY_FOR_UPLOAD,
P-0144,P-0144,P-0144.jpg,P-0144_1.jpg,6609,,,READY_FOR_UPLOAD,
P-0145,P-0145,P-0145.jpg,P-0145_1.jpg,6609,,,READY_FOR_UPLOAD,
P-0146,P-0146,P-0146.jpg,P-0146_1.jpg,6619,,,READY_FOR_UPLOAD,
P-0147,P-0147,P-0147.jpg,P-0147_1.jpg,6609,,,READY_FOR_UPLOAD,
P-0148,P-0148,P-0148.jpg,P-0148_1.jpg,6619,,,READY_FOR_UPLOAD,
P-0149,P-0149,P-0149.jpg,P-0149_1.jpg,6609,,,READY_FOR_UPLOAD,
P-0150,P-0150,P-0150.jpg,P-0150_1.jpg,6619,,,READY_FOR_UPLOAD,
P-0151,P-0151,P-0151.jpg,P-0151_1.jpg,6609,,,READY_FOR_UPLOAD,
P-0152,P-0152,P-0152.jpg,P-0152_1.jpg,6619,,,READY_FOR_UPLOAD,
P-0153,P-0153,P-0153.jpg,P-0153_1.jpg,6619,,,READY_FOR_UPLOAD,
P-0154,P-0154,P-0154.jpg,P-0154_1.jpg,6609,,,READY_FOR_UPLOAD,
P-0155,P-0155,P-0155.jpg,P-0155_1.jpg,6619,,,READY_FOR_UPLOAD,
P-0156,P-0156,P-0156.jpg,P-0156_1.jpg,6609,,,READY_FOR_UPLOAD,
P-0157,P-0157,P-0157.jpg,P-0157_1.jpg,6619,,,READY_FOR_UPLOAD,
P-0158,P-0158,P-0158.jpg,P-0158_1.jpg,6619,,,READY_FOR_UPLOAD,
P-0159,P-0159,P-0159.jpg,P-0159_1.jpg,6609,,,READY_FOR_UPLOAD,
P-0160,P-0160,P-0160.jpg,P-0160_1.jpg,6609,,,READY_FOR_UPLOAD,
P-0161,P-0161,P-0161.jpg,P-0161_1.jpg,6619,,,READY_FOR_UPLOAD,
P-0162,P-0162,P-0162.jpg,P-0162_1.jpg,6610,,,READY_FOR_UPLOAD,
P-0163,P-0163,P-0163.jpg,P-0163_1.jpg,6608,,,READY_FOR_UPLOAD,
P-0164,P-0164,P-0164.jpg,P-0164_1.jpg,6610,,,READY_FOR_UPLOAD,
P-0165,P-0165,P-0165.jpg,P-0165_1.jpg,6609,,,READY_FOR_UPLOAD,
P-0166,P-0166,P-0166.jpg,P-0166_1.jpg,6610,,,READY_FOR_UPLOAD,
P-0167,P-0167,P-0167.jpg,P-0167_1.jpg,6609,,,READY_FOR_UPLOAD,
P-0168,P-0168,P-0168.jpg,P-0168_1.jpg,6610,,,READY_FOR_UPLOAD,
P-0169,P-0169,P-0169.jpg,P-0169_1.jpg,6610,,,READY_FOR_UPLOAD,
P-0170,P-0170,P-0170.jpg,,6609,,,DUPLICATE,
P-0171,P-0171,P-0171.jpg,P-0171_1.jpg,6609,,,READY_FOR_UPLOAD,
P-0172,P-0172,P-0172.jpg,P-0172_1.jpg,6609,,,READY_FOR_UPLOAD,
P-0173,P-0173,P-0173.jpg,P-0173_1.jpg,6609,,,READY_FOR_UPLOAD,
P-0174,P-0174,P-0174.jpg,P-0174_1.jpg,6610,,,READY_FOR_UPLOAD,
P-0175,P-0175,P-0175.jpg,P-0175_1.jpg,6619,,,READY_FOR_UPLOAD,
P-0176,P-0176,P-0176.jpg,P-0176_1.jpg,6619,,,READY_FOR_UPLOAD,
P-0177,P-0177,P-0177.jpg,P-0177_1.jpg,6609,,,READY_FOR_UPLOAD,
P-0178,P-0178,P-0178.jpg,P-0178_1.jpg,6609,,,READY_FOR_UPLOAD,
P-0179,P-0179,P-0179.jpg,P-0179_1.jpg,6610,,,READY_FOR_UPLOAD,
P-0180,P-0180,P-0180.jpg,P-0180_1.jpg,6619,,,READY_FOR_UPLOAD,
P-0181,P-0181,P-0181.jpg,P-0181_1.jpg,6619,,,READY_FOR_UPLOAD,
P-0182,P-0182,P-0182.jpg,P-0182_1.jpg,6609,,,READY_FOR_UPLOAD,
P-0183,P-0183,P-0183.jpg,P-0183_1.jpg,6609,,,READY_FOR_UPLOAD,
P-0184,P-0184,P-0184.jpg,P-0184_1.jpg,6609,,,READY_FOR_UPLOAD,
P-0185,P-0185,P-0185.jpg,P-0185_1.jpg,6619,,,READY_FOR_UPLOAD,
P-0186,P-0186,P-0186.jpg,P-0186_1.jpg,6609,,,READY_FOR_UPLOAD,
P-0187,P-0187,P-0187.jpg,P-0187_1.jpg,6609,,,READY_FOR_UPLOAD,
P-0188,P-0188,P-0188.jpg,P-0188_1.jpg,6619,,,READY_FOR_UPLOAD,
P-0189,P-0189,P-0189.jpg,P-0189_1.jpg,6610,,,READY_FOR_UPLOAD,
P-0190,P-0190,P-0190.jpg,P-0190_1.jpg,6610,,,READY_FOR_UPLOAD,
P-0191,P-0191,P-0191.jpg,P-0191_1.jpg,6609,,,READY_FOR_UPLOAD,
P-0192,P-0192,P-0192.jpg,P-0192_1.jpg,6609,,,READY_FOR_UPLOAD,
P-0193,P-0193,P-0193.jpg,P-0193_1.jpg,6609,,,READY_FOR_UPLOAD,
P-0194,P-0194,P-0194.jpg,P-0194_1.jpg,6608,,,READY_FOR_UPLOAD,
P-0195,P-0195,P-0195.jpg,P-0195_1.jpg,6609,,,READY_FOR_UPLOAD,
P-0196,P-0196,P-0196.jpg,P-0196_1.jpg,6609,,,READY_FOR_UPLOAD,
P-0197,P-0197,P-0197.jpg,P-0197_1.jpg,6608,,,READY_FOR_UPLOAD,
P-0198,P-0198,P-0198.jpg,P-0198_1.jpg,6610,,,READY_FOR_UPLOAD,
P-0199,P-0199,P-0199.jpg,P-0199_1.jpg,6609,,,READY_FOR_UPLOAD,
P-0200,P-0200,P-0200.jpg,P-0200_1.jpg,6609,,,READY_FOR_UPLOAD,
P-0201,P-0201,P-0201.jpg,P-0201_1.jpg,6619,,,READY_FOR_UPLOAD,
P-0202,P-0202,P-0202.jpg,P-0202_1.jpg,6609,,,READY_FOR_UPLOAD,
P-0203,P-0203,P-0203.jpg,P-0203_1.jpg,6610,,,READY_FOR_UPLOAD,
P-0204,P-0204,P-0204.jpg,P-0204_1.jpg,6609,,,READY_FOR_UPLOAD,
P-0205,P-0205,P-0205.jpg,P-0205_1.jpg,6609,,,READY_FOR_UPLOAD,
P-0206,P-0206,P-0206.jpg,P-0206_1.jpg,6608,,,READY_FOR_UPLOAD,
P-0207,P-0207,P-0207.jpg,P-0207_1.jpg,6609,,,READY_FOR_UPLOAD,
P-0208,P-0208,P-0208.jpg,P-0208_1.jpg,6609,,,READY_FOR_UPLOAD,
P-0209,P-0209,P-0209.jpg,P-0209_1.jpg,6609,,,READY_FOR_UPLOAD,
P-0210,P-0210,P-0210.jpg,P-0210_1.jpg,6609,,,READY_FOR_UPLOAD,
P-0211,P-0211,P-0211.jpg,P-0211_1.jpg,6610,,,READY_FOR_UPLOAD,
P-0212,P-0212,P-0212.jpg,P-0212_1.jpg,6608,,,READY_FOR_UPLOAD,
P-0213,P-0213,P-0213.jpg,P-0213_1.jpg,6609,,,READY_FOR_UPLOAD,
P-0214,P-0214,P-0214.jpg,P-0214_1.jpg,6609,,,READY_FOR_UPLOAD,
P-0215,P-0215,P-0215.jpg,P-0215_1.jpg,6623,,,READY_FOR_UPLOAD,
P-0216,P-0216,P-0216.jpg,P-0216_1.jpg,6609,,,READY_FOR_UPLOAD,
P-0217,P-0217,P-0217.jpg,P-0217_1.jpg,6609,,,READY_FOR_UPLOAD,
P-0218,P-0218,P-0218.jpg,P-0218_1.jpg,6609,,,READY_FOR_UPLOAD,
P-0219,P-0219,P-0219.jpg,P-0219_1.jpg,6609,,,READY_FOR_UPLOAD,
P-0220,P-0220,P-0220.jpg,P-0220_1.jpg,6610,,,READY_FOR_UPLOAD,
P-0221,P-0221,P-0221.jpg,P-0221_1.jpg,6609,,,READY_FOR_UPLOAD,
P-0222,P-0222,P-0222.jpg,P-0222_1.jpg,6609,,,READY_FOR_UPLOAD,
P-0223,P-0223,P-0223.jpg,P-0223_1.jpg,6609,,,READY_FOR_UPLOAD,
P-0224,P-0224,P-0224.jpg,P-0224_1.jpg,6609,,,READY_FOR_UPLOAD,
P-0225,P-0225,P-0225.jpg,P-0225_1.jpg,6609,,,READY_FOR_UPLOAD,
P-0226,P-0226,P-0226.jpg,P-0226_1.jpg,6609,,,READY_FOR_UPLOAD,
P-0227,P-0227,P-0227.jpg,P-0227_1.jpg,6609,,,READY_FOR_UPLOAD,
P-0228,P-0228,P-0228.jpg,P-0228_1.jpg,6619,,,READY_FOR_UPLOAD,
P-0229,P-0229,P-0229.jpg,P-0229_1.jpg,6609,,,READY_FOR_UPLOAD,
P-0230,P-0230,P-0230.jpg,P-0230_1.jpg,6610,,,READY_FOR_UPLOAD,
P-0231,P-0231,P-0231.jpg,P-0231_1.jpg,6609,,,READY_FOR_UPLOAD,
P-0232,P-0232,P-0232.jpg,P-0232_1.jpg,6609,,,READY_FOR_UPLOAD,
P-0233,P-0233,P-0233.jpg,P-0233_1.jpg,6609,,,READY_FOR_UPLOAD,
P-0234,P-0234,P-0234.jpg,P-0234_1.jpg,6619,,,READY_FOR_UPLOAD,
P-0235,P-0235,P-0235.jpg,P-0235_1.jpg,6609,,,READY_FOR_UPLOAD,
P-0236,P-0236,P-0236.jpg,P-0236_1.jpg,6619,,,READY_FOR_UPLOAD,
P-0237,P-0237,P-0237.jpg,P-0237_1.jpg,6619,,,READY_FOR_UPLOAD,
P-0238,P-0238,P-0238.jpg,P-0238_1.jpg,6619,,,READY_FOR_UPLOAD,
P-0239,P-0239,P-0239.jpg,P-0239_1.jpg,6619,,,READY_FOR_UPLOAD,
P-0240,P-0240,P-0240.jpg,P-0240_1.jpg,6609,,,READY_FOR_UPLOAD,
P-0241,P-0241,P-0241.jpg,P-0241_1.jpg,6609,,,READY_FOR_UPLOAD,
P-0242,P-0242,P-0242.jpg,P-0242_1.jpg,6609,,,READY_FOR_UPLOAD,
P-0243,P-0243,P-0243.jpg,P-0243_1.jpg,6609,,,READY_FOR_UPLOAD,
P-0244,P-0244,P-0244.jpg,P-0244_1.jpg,6610,,,READY_FOR_UPLOAD,
P-0247,P-0247,P-0247.jpg,P-0247_1.jpg,6608,,,READY_FOR_UPLOAD,
P-0250,P-0250,P-0250.jpg,P-0250_1.jpg,6610,,,READY_FOR_UPLOAD,
P-0251,P-0251,P-0251.jpg,P-0251_1.jpg,6608,,,READY_FOR_UPLOAD,
P-0252,P-0252,P-0252.jpg,P-0252_1.jpg,6608,,,READY_FOR_UPLOAD,
P-0253,P-0253,P-0253.jpg,P-0253_1.jpg,6609,,,READY_FOR_UPLOAD,
P-0254,P-0254,P-0254.jpg,P-0254_1.jpg,6610,,,READY_FOR_UPLOAD,
P-0255,P-0255,P-0255.jpg,P-0255_1.jpg,6610,,,READY_FOR_UPLOAD,
P-0256,P-0256,P-0256.jpg,P-0256_1.jpg,6608,,,READY_FOR_UPLOAD,
P-0257,P-0257,P-0257.jpg,P-0257_1.jpg,6623,,,READY_FOR_UPLOAD,
P-0258,P-0258,P-0258.jpg,P-0258_1.jpg,6608,,,READY_FOR_UPLOAD,
P-0259,P-0259,P-0259.jpg,P-0259_1.jpg,6609,,,READY_FOR_UPLOAD,
P-0261,P-0261,P-0261.jpg,P-0261_1.jpg,6608,,,READY_FOR_UPLOAD,
P-0262,P-0262,P-0262.jpg,P-0262_1.jpg,6609,,,READY_FOR_UPLOAD,
P-0263,P-0263,P-0263.jpg,P-0263_1.jpg,6623,,,READY_FOR_UPLOAD,
P-0264,P-0264,P-0264.jpg,P-0264_1.jpg,6610,,,READY_FOR_UPLOAD,
P-0265,P-0265,P-0265.jpg,P-0265_1.jpg,6609,,,READY_FOR_UPLOAD,
P-0266,P-0266,P-0266.jpg,P-0266_1.jpg,6610,,,READY_FOR_UPLOAD,
P-0267,P-0267,P-0267.jpg,P-0267_1.jpg,6608,,,READY_FOR_UPLOAD,
P-0268,P-0268,P-0268.jpg,P-0268_1.jpg,6623,,,READY_FOR_UPLOAD,
P-0269,P-0269,P-0269.jpg,P-0269_1.jpg,6608,,,READY_FOR_UPLOAD,
P-0270,P-0270,P-0270.jpg,P-0270_1.jpg,6623,,,READY_FOR_UPLOAD,
P-0271,P-0271,P-0271.jpg,P-0271_1.jpg,6608,,,READY_FOR_UPLOAD,
P-0272,P-0272,P-0272.jpg,P-0272_1.jpg,6608,,,READY_FOR_UPLOAD,
P-0273,P-0273,P-0273.jpg,P-0273_1.jpg,6609,,,READY_FOR_UPLOAD,
P-0274,P-0274,P-0274.jpg,P-0274_1.jpg,6608,,,READY_FOR_UPLOAD,
P-0275,P-0275,P-0275.jpg,P-0275_1.jpg,6608,,,READY_FOR_UPLOAD,
P-0276,P-0276,P-0276.jpg,P-0276_1.jpg,6608,,,READY_FOR_UPLOAD,
P-0277,P-0277,P-0277.jpg,P-0277_1.jpg,6608,,,READY_FOR_UPLOAD,
P-0278,P-0278,P-0278.jpg,P-0278_1.jpg,6609,,,READY_FOR_UPLOAD,
P-0279,P-0279,P-0279.jpg,P-0279_1.jpg,6623,,,READY_FOR_UPLOAD,
P-0280,P-0280,P-0280.jpg,P-0280_1.jpg,6608,,,READY_FOR_UPLOAD,
P-0281,P-0281,P-0281.jpg,P-0281_1.jpg,6623,,,READY_FOR_UPLOAD,
P-0282,P-0282,P-0282.jpg,P-0282_1.jpg,6619,,,READY_FOR_UPLOAD,
P-0283,P-0283,P-0283.jpg,P-0283_1.jpg,6619,,,READY_FOR_UPLOAD,
P-0284,P-0284,P-0284.jpg,P-0284_1.jpg,6608,,,READY_FOR_UPLOAD,
P-0285,P-0285,P-0285.jpg,P-0285_1.jpg,6609,,,READY_FOR_UPLOAD,
P-0286,P-0286,P-0286.jpg,P-0286_1.jpg,6610,,,READY_FOR_UPLOAD,
P-0287,P-0287,P-0287.jpg,P-0287_1.jpg,6608,,,READY_FOR_UPLOAD,
P-0288,P-0288,P-0288.jpg,P-0288_1.jpg,6623,,,READY_FOR_UPLOAD,
P-0289,P-0289,P-0289.jpg,P-0289_1.jpg,6609,,,READY_FOR_UPLOAD,
P-0290,P-0290,P-0290.jpg,P-0290_1.jpg,6608,,,READY_FOR_UPLOAD,
P-0291,P-0291,P-0291.jpg,P-0291_1.jpg,6609,,,READY_FOR_UPLOAD,
P-0292,P-0292,P-0292.jpg,P-0292_1.jpg,6609,,,READY_FOR_UPLOAD,
P-0293,P-0293,P-0293.jpg,P-0293_1.jpg,6609,,,READY_FOR_UPLOAD,
P-0294,P-0294,P-0294.jpg,P-0294_1.jpg,6610,,,READY_FOR_UPLOAD,
P-0295,P-0295,P-0295.jpg,P-0295_1.jpg,6610,,,READY_FOR_UPLOAD,
P-0296,P-0296,P-0296.jpg,P-0296_1.jpg,6619,,,READY_FOR_UPLOAD,
P-0297,P-0297,P-0297.jpg,P-0297_1.jpg,6619,,,READY_FOR_UPLOAD,
P-0298,P-0298,P-0298.jpg,P-0298_1.jpg,6609,,,READY_FOR_UPLOAD,
P-0299,P-0299,P-0299.jpg,P-0299_1.jpg,6609,,,READY_FOR_UPLOAD,
P-0300,P-0300,P-0300.jpg,P-0300_1.jpg,6609,,,READY_FOR_UPLOAD,
P-0301,P-0301,P-0301.jpg,P-0301_1.jpg,6608,,,READY_FOR_UPLOAD,
P-0302,P-0302,P-0302.jpg,P-0302_1.jpg,6608,,,READY_FOR_UPLOAD,
P-0303,P-0303,P-0303.jpg,P-0303_1.jpg,6609,,,READY_FOR_UPLOAD,
P-0304,P-0304,P-0304.jpg,P-0304_1.jpg,6609,,,READY_FOR_UPLOAD,
P-0305,P-0305,P-0305.jpg,P-0305_1.jpg,6608,,,READY_FOR_UPLOAD,
P-0306,P-0306,P-0306.jpg,P-0306_1.jpg,6623,,,READY_FOR_UPLOAD,
P-0307,P-0307,P-0307.jpg,P-0307_1.jpg,6610,,,READY_FOR_UPLOAD,
P-0308,P-0308,P-0308.jpg,P-0308_1.jpg,6609,,,READY_FOR_UPLOAD,
P-0309,P-0309,P-0309.jpg,P-0309_1.jpg,6609,,,READY_FOR_UPLOAD,
P-0310,P-0310,P-0310.jpg,P-0310_1.jpg,6609,,,READY_FOR_UPLOAD,
P-0311,P-0311,P-0311.jpg,P-0311_1.jpg,6609,,,READY_FOR_UPLOAD,
P-0312,P-0312,P-0312.jpg,P-0312_1.jpg,6608,,,READY_FOR_UPLOAD,
P-0313,P-0313,P-0313.jpg,P-0313_1.jpg,6610,,,READY_FOR_UPLOAD,
P-0314,P-0314,P-0314.jpg,P-0314_1.jpg,6610,,,READY_FOR_UPLOAD,
P-0315,P-0315,P-0315.jpg,P-0315_1.jpg,6609,,,READY_FOR_UPLOAD,
P-0316,P-0316,P-0316.jpg,P-0316_1.jpg,6610,,,READY_FOR_UPLOAD,
P-0317,P-0317,P-0317.jpg,P-0317_1.jpg,6608,,,READY_FOR_UPLOAD,
P-0318,P-0318,P-0318.jpg,P-0318_1.jpg,6609,,,READY_FOR_UPLOAD,
P-0319,P-0319,P-0319.jpg,P-0319_1.jpg,6609,,,READY_FOR_UPLOAD,
P-0320,P-0320,P-0320.jpg,P-0320_1.jpg,6610,,,READY_FOR_UPLOAD,
P-0321,P-0321,P-0321.jpg,P-0321_1.jpg,6619,,,READY_FOR_UPLOAD,
P-0322,P-0322,P-0322.jpg,P-0322_1.jpg,6610,,,READY_FOR_UPLOAD,
P-0323,P-0323,P-0323.jpg,P-0323_1.jpg,6608,,,READY_FOR_UPLOAD,
P-0324,P-0324,P-0324.jpg,P-0324_1.jpg,6609,,,READY_FOR_UPLOAD,
P-0325,P-0325,P-0325.jpg,P-0325_1.jpg,6609,,,READY_FOR_UPLOAD,
P-0326,P-0326,P-0326.jpg,P-0326_1.jpg,6619,,,READY_FOR_UPLOAD,
P-0327,P-0327,P-0327.jpg,P-0327_1.jpg,6619,,,READY_FOR_UPLOAD,
P-0328,P-0328,P-0328.jpg,P-0328_1.jpg,6609,,,READY_FOR_UPLOAD,
P-0329,P-0329,P-0329.jpg,P-0329_1.jpg,6609,,,READY_FOR_UPLOAD,
P-0330,P-0330,P-0330.jpg,P-0330_1.jpg,6619,,,READY_FOR_UPLOAD,
P-0333,P-0333,P-0333.jpg,P-0333_1.jpg,6619,,,READY_FOR_UPLOAD,
P-0334,P-0334,P-0334.jpg,P-0334_1.jpg,6609,,,READY_FOR_UPLOAD,
P-0335,P-0335,P-0335.jpg,P-0335_1.jpg,6608,,,READY_FOR_UPLOAD,
P-0336,P-0336,P-0336.jpg,P-0336_1.jpg,6609,,,READY_FOR_UPLOAD,
P-0337,P-0337,P-0337.jpg,P-0337_1.jpg,6609,,,READY_FOR_UPLOAD,
P-0338,P-0338,P-0338.jpg,P-0338_1.jpg,6609,,,READY_FOR_UPLOAD,
P-0339,P-0339,P-0339.jpg,P-0339_1.jpg,6609,,,READY_FOR_UPLOAD,
P-0340,P-0340,P-0340.jpg,P-0340_1.jpg,6610,,,READY_FOR_UPLOAD,
P-0341,P-0341,P-0341.jpg,P-0341_1.jpg,6610,,,READY_FOR_UPLOAD,
P-0342,P-0342,P-0342.jpg,P-0342_1.jpg,6610,,,READY_FOR_UPLOAD,
P-0343,P-0343,P-0343.jpg,P-0343_1.jpg,6609,,,READY_FOR_UPLOAD,
P-0344,P-0344,P-0344.jpg,P-0344_1.jpg,6608,,,READY_FOR_UPLOAD,
P-0345,P-0345,P-0345.jpg,P-0345_1.jpg,6609,,,READY_FOR_UPLOAD,
P-0346,P-0346,P-0346.jpg,P-0346_1.jpg,6609,,,READY_FOR_UPLOAD,
P-0347,P-0347,P-0347.jpg,P-0347_1.jpg,6619,,,READY_FOR_UPLOAD,
P-0348,P-0348,P-0348.jpg,P-0348_1.jpg,6619,,,READY_FOR_UPLOAD,
P-0349,P-0349,P-0349.jpg,P-0349_1.jpg,6619,,,READY_FOR_UPLOAD,
P-0350,P-0350,P-0350.jpg,P-0350_1.jpg,6609,,,READY_FOR_UPLOAD,
P-0351,P-0351,P-0351.jpg,P-0351_1.jpg,6619,,,READY_FOR_UPLOAD,
P-0352,P-0352,P-0352.jpg,P-0352_1.jpg,6609,,,READY_FOR_UPLOAD,
P-0353,P-0353,P-0353.jpg,P-0353_1.jpg,6609,,,READY_FOR_UPLOAD,
P-0354,P-0354,P-0354.jpg,P-0354_1.jpg,6619,,,READY_FOR_UPLOAD,
P-0355,P-0355,P-0355.jpg,P-0355_1.jpg,6609,,,READY_FOR_UPLOAD,
P-0356,P-0356,P-0356.jpg,P-0356_1.jpg,6609,,,READY_FOR_UPLOAD,
P-0357,P-0357,P-0357.jpg,P-0357_1.jpg,6609,,,READY_FOR_UPLOAD,
P-0358,P-0358,P-0358.jpg,P-0358_1.jpg,6610,,,READY_FOR_UPLOAD,
P-0359,P-0359,P-0359.jpg,P-0359_1.jpg,6609,,,READY_FOR_UPLOAD,
P-0360,P-0360,P-0360.jpg,P-0360_1.jpg,6619,,,READY_FOR_UPLOAD,
P-0361,P-0361,P-0361.jpg,P-0361_1.jpg,6619,,,READY_FOR_UPLOAD,
P-0362,P-0362,P-0362.jpg,P-0362_1.jpg,6619,,,READY_FOR_UPLOAD,
P-0363,P-0363,P-0363.jpg,P-0363_1.jpg,6619,,,READY_FOR_UPLOAD,
P-0364,P-0364,P-0364.jpg,P-0364_1.jpg,6619,,,READY_FOR_UPLOAD,
P-0365,P-0365,P-0365.jpg,P-0365_1.jpg,6609,,,READY_FOR_UPLOAD,
P-0366,P-0366,P-0366.jpg,P-0366_1.jpg,6609,,,READY_FOR_UPLOAD,
P-0367,P-0367,P-0367.jpg,P-0367_1.jpg,6609,,,READY_FOR_UPLOAD,
P-0368,P-0368,P-0368.jpg,P-0368_1.jpg,6609,,,READY_FOR_UPLOAD,
P-0369,P-0369,P-0369.jpg,P-0369_1.jpg,6608,,,READY_FOR_UPLOAD,
P-0370,P-0370,P-0370.jpg,P-0370_1.jpg,6619,,,READY_FOR_UPLOAD,
P-0371,P-0371,P-0371.jpg,P-0371_1.jpg,6610,,,READY_FOR_UPLOAD,
P-0372,P-0372,P-0372.jpg,P-0372_1.jpg,6608,,,READY_FOR_UPLOAD,
P-0373,P-0373,P-0373.jpg,P-0373_1.jpg,6619,,,READY_FOR_UPLOAD,
P-0374,P-0374,P-0374.jpg,P-0374_1.jpg,6610,,,READY_FOR_UPLOAD,
P-0375,P-0375,P-0375.jpg,P-0375_1.jpg,6610,,,READY_FOR_UPLOAD,
P-0376,P-0376,P-0376.jpg,P-0376_1.jpg,6608,,,READY_FOR_UPLOAD,
P-0377,P-0377,P-0377.jpg,P-0377_1.jpg,6608,,,READY_FOR_UPLOAD,
P-0382,P-0382,P-0382.jpg,P-0382_1.jpg,6609,,,READY_FOR_UPLOAD,
P-0383,P-0383,P-0383.jpg,P-0383_1.jpg,6619,,,READY_FOR_UPLOAD,
P-0384,P-0384,P-0384.jpg,P-0384_1.jpg,6609,,,READY_FOR_UPLOAD,
P-0385,P-0385,P-0385.jpg,P-0385_1.jpg,6609,,,READY_FOR_UPLOAD,
P-0386,P-0386,P-0386.jpg,P-0386_1.jpg,6609,,,READY_FOR_UPLOAD,
P-0387,P-0387,P-0387.jpg,P-0387_1.jpg,6619,,,READY_FOR_UPLOAD,
P-0388,P-0388,P-0388.jpg,P-0388_1.jpg,6609,,,READY_FOR_UPLOAD,
P-0389,P-0389,P-0389.jpg,P-0389_1.jpg,6619,,,READY_FOR_UPLOAD,
P-0390,P-0390,P-0390.jpg,P-0390_1.jpg,6609,,,READY_FOR_UPLOAD,
P-0391,P-0391,P-0391.jpg,P-0391_1.jpg,6619,,,READY_FOR_UPLOAD,
P-0392,P-0392,P-0392.jpg,P-0392_1.jpg,6609,,,READY_FOR_UPLOAD,
P-0393,P-0393,P-0393.jpg,P-0393_1.jpg,6609,,,READY_FOR_UPLOAD,
P-0394,P-0394,P-0394.jpg,P-0394_1.jpg,6619,,,READY_FOR_UPLOAD,
P-0395,P-0395,P-0395.jpg,P-0395_1.jpg,6609,,,READY_FOR_UPLOAD,
P-0396,P-0396,P-0396.jpg,P-0396_1.jpg,6609,,,READY_FOR_UPLOAD,
P-0397,P-0397,P-0397.jpg,P-0397_1.jpg,6609,,,READY_FOR_UPLOAD,
P-0398,P-0398,P-0398.jpg,P-0398_1.jpg,6619,,,READY_FOR_UPLOAD,
P-0399,P-0399,P-0399.jpg,P-0399_1.jpg,6619,,,READY_FOR_UPLOAD,
P-0400,P-0400,P-0400.jpg,P-0400_1.jpg,6619,,,READY_FOR_UPLOAD,
P-0401,P-0401,P-0401.jpg,P-0401_1.jpg,6609,,,READY_FOR_UPLOAD,
P-0402,P-0402,P-0402.jpg,P-0402_1.jpg,6610,,,READY_FOR_UPLOAD,
P-0403,P-0403,P-0403.jpg,P-0403_1.jpg,6619,,,READY_FOR_UPLOAD,
P-0404,P-0404,P-0404.jpg,P-0404_1.jpg,6609,,,READY_FOR_UPLOAD,
P-0405,P-0405,P-0405.jpg,P-0405_1.jpg,6619,,,READY_FOR_UPLOAD,
P-0406,P-0406,P-0406.jpg,P-0406_1.jpg,6619,,,READY_FOR_UPLOAD,
P-0407,P-0407,P-0407.jpg,P-0407_1.jpg,6619,,,READY_FOR_UPLOAD,
P-0408,P-0408,P-0408.jpg,P-0408_1.jpg,6619,,,READY_FOR_UPLOAD,
P-0409,P-0409,P-0409.jpg,P-0409_1.jpg,6619,,,READY_FOR_UPLOAD,
P-0410,P-0410,P-0410.jpg,P-0410_1.jpg,6609,,,READY_FOR_UPLOAD,
P-0411,P-0411,P-0411.jpg,P-0411_1.jpg,6609,,,READY_FOR_UPLOAD,
P-0412,P-0412,P-0412.jpg,P-0412_1.jpg,6609,,,READY_FOR_UPLOAD,
P-0413,P-0413,P-0413.jpg,P-0413_1.jpg,6609,,,READY_FOR_UPLOAD,
P-0414,P-0414,P-0414.jpg,P-0414_1.jpg,6609,,,READY_FOR_UPLOAD,
P-0415,P-0415,P-0415.jpg,P-0415_1.jpg,6609,,,READY_FOR_UPLOAD,
P-0416,P-0416,P-0416.jpg,P-0416_1.jpg,6609,,,READY_FOR_UPLOAD,
P-0417,P-0417,P-0417.jpg,P-0417_1.jpg,6609,,,READY_FOR_UPLOAD,
P-0418,P-0418,P-0418.jpg,P-0418_1.jpg,6619,,,READY_FOR_UPLOAD,
P-0419,P-0419,P-0419.jpg,P-0419_1.jpg,6609,,,READY_FOR_UPLOAD,
P-0420,P-0420,P-0420.jpg,P-0420_1.jpg,6608,,,READY_FOR_UPLOAD,
P-0421,P-0421,P-0421.jpg,P-0421_1.jpg,6609,,,READY_FOR_UPLOAD,
P-0422,P-0422,P-0422.jpg,P-0422_1.jpg,6619,,,READY_FOR_UPLOAD,
P-0423,P-0423,P-0423.jpg,P-0423_1.jpg,6608,,,READY_FOR_UPLOAD,
P-0424,P-0424,P-0424.jpg,P-0424_1.jpg,6609,,,READY_FOR_UPLOAD,
P-0425,P-0425,P-0425.jpg,P-0425_1.jpg,6609,,,READY_FOR_UPLOAD,
P-0426,P-0426,P-0426.jpg,P-0426_1.jpg,6619,,,READY_FOR_UPLOAD,
P-0427,P-0427,P-0427.jpg,P-0427_1.jpg,6609,,,READY_FOR_UPLOAD,
P-0428,P-0428,P-0428.jpg,P-0428_1.jpg,6609,,,READY_FOR_UPLOAD,
P-0429,P-0429,P-0429.jpg,P-0429_1.jpg,6609,,,READY_FOR_UPLOAD,
P-0430,P-0430,P-0430.jpg,P-0430_1.jpg,6609,,,READY_FOR_UPLOAD,
P-0431,P-0431,P-0431.jpg,P-0431_1.jpg,6619,,,READY_FOR_UPLOAD,
P-0432,P-0432,P-0432.jpg,P-0432_1.jpg,6609,,,READY_FOR_UPLOAD,
P-0433,P-0433,P-0433.jpg,P-0433_1.jpg,6609,,,READY_FOR_UPLOAD,
P-0434,P-0434,P-0434.jpg,P-0434_1.jpg,6609,,,READY_FOR_UPLOAD,
P-0435,P-0435,P-0435.jpg,P-0435_1.jpg,6609,,,READY_FOR_UPLOAD,
P-0436,P-0436,P-0436.jpg,P-0436_1.jpg,6619,,,READY_FOR_UPLOAD,
P-0437,P-0437,P-0437.jpg,P-0437_1.jpg,6609,,,READY_FOR_UPLOAD,
P-0438,P-0438,P-0438.jpg,P-0438_1.jpg,6610,,,READY_FOR_UPLOAD,
P-0439,P-0439,P-0439.jpg,P-0439_1.jpg,6610,,,READY_FOR_UPLOAD,
P-0440,P-0440,P-0440.jpg,P-0440_1.jpg,6608,,,READY_FOR_UPLOAD,
P-0441,P-0441,P-0441.jpg,P-0441_1.jpg,6610,,,READY_FOR_UPLOAD,
P-0442,P-0442,P-0442.jpg,P-0442_1.jpg,6610,,,READY_FOR_UPLOAD,
P-0443,P-0443,P-0443.jpg,P-0443_1.jpg,6610,,,READY_FOR_UPLOAD,
P-0444,P-0444,P-0444.jpg,P-0444_1.jpg,6610,,,READY_FOR_UPLOAD,
P-0445,P-0445,P-0445.jpg,P-0445_1.jpg,6610,,,READY_FOR_UPLOAD,
P-0446,P-0446,P-0446.jpg,P-0446_1.jpg,6610,,,READY_FOR_UPLOAD,
P-0447,P-0447,P-0447.jpg,P-0447_1.jpg,6609,,,READY_FOR_UPLOAD,
P-0448,P-0448,P-0448.jpg,P-0448_1.jpg,6609,,,READY_FOR_UPLOAD,
P-0449,P-0449,P-0449.jpg,P-0449_1.jpg,6609,,,READY_FOR_UPLOAD,
P-0450,P-0450,P-0450.jpg,P-0450_1.jpg,6610,,,READY_FOR_UPLOAD,
P-0451,P-0451,P-0451.jpg,P-0451_1.jpg,6610,,,READY_FOR_UPLOAD,
P-0452,P-0452,P-0452.jpg,P-0452_1.jpg,6610,,,READY_FOR_UPLOAD,
P-0453,P-0453,P-0453.jpg,P-0453_1.jpg,6609,,,READY_FOR_UPLOAD,
P-0454,P-0454,P-0454.jpg,P-0454_1.jpg,6609,,,READY_FOR_UPLOAD,
P-0455,P-0455,P-0455.jpg,P-0455_1.jpg,6609,,,READY_FOR_UPLOAD,
P-0456,P-0456,P-0456.jpg,P-0456_1.jpg,6610,,,READY_FOR_UPLOAD,
P-0457,P-0457,P-0457.jpg,P-0457_1.jpg,6609,,,READY_FOR_UPLOAD,
P-0458,P-0458,P-0458.jpg,P-0458_1.jpg,6610,,,READY_FOR_UPLOAD,
P-0459,P-0459,P-0459.jpg,P-0459_1.jpg,6610,,,READY_FOR_UPLOAD,
P-0460,P-0460,P-0460.jpg,P-0460_1.jpg,6608,,,READY_FOR_UPLOAD,
P-0461,P-0461,P-0461.jpg,P-0461_1.jpg,6609,,,READY_FOR_UPLOAD,
P-0462,P-0462,P-0462.jpg,P-0462_1.jpg,6610,,,READY_FOR_UPLOAD,
P-0463,P-0463,P-0463.jpg,P-0463_1.jpg,6610,,,READY_FOR_UPLOAD,
P-0464,P-0464,P-0464.jpg,P-0464_1.jpg,6609,,,READY_FOR_UPLOAD,
P-0465,P-0465,P-0465.jpg,P-0465_1.jpg,6609,,,READY_FOR_UPLOAD,
P-0466,P-0466,P-0466.jpg,P-0466_1.jpg,6609,,,READY_FOR_UPLOAD,
P-0467,P-0467,P-0467.jpg,P-0467_1.jpg,6609,,,READY_FOR_UPLOAD,
P-0468,P-0468,P-0468.jpg,P-0468_1.jpg,6608,,,READY_FOR_UPLOAD,
P-0469,P-0469,P-0469.jpg,P-0469_1.jpg,6609,,,READY_FOR_UPLOAD,
P-0470,P-0470,P-0470.jpg,P-0470_1.jpg,6610,,,READY_FOR_UPLOAD,
P-0471,P-0471,P-0471.jpg,P-0471_1.jpg,6610,,,READY_FOR_UPLOAD,
P-0472,P-0472,P-0472.jpg,P-0472_1.jpg,6610,,,READY_FOR_UPLOAD,
P-0473,P-0473,P-0473.jpg,P-0473_1.jpg,6610,,,READY_FOR_UPLOAD,
P-0474,P-0474,P-0474.jpg,P-0474_1.jpg,6610,,,READY_FOR_UPLOAD,
P-0475,P-0475,P-0475.jpg,P-0475_1.jpg,6608,,,READY_FOR_UPLOAD,
P-0476,P-0476,P-0476.jpg,P-0476_1.jpg,6610,,,READY_FOR_UPLOAD,
P-0477,P-0477,P-0477.jpg,P-0477_1.jpg,6609,,,READY_FOR_UPLOAD,
P-0478,P-0478,P-0478.jpg,P-0478_1.jpg,6610,,,READY_FOR_UPLOAD,
P-0479,P-0479,P-0479.jpg,P-0479_1.jpg,6610,,,READY_FOR_UPLOAD,
P-0480,P-0480,P-0480.jpg,P-0480_1.jpg,6609,,,READY_FOR_UPLOAD,
P-0481,P-0481,P-0481.jpg,P-0481_1.jpg,6610,,,READY_FOR_UPLOAD,
P-0482,P-0482,P-0482.jpg,P-0482_1.jpg,6610,,,READY_FOR_UPLOAD,
P-0483,P-0483,P-0483.jpg,P-0483_1.jpg,6610,,,READY_FOR_UPLOAD,
P-0484,P-0484,P-0484.jpg,P-0484_1.jpg,6608,,,READY_FOR_UPLOAD,
P-0485,P-0485,P-0485.jpg,P-0485_1.jpg,6609,,,READY_FOR_UPLOAD,
P-0486,P-0486,P-0486.jpg,P-0486_1.jpg,6609,,,READY_FOR_UPLOAD,
P-0487,P-0487,P-0487.jpg,P-0487_1.jpg,6610,,,READY_FOR_UPLOAD,
P-0488,P-0488,P-0488.jpg,P-0488_1.jpg,6609,,,READY_FOR_UPLOAD,
P-0489,P-0489,P-0489.jpg,P-0489_1.jpg,6609,,,READY_FOR_UPLOAD,
P-0490,P-0490,P-0490.jpg,P-0490_1.jpg,6609,,,READY_FOR_UPLOAD,
P-0491,P-0491,P-0491.jpg,P-0491_1.jpg,6609,,,READY_FOR_UPLOAD,
P-0492,P-0492,P-0492.jpg,P-0492_1.jpg,6619,,,READY_FOR_UPLOAD,
P-0493,P-0493,P-0493.jpg,P-0493_1.jpg,6609,,,READY_FOR_UPLOAD,
P-0494,P-0494,P-0494.jpg,P-0494_1.jpg,6609,,,READY_FOR_UPLOAD,
P-0495,P-0495,P-0495.jpg,P-0495_1.jpg,6609,,,READY_FOR_UPLOAD,
P-0496,P-0496,P-0496.jpg,P-0496_1.jpg,6619,,,READY_FOR_UPLOAD,
P-0497,P-0497,P-0497.jpg,P-0497_1.jpg,6619,,,READY_FOR_UPLOAD,
P-0498,P-0498,P-0498.jpg,P-0498_1.jpg,6609,,,READY_FOR_UPLOAD,
P-0499,P-0499,P-0499.jpg,P-0499_1.jpg,6619,,,READY_FOR_UPLOAD,
P-0500,P-0500,P-0500.jpg,P-0500_1.jpg,6609,,,READY_FOR_UPLOAD,
P-0501,P-0501,P-0501.jpg,P-0501_1.jpg,6609,,,READY_FOR_UPLOAD,
P-0502,P-0502,P-0502.jpg,P-0502_1.jpg,6619,,,READY_FOR_UPLOAD,
P-0503,P-0503,P-0503.jpg,P-0503_1.jpg,6609,,,READY_FOR_UPLOAD,
P-0504,P-0504,P-0504.jpg,P-0504_1.jpg,6609,,,READY_FOR_UPLOAD,
P-0505,P-0505,P-0505.jpg,P-0505_1.jpg,6609,,,READY_FOR_UPLOAD,
P-0506,P-0506,P-0506.jpg,P-0506_1.jpg,6609,,,READY_FOR_UPLOAD,
P-0507,P-0507,P-0507.jpg,P-0507_1.jpg,6609,,,READY_FOR_UPLOAD,
P-0508,P-0508,P-0508.jpg,P-0508_1.jpg,6609,,,READY_FOR_UPLOAD,
P-0509,P-0509,P-0509.jpg,P-0509_1.jpg,6619,,,READY_FOR_UPLOAD,
P-0510,P-0510,P-0510.jpg,P-0510_1.jpg,6609,,,READY_FOR_UPLOAD,
P-0511,P-0511,P-0511.jpg,P-0511_1.jpg,6609,,,READY_FOR_UPLOAD,
P-0512,P-0512,P-0512.jpg,P-0512_1.jpg,6619,,,READY_FOR_UPLOAD,
P-0513,P-0513,P-0513.jpg,P-0513_1.jpg,6609,,,READY_FOR_UPLOAD,
P-0514,P-0514,P-0514.jpg,P-0514_1.jpg,6619,,,READY_FOR_UPLOAD,
P-0515,P-0515,P-0515.jpg,P-0515_1.jpg,6609,,,READY_FOR_UPLOAD,
P-0516,P-0516,P-0516.jpg,P-0516_1.jpg,6609,,,READY_FOR_UPLOAD,
P-0517,P-0517,P-0517.jpg,P-0517_1.jpg,6609,,,READY_FOR_UPLOAD,
P-0518,P-0518,P-0518.jpg,P-0518_1.jpg,6609,,,READY_FOR_UPLOAD,
P-0519,P-0519,P-0519.jpg,P-0519_1.jpg,6609,,,READY_FOR_UPLOAD,
P-0520,P-0520,P-0520.jpg,P-0520_1.jpg,6609,,,READY_FOR_UPLOAD,
P-0521,P-0521,P-0521.jpg,P-0521_1.jpg,6619,,,READY_FOR_UPLOAD,
P-0522,P-0522,P-0522.jpg,P-0522_1.jpg,6609,,,READY_FOR_UPLOAD,
P-0523,P-0523,P-0523.jpg,P-0523_1.jpg,6609,,,READY_FOR_UPLOAD,
P-0524,P-0524,P-0524.jpg,P-0524_1.jpg,6609,,,READY_FOR_UPLOAD,
P-0525,P-0525,P-0525.jpg,P-0525_1.jpg,6619,,,READY_FOR_UPLOAD,
P-0526,P-0526,P-0526.jpg,P-0526_1.jpg,6619,,,READY_FOR_UPLOAD,
P-0527,P-0527,P-0527.jpg,P-0527_1.jpg,6609,,,READY_FOR_UPLOAD,
P-0528,P-0528,P-0528.jpg,P-0528_1.jpg,6609,,,READY_FOR_UPLOAD,
P-0529,P-0529,P-0529.jpg,P-0529_1.jpg,6609,,,READY_FOR_UPLOAD,
P-0530,P-0530,P-0530.jpg,P-0530_1.jpg,6609,,,READY_FOR_UPLOAD,
P-0531,P-0531,P-0531.jpg,P-0531_1.jpg,6609,,,READY_FOR_UPLOAD,
P-0532,P-0532,P-0532.jpg,P-0532_1.jpg,6609,,,READY_FOR_UPLOAD,
P-0533,P-0533,P-0533.jpg,P-0533_1.jpg,6609,,,READY_FOR_UPLOAD,
P-0534,P-0534,P-0534.jpg,P-0534_1.jpg,6609,,,READY_FOR_UPLOAD,
P-0535,P-0535,P-0535.jpg,P-0535_1.jpg,6609,,,READY_FOR_UPLOAD,
P-0536,P-0536,P-0536.jpg,P-0536_1.jpg,6609,,,READY_FOR_UPLOAD,
P-0537,P-0537,P-0537.jpg,P-0537_1.jpg,6610,,,READY_FOR_UPLOAD,
P-0538,P-0538,P-0538.jpg,P-0538_1.jpg,6619,,,READY_FOR_UPLOAD,
P-0539,P-0539,P-0539.jpg,P-0539_1.jpg,6609,,,READY_FOR_UPLOAD,
P-0540,P-0540,P-0540.jpg,P-0540_1.jpg,6609,,,READY_FOR_UPLOAD,
P-0541,P-0541,P-0541.jpg,P-0541_1.jpg,6609,,,READY_FOR_UPLOAD,
P-0542,P-0542,P-0542.jpg,P-0542_1.jpg,6609,,,READY_FOR_UPLOAD,
P-0543,P-0543,P-0543.jpg,P-0543_1.jpg,6619,,,READY_FOR_UPLOAD,
P-0544,P-0544,P-0544.jpg,P-0544_1.jpg,6609,,,READY_FOR_UPLOAD,
P-0545,P-0545,P-0545.jpg,P-0545_1.jpg,6609,,,READY_FOR_UPLOAD,
P-0546,P-0546,P-0546.jpg,P-0546_1.jpg,6610,,,READY_FOR_UPLOAD,
P-0547,P-0547,P-0547.jpg,P-0547_1.jpg,6609,,,READY_FOR_UPLOAD,
P-0548,P-0548,P-0548.jpg,P-0548_1.jpg,6609,,,READY_FOR_UPLOAD,
P-0549,P-0549,P-0549.jpg,P-0549_1.jpg,6609,,,READY_FOR_UPLOAD,
P-0550,P-0550,P-0550.jpg,P-0550_1.jpg,6619,,,READY_FOR_UPLOAD,
P-0551,P-0551,P-0551.jpg,P-0551_1.jpg,6619,,,READY_FOR_UPLOAD,
P-0552,P-0552,P-0552.jpg,P-0552_1.jpg,6610,,,READY_FOR_UPLOAD,
P-0553,P-0553,P-0553.jpg,P-0553_1.jpg,6609,,,READY_FOR_UPLOAD,
P-0554,P-0554,P-0554.jpg,P-0554_1.jpg,6609,,,READY_FOR_UPLOAD,
P-0555,P-0555,P-0555.jpg,P-0555_1.jpg,6619,,,READY_FOR_UPLOAD,
P-0556,P-0556,P-0556.jpg,P-0556_1.jpg,6609,,,READY_FOR_UPLOAD,
P-0557,P-0557,P-0557.jpg,P-0557_1.jpg,6619,,,READY_FOR_UPLOAD,
P-0558,P-0558,P-0558.jpg,P-0558_1.jpg,6619,,,READY_FOR_UPLOAD,
P-0559,P-0559,P-0559.jpg,P-0559_1.jpg,6619,,,READY_FOR_UPLOAD,
P-0560,P-0560,P-0560.jpg,P-0560_1.jpg,6609,,,READY_FOR_UPLOAD,
P-0561,P-0561,P-0561.jpg,P-0561_1.jpg,6619,,,READY_FOR_UPLOAD,
P-0562,P-0562,P-0562.jpg,P-0562_1.jpg,6619,,,READY_FOR_UPLOAD,
P-0563,P-0563,P-0563.jpg,P-0563_1.jpg,6609,,,READY_FOR_UPLOAD,
P-0564,P-0564,P-0564.jpg,P-0564_1.jpg,6610,,,READY_FOR_UPLOAD,
P-0565,P-0565,P-0565.jpg,P-0565_1.jpg,6609,,,READY_FOR_UPLOAD,
P-0566,P-0566,P-0566.jpg,P-0566_1.jpg,6619,,,READY_FOR_UPLOAD,
P-0567,P-0567,P-0567.jpg,P-0567_1.jpg,6619,,,READY_FOR_UPLOAD,
P-0568,P-0568,P-0568.jpg,P-0568_1.jpg,6619,,,READY_FOR_UPLOAD,
P-0569,P-0569,P-0569.jpg,P-0569_1.jpg,6608,,,READY_FOR_UPLOAD,
P-0570,P-0570,P-0570.jpg,P-0570_1.jpg,6619,,,READY_FOR_UPLOAD,
P-0571,P-0571,P-0571.jpg,P-0571_1.jpg,6609,,,READY_FOR_UPLOAD,
P-0572,P-0572,P-0572.jpg,P-0572_1.jpg,6609,,,READY_FOR_UPLOAD,
P-0573,P-0573,P-0573.jpg,P-0573_1.jpg,6619,,,READY_FOR_UPLOAD,
P-0574,P-0574,P-0574.jpg,P-0574_1.jpg,6609,,,READY_FOR_UPLOAD,
P-0575,P-0575,P-0575.jpg,P-0575_1.jpg,6619,,,READY_FOR_UPLOAD,
P-0576,P-0576,P-0576.jpg,P-0576_1.jpg,6619,,,READY_FOR_UPLOAD,
P-0577,P-0577,P-0577.jpg,P-0577_1.jpg,6619,,,READY_FOR_UPLOAD,
P-0578,P-0578,P-0578.jpg,P-0578_1.jpg,6619,,,READY_FOR_UPLOAD,
P-0579,P-0579,P-0579.jpg,P-0579_1.jpg,6619,,,READY_FOR_UPLOAD,
P-0580,P-0580,P-0580.jpg,P-0580_1.jpg,6609,,,READY_FOR_UPLOAD,
P-0581,P-0581,P-0581.jpg,P-0581_1.jpg,6609,,,READY_FOR_UPLOAD,
P-0582,P-0582,P-0582.jpg,P-0582_1.jpg,6609,,,READY_FOR_UPLOAD,
P-0583,P-0583,P-0583.jpg,P-0583_1.jpg,6619,,,READY_FOR_UPLOAD,
P-0584,P-0584,P-0584.jpg,P-0584_1.jpg,6609,,,READY_FOR_UPLOAD,
P-0585,P-0585,P-0585.jpg,P-0585_1.jpg,6610,,,READY_FOR_UPLOAD,
P-0586,P-0586,P-0586.jpg,P-0586_1.jpg,6610,,,READY_FOR_UPLOAD,
P-0587,P-0587,P-0587.jpg,P-0587_1.jpg,6609,,,READY_FOR_UPLOAD,
P-0588,P-0588,P-0588.jpg,P-0588_1.jpg,6610,,,READY_FOR_UPLOAD,
P-0589,P-0589,P-0589.jpg,P-0589_1.jpg,6609,,,READY_FOR_UPLOAD,
P-0590,P-0590,P-0590.jpg,P-0590_1.jpg,6609,,,READY_FOR_UPLOAD,
P-0591,P-0591,P-0591.jpg,P-0591_1.jpg,6609,,,READY_FOR_UPLOAD,
P-0592,P-0592,P-0592.jpg,P-0592_1.jpg,6609,,,READY_FOR_UPLOAD,
P-0593,P-0593,P-0593.jpg,P-0593_1.jpg,6609,,,READY_FOR_UPLOAD,
P-0594,P-0594,P-0594.jpg,P-0594_1.jpg,6609,,,READY_FOR_UPLOAD,
P-0595,P-0595,P-0595.jpg,P-0595_1.jpg,6609,,,READY_FOR_UPLOAD,
P-0596,P-0596,P-0596.jpg,P-0596_1.jpg,6609,,,READY_FOR_UPLOAD,
P-0597,P-0597,P-0597.jpg,P-0597_1.jpg,6609,,,READY_FOR_UPLOAD,
P-0598,P-0598,P-0598.jpg,P-0598_1.jpg,6609,,,READY_FOR_UPLOAD,
P-0599,P-0599,P-0599.jpg,P-0599_1.jpg,6609,,,READY_FOR_UPLOAD,
P-0600,P-0600,P-0600.jpg,P-0600_1.jpg,6609,,,READY_FOR_UPLOAD,
P-0601,P-0601,P-0601.jpg,P-0601_1.jpg,6609,,,READY_FOR_UPLOAD,
P-0602,P-0602,P-0602.jpg,P-0602_1.jpg,6609,,,READY_FOR_UPLOAD,
P-0603,P-0603,P-0603.jpg,P-0603_1.jpg,6609,,,READY_FOR_UPLOAD,
P-0604,P-0604,P-0604.jpg,P-0604_1.jpg,6609,,,READY_FOR_UPLOAD,
P-0605,P-0605,P-0605.jpg,P-0605_1.jpg,6609,,,READY_FOR_UPLOAD,
P-0606,P-0606,P-0606.jpg,P-0606_1.jpg,6609,,,READY_FOR_UPLOAD,
P-0607,P-0607,P-0607.jpg,P-0607_1.jpg,6610,,,READY_FOR_UPLOAD,
P-0608,P-0608,P-0608.jpg,P-0608_1.jpg,6609,,,READY_FOR_UPLOAD,
P-0609,P-0609,P-0609.jpg,P-0609_1.jpg,6609,,,READY_FOR_UPLOAD,
P-0610,P-0610,P-0610.jpg,P-0610_1.jpg,6619,,,READY_FOR_UPLOAD,
P-0611,P-0611,P-0611.jpg,P-0611_1.jpg,6619,,,READY_FOR_UPLOAD,
P-0612,P-0612,P-0612.jpg,P-0612_1.jpg,6609,,,READY_FOR_UPLOAD,
P-0613,P-0613,P-0613.jpg,P-0613_1.jpg,6609,,,READY_FOR_UPLOAD,
P-0614,P-0614,P-0614.jpg,P-0614_1.jpg,6609,,,READY_FOR_UPLOAD,
P-0615,P-0615,P-0615.jpg,P-0615_1.jpg,6609,,,READY_FOR_UPLOAD,
P-0616,P-0616,P-0616.jpg,P-0616_1.jpg,6609,,,READY_FOR_UPLOAD,
P-0617,P-0617,P-0617.jpg,P-0617_1.jpg,6609,,,READY_FOR_UPLOAD,
P-0618,P-0618,P-0618.jpg,P-0618_1.jpg,6609,,,READY_FOR_UPLOAD,
P-0619,P-0619,P-0619.jpg,P-0619_1.jpg,6609,,,READY_FOR_UPLOAD,
P-0620,P-0620,P-0620.jpg,P-0620_1.jpg,6619,,,READY_FOR_UPLOAD,
P-0621,P-0621,P-0621.jpg,P-0621_1.jpg,6609,,,READY_FOR_UPLOAD,
P-0622,P-0622,P-0622.jpg,P-0622_1.jpg,6609,,,READY_FOR_UPLOAD,
P-0623,P-0623,P-0623.jpg,P-0623_1.jpg,6609,,,READY_FOR_UPLOAD,
P-0624,P-0624,P-0624.jpg,P-0624_1.jpg,6609,,,READY_FOR_UPLOAD,
P-0625,P-0625,P-0625.jpg,P-0625_1.jpg,6609,,,READY_FOR_UPLOAD,
P-0626,P-0626,P-0626.jpg,P-0626_1.jpg,6609,,,READY_FOR_UPLOAD,
P-0627,P-0627,P-0627.jpg,P-0627_1.jpg,6609,,,READY_FOR_UPLOAD,
P-0628,P-0628,P-0628.jpg,P-0628_1.jpg,6609,,,READY_FOR_UPLOAD,
P-0629,P-0629,P-0629.jpg,P-0629_1.jpg,6609,,,READY_FOR_UPLOAD,
P-0630,P-0630,P-0630.jpg,P-0630_1.jpg,6609,,,READY_FOR_UPLOAD,
P-0631,P-0631,P-0631.jpg,P-0631_1.jpg,6609,,,READY_FOR_UPLOAD,
P-0632,P-0632,P-0632.jpg,P-0632_1.jpg,6609,,,READY_FOR_UPLOAD,
P-0633,P-0633,P-0633.jpg,P-0633_1.jpg,6609,,,READY_FOR_UPLOAD,
P-0634,P-0634,P-0634.jpg,P-0634_1.jpg,6619,,,READY_FOR_UPLOAD,
P-0635,P-0635,P-0635.jpg,P-0635_1.jpg,6619,,,READY_FOR_UPLOAD,
P-0636,P-0636,P-0636.jpg,P-0636_1.jpg,6619,,,READY_FOR_UPLOAD,
P-0637,P-0637,P-0637.jpg,P-0637_1.jpg,6609,,,READY_FOR_UPLOAD,
P-0638,P-0638,P-0638.jpg,P-0638_1.jpg,6619,,,READY_FOR_UPLOAD,
P-0639,P-0639,P-0639.jpg,P-0639_1.jpg,6619,,,READY_FOR_UPLOAD,
P-0640,P-0640,P-0640.jpg,P-0640_1.jpg,6609,,,READY_FOR_UPLOAD,
P-0641,P-0641,P-0641.jpg,P-0641_1.jpg,6609,,,READY_FOR_UPLOAD,
P-0642,P-0642,P-0642.jpg,P-0642_1.jpg,6609,,,READY_FOR_UPLOAD,
P-0643,P-0643,P-0643.jpg,P-0643_1.jpg,6609,,,READY_FOR_UPLOAD,
P-0644,P-0644,P-0644.jpg,P-0644_1.jpg,6608,,,READY_FOR_UPLOAD,
P-0645,P-0645,P-0645.jpg,P-0645_1.jpg,6609,,,READY_FOR_UPLOAD,
P-0646,P-0646,P-0646.jpg,P-0646_1.jpg,6609,,,READY_FOR_UPLOAD,
P-0647,P-0647,P-0647.jpg,P-0647_1.jpg,6609,,,READY_FOR_UPLOAD,
P-0648,P-0648,P-0648.jpg,P-0648_1.jpg,6609,,,READY_FOR_UPLOAD,
P-0649,P-0649,P-0649.jpg,P-0649_1.jpg,6609,,,READY_FOR_UPLOAD,
P-0650,P-0650,P-0650.jpg,P-0650_1.jpg,6609,,,READY_FOR_UPLOAD,
P-0651,P-0651,P-0651.jpg,P-0651_1.jpg,6619,,,READY_FOR_UPLOAD,
P-0652,P-0652,P-0652.jpg,P-0652_1.jpg,6619,,,READY_FOR_UPLOAD,
P-0653,P-0653,P-0653.jpg,P-0653_1.jpg,6619,,,READY_FOR_UPLOAD,
P-0654,P-0654,P-0654.jpg,P-0654_1.jpg,6619,,,READY_FOR_UPLOAD,
P-0655,P-0655,P-0655.jpg,P-0655_1.jpg,6610,,,READY_FOR_UPLOAD,
P-0656,P-0656,P-0656.jpg,P-0656_1.jpg,6610,,,READY_FOR_UPLOAD,
P-0657,P-0657,P-0657.jpg,P-0657_1.jpg,6609,,,READY_FOR_UPLOAD,
P-0658,P-0658,P-0658.jpg,P-0658_1.jpg,6609,,,READY_FOR_UPLOAD,
P-0659,P-0659,P-0659.jpg,P-0659_1.jpg,6609,,,READY_FOR_UPLOAD,
P-0660,P-0660,P-0660.jpg,P-0660_1.jpg,6609,,,READY_FOR_UPLOAD,
P-0661,P-0661,P-0661.jpg,P-0661_1.jpg,6609,,,READY_FOR_UPLOAD,
P-0662,P-0662,P-0662.jpg,P-0662_1.jpg,6609,,,READY_FOR_UPLOAD,
P-0663,P-0663,P-0663.jpg,P-0663_1.jpg,6609,,,READY_FOR_UPLOAD,
P-0664,P-0664,P-0664.jpg,P-0664_1.jpg,6609,,,READY_FOR_UPLOAD,
P-0665,P-0665,P-0665.jpg,P-0665_1.jpg,6609,,,READY_FOR_UPLOAD,
P-0666,P-0666,P-0666.jpg,P-0666_1.jpg,6610,,,READY_FOR_UPLOAD,
P-0667,P-0667,P-0667.jpg,P-0667_1.jpg,6610,,,READY_FOR_UPLOAD,
P-0668,P-0668,P-0668.jpg,P-0668_1.jpg,6608,,,READY_FOR_UPLOAD,
P-0669,P-0669,P-0669.jpg,P-0669_1.jpg,6610,,,READY_FOR_UPLOAD,
P-0670,P-0670,P-0670.jpg,P-0670_1.jpg,6610,,,READY_FOR_UPLOAD,
P-0671,P-0671,P-0671.jpg,P-0671_1.jpg,6609,,,READY_FOR_UPLOAD,
P-0672,P-0672,P-0672.jpg,P-0672_1.jpg,6608,,,READY_FOR_UPLOAD,
P-0673,P-0673,P-0673.jpg,P-0673_1.jpg,6608,,,READY_FOR_UPLOAD,
P-0674,P-0674,P-0674.jpg,P-0674_1.jpg,6608,,,READY_FOR_UPLOAD,
P-0675,P-0675,P-0675.jpg,P-0675_1.jpg,6608,,,READY_FOR_UPLOAD,
P-0677,P-0677,P-0677.jpg,P-0677_1.jpg,6610,,,READY_FOR_UPLOAD,
P-0678,P-0678,P-0678.jpg,P-0678_1.jpg,6608,,,READY_FOR_UPLOAD,
P-0679,P-0679,P-0679.jpg,P-0679_1.jpg,6609,,,READY_FOR_UPLOAD,
P-0680,P-0680,P-0680.jpg,P-0680_1.jpg,6619,,,READY_FOR_UPLOAD,
P-0681,P-0681,P-0681.jpg,P-0681_1.jpg,6609,,,READY_FOR_UPLOAD,
P-0682,P-0682,P-0682.jpg,P-0682_1.jpg,6610,,,READY_FOR_UPLOAD,
P-0683,P-0683,P-0683.jpg,P-0683_1.jpg,6609,,,READY_FOR_UPLOAD,
P-0684,P-0684,P-0684.jpg,P-0684_1.jpg,6610,,,READY_FOR_UPLOAD,
P-0685,P-0685,P-0685.jpg,P-0685_1.jpg,6619,,,READY_FOR_UPLOAD,
P-0686,P-0686,P-0686.jpg,P-0686_1.jpg,6610,,,READY_FOR_UPLOAD,
P-0687,P-0687,P-0687.jpg,P-0687_1.jpg,6609,,,READY_FOR_UPLOAD,
P-0688,P-0688,P-0688.jpg,P-0688_1.jpg,6609,,,READY_FOR_UPLOAD,
P-0689,P-0689,P-0689.jpg,P-0689_1.jpg,6619,,,READY_FOR_UPLOAD,
P-0690,P-0690,P-0690.jpg,P-0690_1.jpg,6619,,,READY_FOR_UPLOAD,
P-0691,P-0691,P-0691.jpg,P-0691_1.jpg,6610,,,READY_FOR_UPLOAD,
P-0692,P-0692,P-0692.jpg,P-0692_1.jpg,6619,,,READY_FOR_UPLOAD,
P-0693,P-0693,P-0693.jpg,P-0693_1.jpg,6609,,,READY_FOR_UPLOAD,
P-0694,P-0694,P-0694.jpg,P-0694_1.jpg,6608,,,READY_FOR_UPLOAD,
P-0695,P-0695,P-0695.jpg,P-0695_1.jpg,6609,,,READY_FOR_UPLOAD,
P-0696,P-0696,P-0696.jpg,P-0696_1.jpg,6610,,,READY_FOR_UPLOAD,
P-0697,P-0697,P-0697.jpg,P-0697_1.jpg,6609,,,READY_FOR_UPLOAD,
P-0698,P-0698,P-0698.jpg,P-0698_1.jpg,6610,,,READY_FOR_UPLOAD,
P-0699,P-0699,P-0699.jpg,P-0699_1.jpg,6610,,,READY_FOR_UPLOAD,
P-0700,P-0700,P-0700.jpg,P-0700_1.jpg,6609,,,READY_FOR_UPLOAD,
P-0701,P-0701,P-0701.jpg,P-0701_1.jpg,6609,,,READY_FOR_UPLOAD,
P-0702,P-0702,P-0702.jpg,P-0702_1.jpg,6609,,,READY_FOR_UPLOAD,
P-0703,P-0703,P-0703.jpg,P-0703_1.jpg,6609,,,READY_FOR_UPLOAD,
P-0704,P-0704,P-0704.jpg,P-0704_1.jpg,6609,,,READY_FOR_UPLOAD,
P-0705,P-0705,P-0705.jpg,P-0705_1.jpg,6610,,,READY_FOR_UPLOAD,
P-0706,P-0706,P-0706.jpg,P-0706_1.jpg,6609,,,READY_FOR_UPLOAD,
P-0707,P-0707,P-0707.jpg,P-0707_1.jpg,6623,,,READY_FOR_UPLOAD,
P-0708,P-0708,P-0708.jpg,P-0708_1.jpg,6609,,,READY_FOR_UPLOAD,
P-0709,P-0709,P-0709.jpg,P-0709_1.jpg,6609,,,READY_FOR_UPLOAD,
P-0710,P-0710,P-0710.jpg,P-0710_1.jpg,6610,,,READY_FOR_UPLOAD,
P-0711,P-0711,P-0711.jpg,P-0711_1.jpg,6609,,,READY_FOR_UPLOAD,
P-0712,P-0712,P-0712.jpg,P-0712_1.jpg,6610,,,READY_FOR_UPLOAD,
P-0713,P-0713,P-0713.jpg,P-0713_1.jpg,6619,,,READY_FOR_UPLOAD,
P-0714,P-0714,P-0714.jpg,P-0714_1.jpg,6609,,,READY_FOR_UPLOAD,
P-0715,P-0715,P-0715.jpg,P-0715_1.jpg,6609,,,READY_FOR_UPLOAD,
P-0716,P-0716,P-0716.jpg,P-0716_1.jpg,6608,,,READY_FOR_UPLOAD,
P-0717,P-0717,P-0717.jpg,P-0717_1.jpg,6619,,,READY_FOR_UPLOAD,
P-0718,P-0718,P-0718.jpg,P-0718_1.jpg,6609,,,READY_FOR_UPLOAD,
P-0719,P-0719,P-0719.jpg,P-0719_1.jpg,6610,,,READY_FOR_UPLOAD,
P-0720,P-0720,P-0720.jpg,P-0720_1.jpg,6609,,,READY_FOR_UPLOAD,
P-0721,P-0721,P-0721.jpg,P-0721_1.jpg,6619,,,READY_FOR_UPLOAD,
P-0722,P-0722,P-0722.jpg,P-0722_1.jpg,6610,,,READY_FOR_UPLOAD,
P-0723,P-0723,P-0723.jpg,P-0723_1.jpg,6609,,,READY_FOR_UPLOAD,
P-0724,P-0724,P-0724.jpg,P-0724_1.jpg,6609,,,READY_FOR_UPLOAD,
P-0725,P-0725,P-0725.jpg,P-0725_1.jpg,6608,,,READY_FOR_UPLOAD,
P-0726,P-0726,P-0726.jpg,P-0726_1.jpg,6608,,,READY_FOR_UPLOAD,
P-0727,P-0727,P-0727.jpg,P-0727_1.jpg,6619,,,READY_FOR_UPLOAD,
P-0728,P-0728,P-0728.jpg,P-0728_1.jpg,6609,,,READY_FOR_UPLOAD,
P-0729,P-0729,P-0729.jpg,P-0729_1.jpg,6609,,,READY_FOR_UPLOAD,
P-0730,P-0730,P-0730.jpg,P-0730_1.jpg,6610,,,READY_FOR_UPLOAD,
P-0731,P-0731,P-0731.jpg,P-0731_1.jpg,6609,,,READY_FOR_UPLOAD,
P-0732,P-0732,P-0732.jpg,P-0732_1.jpg,6609,,,READY_FOR_UPLOAD,
P-0733,P-0733,P-0733.jpg,P-0733_1.jpg,6609,,,READY_FOR_UPLOAD,
P-0735,P-0735,P-0735.jpg,P-0735_1.jpg,6609,,,READY_FOR_UPLOAD,
P-0736,P-0736,P-0736.jpg,P-0736_1.jpg,6609,,,READY_FOR_UPLOAD,
P-0737,P-0737,P-0737.jpg,P-0737_1.jpg,6609,,,READY_FOR_UPLOAD,
P-0738,P-0738,P-0738.jpg,P-0738_1.jpg,6609,,,READY_FOR_UPLOAD,
P-0739,P-0739,P-0739.jpg,P-0739_1.jpg,6609,,,READY_FOR_UPLOAD,
P-0740,P-0740,P-0740.jpg,P-0740_1.jpg,6619,,,READY_FOR_UPLOAD,
P-0741,P-0741,P-0741.jpg,P-0741_1.jpg,6619,,,READY_FOR_UPLOAD,
P-0742,P-0742,P-0742.jpg,P-0742_1.jpg,6619,,,READY_FOR_UPLOAD,
P-0743,P-0743,P-0743.jpg,P-0743_1.jpg,6619,,,READY_FOR_UPLOAD,
P-0744,P-0744,P-0744.jpg,P-0744_1.jpg,6619,,,READY_FOR_UPLOAD,
P-0745,P-0745,P-0745.jpg,P-0745_1.jpg,6610,,,READY_FOR_UPLOAD,
P-0746,P-0746,P-0746.jpg,P-0746_1.jpg,6609,,,READY_FOR_UPLOAD,
P-0747,P-0747,P-0747.jpg,P-0747_1.jpg,6609,,,READY_FOR_UPLOAD,
P-0748,P-0748,P-0748.jpg,P-0748_1.jpg,6610,,,READY_FOR_UPLOAD,
P-0749,P-0749,P-0749.jpg,P-0749_1.jpg,6610,,,READY_FOR_UPLOAD,
P-0750,P-0750,P-0750.jpg,P-0750_1.jpg,6609,,,READY_FOR_UPLOAD,
P-0751,P-0751,P-0751.jpg,P-0751_1.jpg,6609,,,READY_FOR_UPLOAD,
P-0752,P-0752,P-0752.jpg,P-0752_1.jpg,6609,,,READY_FOR_UPLOAD,
P-0753,P-0753,P-0753.jpg,P-0753_1.jpg,6608,,,READY_FOR_UPLOAD,
P-0754,P-0754,P-0754.jpg,P-0754_1.jpg,6610,,,READY_FOR_UPLOAD,
P-0755,P-0755,P-0755.jpg,P-0755_1.jpg,6609,,,READY_FOR_UPLOAD,
P-0756,P-0756,P-0756.jpg,P-0756_1.jpg,6608,,,READY_FOR_UPLOAD,
P-0757,P-0757,P-0757.jpg,P-0757_1.jpg,6608,,,READY_FOR_UPLOAD,
P-0758,P-0758,P-0758.jpg,P-0758_1.jpg,6619,,,READY_FOR_UPLOAD,
P-0759,P-0759,P-0759.jpg,P-0759_1.jpg,6619,,,READY_FOR_UPLOAD,
P-0760,P-0760,P-0760.jpg,P-0760_1.jpg,6619,,,READY_FOR_UPLOAD,
P-0761,P-0761,P-0761.jpg,P-0761_1.jpg,6619,,,READY_FOR_UPLOAD,
P-0762,P-0762,P-0762.jpg,P-0762_1.jpg,6619,,,READY_FOR_UPLOAD,
P-0763,P-0763,P-0763.jpg,P-0763_1.jpg,6609,,,READY_FOR_UPLOAD,
P-0764,P-0764,P-0764.jpg,P-0764_1.jpg,6610,,,READY_FOR_UPLOAD,
P-0765,P-0765,P-0765.jpg,P-0765_1.jpg,6608,,,READY_FOR_UPLOAD,
P-0766,P-0766,P-0766.jpg,P-0766_1.jpg,6609,,,READY_FOR_UPLOAD,
P-0767,P-0767,P-0767.jpg,P-0767_1.jpg,6619,,,READY_FOR_UPLOAD,
P-0768,P-0768,P-0768.jpg,P-0768_1.jpg,6619,,,READY_FOR_UPLOAD,
P-0769,P-0769,P-0769.jpg,P-0769_1.jpg,6619,,,READY_FOR_UPLOAD,
P-0770,P-0770,P-0770.jpg,P-0770_1.jpg,6619,,,READY_FOR_UPLOAD,
P-0771,P-0771,P-0771.jpg,P-0771_1.jpg,6608,,,READY_FOR_UPLOAD,
P-0772,P-0772,P-0772.jpg,P-0772_1.jpg,6619,,,READY_FOR_UPLOAD,
P-0773,P-0773,P-0773.jpg,P-0773_1.jpg,6610,,,READY_FOR_UPLOAD,
P-0774,P-0774,P-0774.jpg,P-0774_1.jpg,6609,,,READY_FOR_UPLOAD,
P-0775,P-0775,P-0775.jpg,P-0775_1.jpg,6619,,,READY_FOR_UPLOAD,
P-0776,P-0776,P-0776.jpg,P-0776_1.jpg,6609,,,READY_FOR_UPLOAD,
P-0777,P-0777,P-0777.jpg,P-0777_1.jpg,6609,,,READY_FOR_UPLOAD,
P-0778,P-0778,P-0778.jpg,P-0778_1.jpg,6610,,,READY_FOR_UPLOAD,
P-0779,P-0779,P-0779.jpg,P-0779_1.jpg,6608,,,READY_FOR_UPLOAD,
P-0780,P-0780,P-0780.jpg,P-0780_1.jpg,6608,,,READY_FOR_UPLOAD,
P-0781,P-0781,P-0781.jpg,P-0781_1.jpg,6608,,,READY_FOR_UPLOAD,
P-0782,P-0782,P-0782.jpg,P-0782_1.jpg,6619,,,READY_FOR_UPLOAD,
P-0783,P-0783,P-0783.jpg,P-0783_1.jpg,6609,,,READY_FOR_UPLOAD,
P-0784,P-0784,P-0784.jpg,P-0784_1.jpg,6608,,,READY_FOR_UPLOAD,
P-0785,P-0785,P-0785.jpg,P-0785_1.jpg,6609,,,READY_FOR_UPLOAD,
P-0786,P-0786,P-0786.jpg,P-0786_1.jpg,6609,,,READY_FOR_UPLOAD,
P-0787,P-0787,P-0787.jpg,P-0787_1.jpg,6609,,,READY_FOR_UPLOAD,
P-0788,P-0788,P-0788.jpg,P-0788_1.jpg,6608,,,READY_FOR_UPLOAD,
P-0789,P-0789,P-0789.jpg,P-0789_1.jpg,6619,,,READY_FOR_UPLOAD,
P-0790,P-0790,P-0790.jpg,P-0790_1.jpg,6619,,,READY_FOR_UPLOAD,
P-0791,P-0791,P-0791.jpg,P-0791_1.jpg,6610,,,READY_FOR_UPLOAD,
P-0792,P-0792,P-0792.jpg,P-0792_1.jpg,6609,,,READY_FOR_UPLOAD,
P-0793,P-0793,P-0793.jpg,P-0793_1.jpg,6609,,,READY_FOR_UPLOAD,
P-0794,P-0794,P-0794.jpg,P-0794_1.jpg,6609,,,READY_FOR_UPLOAD,
P-0795,P-0795,P-0795.jpg,P-0795_1.jpg,6610,,,READY_FOR_UPLOAD,
P-0796,P-0796,P-0796.jpg,P-0796_1.jpg,6610,,,READY_FOR_UPLOAD,
P-0797,P-0797,P-0797.jpg,P-0797_1.jpg,6609,,,READY_FOR_UPLOAD,
P-0798,P-0798,P-0798.jpg,P-0798_1.jpg,6609,,,READY_FOR_UPLOAD,
P-0799,P-0799,P-0799.jpg,P-0799_1.jpg,6609,,,READY_FOR_UPLOAD,
P-0800,P-0800,P-0800.jpg,P-0800_1.jpg,6619,,,READY_FOR_UPLOAD,
P-0801,P-0801,P-0801.jpg,P-0801_1.jpg,6608,,,READY_FOR_UPLOAD,
P-0802,P-0802,P-0802.jpg,P-0802_1.jpg,6609,,,READY_FOR_UPLOAD,
P-0803,P-0803,P-0803.jpg,P-0803_1.jpg,6609,,,READY_FOR_UPLOAD,
P-0804,P-0804,P-0804.jpg,P-0804_1.jpg,6609,,,READY_FOR_UPLOAD,
P-0805,P-0805,P-0805.jpg,P-0805_1.jpg,6609,,,READY_FOR_UPLOAD,
P-0806,P-0806,P-0806.jpg,P-0806_1.jpg,6609,,,READY_FOR_UPLOAD,
P-0807,P-0807,P-0807.jpg,P-0807_1.jpg,6609,,,READY_FOR_UPLOAD,
P-0808,P-0808,P-0808.jpg,P-0808_1.jpg,6609,,,READY_FOR_UPLOAD,
P-0809,P-0809,P-0809.jpg,P-0809_1.jpg,6609,,,READY_FOR_UPLOAD,
P-0810,P-0810,P-0810.jpg,P-0810_1.jpg,6609,,,READY_FOR_UPLOAD,
P-0811,P-0811,P-0811.jpg,P-0811_1.jpg,6609,,,READY_FOR_UPLOAD,
P-0812,P-0812,P-0812.jpg,P-0812_1.jpg,6609,,,READY_FOR_UPLOAD,
P-0813,P-0813,P-0813.jpg,P-0813_1.jpg,6609,,,READY_FOR_UPLOAD,
P-0814,P-0814,P-0814.jpg,P-0814_1.jpg,6609,,,READY_FOR_UPLOAD,
P-0815,P-0815,P-0815.jpg,P-0815_1.jpg,6609,,,READY_FOR_UPLOAD,
P-0816,P-0816,P-0816.jpg,P-0816_1.jpg,6609,,,READY_FOR_UPLOAD,
P-0817,P-0817,P-0817.jpg,P-0817_1.jpg,6609,,,READY_FOR_UPLOAD,
P-0818,P-0818,P-0818.jpg,P-0818_1.jpg,6609,,,READY_FOR_UPLOAD,
P-0819,P-0819,P-0819.jpg,P-0819_1.jpg,6610,,,READY_FOR_UPLOAD,
P-0820,P-0820,P-0820.jpg,P-0820_1.jpg,6609,,,READY_FOR_UPLOAD,
P-0821,P-0821,P-0821.jpg,P-0821_1.jpg,6609,,,READY_FOR_UPLOAD,
P-0822,P-0822,P-0822.jpg,P-0822_1.jpg,6609,,,READY_FOR_UPLOAD,
P-0823,P-0823,P-0823.jpg,P-0823_1.jpg,6610,,,READY_FOR_UPLOAD,
P-0824,P-0824,P-0824.jpg,P-0824_1.jpg,6610,,,READY_FOR_UPLOAD,
P-0825,P-0825,P-0825.jpg,P-0825_1.jpg,6610,,,READY_FOR_UPLOAD,
P-0826,P-0826,P-0826.jpg,P-0826_1.jpg,6609,,,READY_FOR_UPLOAD,
P-0827,P-0827,P-0827.jpg,P-0827_1.jpg,6609,,,READY_FOR_UPLOAD,
P-0828,P-0828,P-0828.jpg,P-0828_1.jpg,6609,,,READY_FOR_UPLOAD,
P-0829,P-0829,P-0829.jpg,P-0829_1.jpg,6609,,,READY_FOR_UPLOAD,
P-0830,P-0830,P-0830.jpg,P-0830_1.jpg,6609,,,READY_FOR_UPLOAD,
P-0831,P-0831,P-0831.jpg,P-0831_1.jpg,6619,,,READY_FOR_UPLOAD,
P-0832,P-0832,P-0832.jpg,P-0832_1.jpg,6609,,,READY_FOR_UPLOAD,
P-0833,P-0833,P-0833.jpg,P-0833_1.jpg,6609,,,READY_FOR_UPLOAD,
P-0834,P-0834,P-0834.jpg,P-0834_1.jpg,6609,,,READY_FOR_UPLOAD,
P-0835,P-0835,P-0835.jpg,P-0835_1.jpg,6609,,,READY_FOR_UPLOAD,
P-0836,P-0836,P-0836.jpg,P-0836_1.jpg,6609,,,READY_FOR_UPLOAD,
P-0837,P-0837,P-0837.jpg,P-0837_1.jpg,6610,,,READY_FOR_UPLOAD,
P-0838,P-0838,P-0838.jpg,P-0838_1.jpg,6610,,,READY_FOR_UPLOAD,
P-0839,P-0839,P-0839.jpg,P-0839_1.jpg,6609,,,READY_FOR_UPLOAD,
P-0840,P-0840,P-0840.jpg,P-0840_1.jpg,6609,,,READY_FOR_UPLOAD,
P-0841,P-0841,P-0841.jpg,P-0841_1.jpg,6609,,,READY_FOR_UPLOAD,
P-0842,P-0842,P-0842.jpg,P-0842_1.jpg,6609,,,READY_FOR_UPLOAD,
P-0843,P-0843,P-0843.jpg,P-0843_1.jpg,6609,,,READY_FOR_UPLOAD,
P-0844,P-0844,P-0844.jpg,P-0844_1.jpg,6609,,,READY_FOR_UPLOAD,
P-0845,P-0845,P-0845.jpg,P-0845_1.jpg,6609,,,READY_FOR_UPLOAD,
P-0846,P-0846,P-0846.jpg,P-0846_1.jpg,6609,,,READY_FOR_UPLOAD,
P-0847,P-0847,P-0847.jpg,P-0847_1.jpg,6609,,,READY_FOR_UPLOAD,
P-0848,P-0848,P-0848.jpg,P-0848_1.jpg,6609,,,READY_FOR_UPLOAD,
P-0849,P-0849,P-0849.jpg,P-0849_1.jpg,6609,,,READY_FOR_UPLOAD,
P-0850,P-0850,P-0850.jpg,P-0850_1.jpg,6609,,,READY_FOR_UPLOAD,
P-0851,P-0851,P-0851.jpg,P-0851_1.jpg,6609,,,READY_FOR_UPLOAD,
P-0852,P-0852,P-0852.jpg,P-0852_1.jpg,6609,,,READY_FOR_UPLOAD,
P-0853,P-0853,P-0853.jpg,P-0853_1.jpg,6609,,,READY_FOR_UPLOAD,
P-0854,P-0854,P-0854.jpg,P-0854_1.jpg,6608,,,READY_FOR_UPLOAD,
P-0855,P-0855,P-0855.jpg,P-0855_1.jpg,6609,,,READY_FOR_UPLOAD,
P-0856,P-0856,P-0856.jpg,P-0856_1.jpg,6609,,,READY_FOR_UPLOAD,
P-0857,P-0857,P-0857.jpg,P-0857_1.jpg,6609,,,READY_FOR_UPLOAD,
P-0858,P-0858,P-0858.jpg,P-0858_1.jpg,6609,,,READY_FOR_UPLOAD,
P-0859,P-0859,P-0859.jpg,P-0859_1.jpg,6609,,,READY_FOR_UPLOAD,
P-0860,P-0860,P-0860.jpg,P-0860_1.jpg,6609,,,READY_FOR_UPLOAD,
P-0861,P-0861,P-0861.jpg,P-0861_1.jpg,6609,,,READY_FOR_UPLOAD,
P-0862,P-0862,P-0862.jpg,P-0862_1.jpg,6609,,,READY_FOR_UPLOAD,
P-0863,P-0863,P-0863.jpg,P-0863_1.jpg,6609,,,READY_FOR_UPLOAD,
P-0864,P-0864,P-0864.jpg,P-0864_1.jpg,6609,,,READY_FOR_UPLOAD,
P-0865,P-0865,P-0865.jpg,P-0865_1.jpg,6609,,,READY_FOR_UPLOAD,
P-0866,P-0866,P-0866.jpg,P-0866_1.jpg,6609,,,READY_FOR_UPLOAD,
P-0867,P-0867,P-0867.jpg,P-0867_1.jpg,6609,,,READY_FOR_UPLOAD,
P-0868,P-0868,P-0868.jpg,P-0868_1.jpg,6609,,,READY_FOR_UPLOAD,
P-0869,P-0869,P-0869.jpg,P-0869_1.jpg,6609,,,READY_FOR_UPLOAD,
P-0870,P-0870,P-0870.jpg,P-0870_1.jpg,6609,,,READY_FOR_UPLOAD,
P-0871,P-0871,P-0871.jpg,P-0871_1.jpg,6609,,,READY_FOR_UPLOAD,
P-0872,P-0872,P-0872.jpg,P-0872_1.jpg,6619,,,READY_FOR_UPLOAD,
P-0873,P-0873,P-0873.jpg,P-0873_1.jpg,6609,,,READY_FOR_UPLOAD,
P-0874,P-0874,P-0874.jpg,P-0874_1.jpg,6619,,,READY_FOR_UPLOAD,
P-0875,P-0875,P-0875.jpg,P-0875_1.jpg,6619,,,READY_FOR_UPLOAD,
P-0876,P-0876,P-0876.jpg,P-0876_1.jpg,6609,,,READY_FOR_UPLOAD,
P-0877,P-0877,P-0877.jpg,P-0877_1.jpg,6608,,,READY_FOR_UPLOAD,
P-0878,P-0878,P-0878.jpg,P-0878_1.jpg,6609,,,READY_FOR_UPLOAD,
P-0879,P-0879,P-0879.jpg,P-0879_1.jpg,6609,,,READY_FOR_UPLOAD,
P-0880,P-0880,P-0880.jpg,P-0880_1.jpg,6609,,,READY_FOR_UPLOAD,
P-0881,P-0881,P-0881.jpg,P-0881_1.jpg,6609,,,READY_FOR_UPLOAD,
P-0882,P-0882,P-0882.jpg,P-0882_1.jpg,6619,,,READY_FOR_UPLOAD,
P-0883,P-0883,P-0883.jpg,P-0883_1.jpg,6609,,,READY_FOR_UPLOAD,
P-0884,P-0884,P-0884.jpg,P-0884_1.jpg,6609,,,READY_FOR_UPLOAD,
P-0885,P-0885,P-0885.jpg,P-0885_1.jpg,6609,,,READY_FOR_UPLOAD,
P-0886,P-0886,P-0886.jpg,P-0886_1.jpg,6609,,,READY_FOR_UPLOAD,
P-0887,P-0887,P-0887.jpg,P-0887_1.jpg,6609,,,READY_FOR_UPLOAD,
P-0888,P-0888,P-0888.jpg,P-0888_1.jpg,6610,,,READY_FOR_UPLOAD,
P-0889,P-0889,P-0889.jpg,P-0889_1.jpg,6609,,,READY_FOR_UPLOAD,
P-0890,P-0890,P-0890.jpg,P-0890_1.jpg,6609,,,READY_FOR_UPLOAD,
P-0891,P-0891,P-0891.jpg,P-0891_1.jpg,6609,,,READY_FOR_UPLOAD,
P-0892,P-0892,P-0892.jpg,P-0892_1.jpg,6609,,,READY_FOR_UPLOAD,
P-0893,P-0893,P-0893.jpg,P-0893_1.jpg,6609,,,READY_FOR_UPLOAD,
P-0894,P-0894,P-0894.jpg,P-0894_1.jpg,6609,,,READY_FOR_UPLOAD,
P-0895,P-0895,P-0895.jpg,P-0895_1.jpg,6619,,,READY_FOR_UPLOAD,
P-0896,P-0896,P-0896.jpg,P-0896_1.jpg,6609,,,READY_FOR_UPLOAD,
P-0897,P-0897,P-0897.jpg,P-0897_1.jpg,6609,,,READY_FOR_UPLOAD,
P-0898,P-0898,P-0898.jpg,P-0898_1.jpg,6609,,,READY_FOR_UPLOAD,
P-0899,P-0899,P-0899.jpg,P-0899_1.jpg,6609,,,READY_FOR_UPLOAD,
P-0900,P-0900,P-0900.jpg,P-0900_1.jpg,6609,,,READY_FOR_UPLOAD,
P-0901,P-0901,P-0901.jpg,P-0901_1.jpg,6609,,,READY_FOR_UPLOAD,
P-0902,P-0902,P-0902.jpg,P-0902_1.jpg,6609,,,READY_FOR_UPLOAD,
P-0903,P-0903,P-0903.jpg,P-0903_1.jpg,6609,,,READY_FOR_UPLOAD,
P-0904,P-0904,P-0904.jpg,P-0904_1.jpg,6619,,,READY_FOR_UPLOAD,
P-0905,P-0905,P-0905.jpg,P-0905_1.jpg,6609,,,READY_FOR_UPLOAD,
P-0906,P-0906,P-0906.jpg,P-0906_1.jpg,6609,,,READY_FOR_UPLOAD,
P-0907,P-0907,P-0907.jpg,P-0907_1.jpg,6609,,,READY_FOR_UPLOAD,
P-0908,P-0908,P-0908.jpg,P-0908_1.jpg,6619,,,READY_FOR_UPLOAD,
P-0909,P-0909,P-0909.jpg,P-0909_1.jpg,6609,,,READY_FOR_UPLOAD,
P-0910,P-0910,P-0910.jpg,P-0910_1.jpg,6609,,,READY_FOR_UPLOAD,
P-0912,P-0912,P-0912.jpg,P-0912_1.jpg,6619,,,READY_FOR_UPLOAD,
P-0913,P-0913,P-0913.jpg,P-0913_1.jpg,6619,,,READY_FOR_UPLOAD,
P-0914,P-0914,P-0914.jpg,P-0914_1.jpg,6609,,,READY_FOR_UPLOAD,
P-0915,P-0915,P-0915.jpg,P-0915_1.jpg,6610,,,READY_FOR_UPLOAD,
P-0916,P-0916,P-0916.jpg,P-0916_1.jpg,6610,,,READY_FOR_UPLOAD,
P-0917,P-0917,P-0917.jpg,P-0917_1.jpg,6610,,,READY_FOR_UPLOAD,
P-0918,P-0918,P-0918.jpg,P-0918_1.jpg,6610,,,READY_FOR_UPLOAD,
P-0919,P-0919,P-0919.jpg,P-0919_1.jpg,6609,,,READY_FOR_UPLOAD,
P-0920,P-0920,P-0920.jpg,P-0920_1.jpg,6619,,,READY_FOR_UPLOAD,
P-0921,P-0921,P-0921.jpg,P-0921_1.jpg,6609,,,READY_FOR_UPLOAD,
P-0922,P-0922,P-0922.jpg,P-0922_1.jpg,6609,,,READY_FOR_UPLOAD,
P-0923,P-0923,P-0923.jpg,P-0923_1.jpg,6610,,,READY_FOR_UPLOAD,
P-0924,P-0924,P-0924.jpg,P-0924_1.jpg,6619,,,READY_FOR_UPLOAD,
P-0925,P-0925,P-0925.jpg,P-0925_1.jpg,6609,,,READY_FOR_UPLOAD,
P-0926,P-0926,P-0926.jpg,P-0926_1.jpg,6619,,,READY_FOR_UPLOAD,
P-0927,P-0927,P-0927.jpg,P-0927_1.jpg,6609,,,READY_FOR_UPLOAD,
P-0928,P-0928,P-0928.jpg,P-0928_1.jpg,6619,,,READY_FOR_UPLOAD,
P-0929,P-0929,P-0929.jpg,P-0929_1.jpg,6609,,,READY_FOR_UPLOAD,
P-0930,P-0930,P-0930.jpg,P-0930_1.jpg,6609,,,READY_FOR_UPLOAD,
P-0931,P-0931,P-0931.jpg,P-0931_1.jpg,6609,,,READY_FOR_UPLOAD,
P-0932,P-0932,P-0932.jpg,P-0932_1.jpg,6609,,,READY_FOR_UPLOAD,
P-0933,P-0933,P-0933.jpg,P-0933_1.jpg,6619,,,READY_FOR_UPLOAD,
P-0934,P-0934,P-0934.jpg,P-0934_1.jpg,6609,,,READY_FOR_UPLOAD,
P-0935,P-0935,P-0935.jpg,P-0935_1.jpg,6609,,,READY_FOR_UPLOAD,
P-0936,P-0936,P-0936.jpg,P-0936_1.jpg,6609,,,READY_FOR_UPLOAD,
P-0937,P-0937,P-0937.jpg,P-0937_1.jpg,6609,,,READY_FOR_UPLOAD,
P-0938,P-0938,P-0938.jpg,P-0938_1.jpg,6619,,,READY_FOR_UPLOAD,
P-0939,P-0939,P-0939.jpg,P-0939_1.jpg,6609,,,READY_FOR_UPLOAD,
P-0940,P-0940,P-0940.jpg,P-0940_1.jpg,6610,,,READY_FOR_UPLOAD,
P-0941,P-0941,P-0941.jpg,P-0941_1.jpg,6619,,,READY_FOR_UPLOAD,
P-0942,P-0942,P-0942.jpg,P-0942_1.jpg,6609,,,READY_FOR_UPLOAD,
P-0943,P-0943,P-0943.jpg,P-0943_1.jpg,6609,,,READY_FOR_UPLOAD,
P-0944,P-0944,P-0944.jpg,P-0944_1.jpg,6609,,,READY_FOR_UPLOAD,
P-0945,P-0945,P-0945.jpg,P-0945_1.jpg,6609,,,READY_FOR_UPLOAD,
P-0946,P-0946,P-0946.jpg,P-0946_1.jpg,6609,,,READY_FOR_UPLOAD,
P-0947,P-0947,P-0947.jpg,P-0947_1.jpg,6609,,,READY_FOR_UPLOAD,
P-0948,P-0948,P-0948.jpg,P-0948_1.jpg,6609,,,READY_FOR_UPLOAD,
P-0949,P-0949,P-0949.jpg,P-0949_1.jpg,6609,,,READY_FOR_UPLOAD,
P-0950,P-0950,P-0950.jpg,P-0950_1.jpg,6609,,,READY_FOR_UPLOAD,
P-0951,P-0951,P-0951.jpg,P-0951_1.jpg,6609,,,READY_FOR_UPLOAD,
P-0952,P-0952,P-0952.jpg,P-0952_1.jpg,6609,,,READY_FOR_UPLOAD,
P-0953,P-0953,P-0953.jpg,P-0953_1.jpg,6619,,,READY_FOR_UPLOAD,
P-0954,P-0954,P-0954.jpg,P-0954_1.jpg,6609,,,READY_FOR_UPLOAD,
P-0955,P-0955,P-0955.jpg,P-0955_1.jpg,6619,,,READY_FOR_UPLOAD,
P-0956,P-0956,P-0956.jpg,P-0956_1.jpg,6609,,,READY_FOR_UPLOAD,
P-0957,P-0957,P-0957.jpg,P-0957_1.jpg,6609,,,READY_FOR_UPLOAD,
P-0958,P-0958,P-0958.jpg,P-0958_1.jpg,6609,,,READY_FOR_UPLOAD,
P-0959,P-0959,P-0959.jpg,P-0959_1.jpg,6609,,,READY_FOR_UPLOAD,
P-0960,P-0960,P-0960.jpg,P-0960_1.jpg,6609,,,READY_FOR_UPLOAD,
P-0961,P-0961,P-0961.jpg,P-0961_1.jpg,6609,,,READY_FOR_UPLOAD,
P-0962,P-0962,P-0962.jpg,P-0962_1.jpg,6610,,,READY_FOR_UPLOAD,
P-0963,P-0963,P-0963.jpg,P-0963_1.jpg,6609,,,READY_FOR_UPLOAD,
P-0964,P-0964,P-0964.jpg,P-0964_1.jpg,6609,,,READY_FOR_UPLOAD,
P-0965,P-0965,P-0965.jpg,P-0965_1.jpg,6609,,,READY_FOR_UPLOAD,
P-0966,P-0966,P-0966.jpg,P-0966_1.jpg,6609,,,READY_FOR_UPLOAD,
P-0967,P-0967,P-0967.jpg,P-0967_1.jpg,6609,,,READY_FOR_UPLOAD,
P-0968,P-0968,P-0968.jpg,P-0968_1.jpg,6609,,,READY_FOR_UPLOAD,
P-0969,P-0969,P-0969.jpg,P-0969_1.jpg,6619,,,READY_FOR_UPLOAD,
P-0970,P-0970,P-0970.jpg,P-0970_1.jpg,6609,,,READY_FOR_UPLOAD,
P-0971,P-0971,P-0971.jpg,P-0971_1.jpg,6609,,,READY_FOR_UPLOAD,
P-0972,P-0972,P-0972.jpg,P-0972_1.jpg,6609,,,READY_FOR_UPLOAD,
P-0973,P-0973,P-0973.jpg,P-0973_1.jpg,6609,,,READY_FOR_UPLOAD,
P-0974,P-0974,P-0974.jpg,P-0974_1.jpg,6609,,,READY_FOR_UPLOAD,
P-0975,P-0975,P-0975.jpg,P-0975_1.jpg,6609,,,READY_FOR_UPLOAD,
P-0976,P-0976,P-0976.jpg,P-0976_1.jpg,6609,,,READY_FOR_UPLOAD,
P-0977,P-0977,P-0977.jpg,P-0977_1.jpg,6609,,,READY_FOR_UPLOAD,
P-0978,P-0978,P-0978.jpg,P-0978_1.jpg,6619,,,READY_FOR_UPLOAD,
P-0979,P-0979,P-0979.jpg,P-0979_1.jpg,6609,,,READY_FOR_UPLOAD,
P-0980,P-0980,P-0980.jpg,P-0980_1.jpg,6609,,,READY_FOR_UPLOAD,
P-0981,P-0981,P-0981.jpg,P-0981_1.jpg,6609,,,READY_FOR_UPLOAD,
P-0982,P-0982,P-0982.jpg,P-0982_1.jpg,6609,,,READY_FOR_UPLOAD,
P-0983,P-0983,P-0983.jpg,P-0983_1.jpg,6609,,,READY_FOR_UPLOAD,
P-0984,P-0984,P-0984.jpg,P-0984_1.jpg,6609,,,READY_FOR_UPLOAD,
P-0985,P-0985,P-0985.jpg,P-0985_1.jpg,6609,,,READY_FOR_UPLOAD,
P-0986,P-0986,P-0986.jpg,P-0986_1.jpg,6609,,,READY_FOR_UPLOAD,
P-0987,P-0987,P-0987.jpg,P-0987_1.jpg,6619,,,READY_FOR_UPLOAD,
P-0988,P-0988,P-0988.jpg,P-0988_1.jpg,6609,,,READY_FOR_UPLOAD,
P-0989,P-0989,P-0989.jpg,P-0989_1.jpg,6609,,,READY_FOR_UPLOAD,
P-0990,P-0990,P-0990.jpg,P-0990_1.jpg,6609,,,READY_FOR_UPLOAD,
P-0991,P-0991,P-0991.jpg,P-0991_1.jpg,6619,,,READY_FOR_UPLOAD,
P-0992,P-0992,P-0992.jpg,P-0992_1.jpg,6609,,,READY_FOR_UPLOAD,
P-0993,P-0993,P-0993.jpg,P-0993_1.jpg,6609,,,READY_FOR_UPLOAD,
P-0994,P-0994,P-0994.jpg,P-0994_1.jpg,6609,,,READY_FOR_UPLOAD,
P-0995,P-0995,P-0995.jpg,P-0995_1.jpg,6609,,,READY_FOR_UPLOAD,
P-0996,P-0996,P-0996.jpg,P-0996_1.jpg,6609,,,READY_FOR_UPLOAD,
P-0997,P-0997,P-0997.jpg,P-0997_1.jpg,6609,,,READY_FOR_UPLOAD,
P-0998,P-0998,P-0998.jpg,P-0998_1.jpg,6609,,,READY_FOR_UPLOAD,
P-0999,P-0999,P-0999.jpg,P-0999_1.jpg,6609,,,READY_FOR_UPLOAD,
P-1000,P-1000,P-1000.jpg,P-1000_1.jpg,6608,,,READY_FOR_UPLOAD,
P-1001,P-1001,P-1001.jpg,P-1001_1.jpg,6609,,,READY_FOR_UPLOAD,
P-1002,P-1002,P-1002.jpg,P-1002_1.jpg,6609,,,READY_FOR_UPLOAD,
P-1003,P-1003,P-1003.jpg,P-1003_1.jpg,6609,,,READY_FOR_UPLOAD,
P-1004,P-1004,P-1004.jpg,P-1004_1.jpg,6619,,,READY_FOR_UPLOAD,
P-1005,P-1005,P-1005.jpg,P-1005_1.jpg,6609,,,READY_FOR_UPLOAD,
P-1006,P-1006,P-1006.jpg,P-1006_1.jpg,6609,,,READY_FOR_UPLOAD,
P-1007,P-1007,P-1007.jpg,P-1007_1.jpg,6609,,,READY_FOR_UPLOAD,
P-1008,P-1008,P-1008.jpg,P-1008_1.jpg,6609,,,READY_FOR_UPLOAD,
P-1009,P-1009,P-1009.jpg,P-1009_1.jpg,6609,,,READY_FOR_UPLOAD,
P-1010,P-1010,P-1010.jpg,P-1010_1.jpg,6610,,,READY_FOR_UPLOAD,
P-1011,P-1011,P-1011.jpg,P-1011_1.jpg,6610,,,READY_FOR_UPLOAD,
P-1012,P-1012,P-1012.jpg,P-1012_1.jpg,6619,,,READY_FOR_UPLOAD,
P-1013,P-1013,P-1013.jpg,P-1013_1.jpg,6609,,,READY_FOR_UPLOAD,
P-1014,P-1014,P-1014.jpg,P-1014_1.jpg,6609,,,READY_FOR_UPLOAD,
P-1015,P-1015,P-1015.jpg,P-1015_1.jpg,6609,,,READY_FOR_UPLOAD,
P-1016,P-1016,P-1016.jpg,P-1016_1.jpg,6609,,,READY_FOR_UPLOAD,
P-1017,P-1017,P-1017.jpg,P-1017_1.jpg,6619,,,READY_FOR_UPLOAD,
P-1018,P-1018,P-1018.jpg,P-1018_1.jpg,6609,,,READY_FOR_UPLOAD,
P-1019,P-1019,P-1019.jpg,P-1019_1.jpg,6609,,,READY_FOR_UPLOAD,
P-1020,P-1020,P-1020.jpg,P-1020_1.jpg,6610,,,READY_FOR_UPLOAD,
P-1021,P-1021,P-1021.jpg,P-1021_1.jpg,6609,,,READY_FOR_UPLOAD,
P-1022,P-1022,P-1022.jpg,P-1022_1.jpg,6609,,,READY_FOR_UPLOAD,
P-1023,P-1023,P-1023.jpg,P-1023_1.jpg,6609,,,READY_FOR_UPLOAD,
P-1024,P-1024,P-1024.jpg,P-1024_1.jpg,6610,,,READY_FOR_UPLOAD,
P-1025,P-1025,P-1025.jpg,P-1025_1.jpg,6609,,,READY_FOR_UPLOAD,
P-1026,P-1026,P-1026.jpg,P-1026_1.jpg,6610,,,READY_FOR_UPLOAD,
P-1027,P-1027,P-1027.jpg,P-1027_1.jpg,6609,,,READY_FOR_UPLOAD,
P-1028,P-1028,P-1028.jpg,P-1028_1.jpg,6609,,,READY_FOR_UPLOAD,
P-1029,P-1029,P-1029.jpg,P-1029_1.jpg,6609,,,READY_FOR_UPLOAD,
P-1030,P-1030,P-1030.jpg,P-1030_1.jpg,6609,,,READY_FOR_UPLOAD,
P-1031,P-1031,P-1031.jpg,P-1031_1.jpg,6609,,,READY_FOR_UPLOAD,
P-1032,P-1032,P-1032.jpg,P-1032_1.jpg,6610,,,READY_FOR_UPLOAD,
P-1033,P-1033,P-1033.jpg,P-1033_1.jpg,6609,,,READY_FOR_UPLOAD,
P-1034,P-1034,P-1034.jpg,P-1034_1.jpg,6610,,,READY_FOR_UPLOAD,
P-1035,P-1035,P-1035.jpg,P-1035_1.jpg,6609,,,READY_FOR_UPLOAD,
P-1036,P-1036,P-1036.jpg,P-1036_1.jpg,6609,,,READY_FOR_UPLOAD,
P-1037,P-1037,P-1037.jpg,P-1037_1.jpg,6609,,,READY_FOR_UPLOAD,
P-1038,P-1038,P-1038.jpg,P-1038_1.jpg,6609,,,READY_FOR_UPLOAD,
P-1039,P-1039,P-1039.jpg,P-1039_1.jpg,6619,,,READY_FOR_UPLOAD,
P-1040,P-1040,P-1040.jpg,P-1040_1.jpg,6609,,,READY_FOR_UPLOAD,
P-1041,P-1041,P-1041.jpg,P-1041_1.jpg,6609,,,READY_FOR_UPLOAD,
P-1042,P-1042,P-1042.jpg,P-1042_1.jpg,6609,,,READY_FOR_UPLOAD,
P-1043,P-1043,P-1043.jpg,P-1043_1.jpg,6609,,,READY_FOR_UPLOAD,
P-1044,P-1044,P-1044.jpg,P-1044_1.jpg,6609,,,READY_FOR_UPLOAD,
P-1045,P-1045,P-1045.jpg,P-1045_1.jpg,6609,,,READY_FOR_UPLOAD,
P-1046,P-1046,P-1046.jpg,P-1046_1.jpg,6609,,,READY_FOR_UPLOAD,
P-1047,P-1047,P-1047.jpg,P-1047_1.jpg,6619,,,READY_FOR_UPLOAD,
P-1048,P-1048,P-1048.jpg,P-1048_1.jpg,6609,,,READY_FOR_UPLOAD,
P-1049,P-1049,P-1049.jpg,P-1049_1.jpg,6609,,,READY_FOR_UPLOAD,
P-1050,P-1050,P-1050.jpg,P-1050_1.jpg,6609,,,READY_FOR_UPLOAD,
P-1051,P-1051,P-1051.jpg,P-1051_1.jpg,6619,,,READY_FOR_UPLOAD,
P-1052,P-1052,P-1052.jpg,P-1052_1.jpg,6609,,,READY_FOR_UPLOAD,
P-1053,P-1053,P-1053.jpg,P-1053_1.jpg,6609,,,READY_FOR_UPLOAD,
P-1054,P-1054,P-1054.jpg,P-1054_1.jpg,6609,,,READY_FOR_UPLOAD,
P-1055,P-1055,P-1055.jpg,P-1055_1.jpg,6609,,,READY_FOR_UPLOAD,
P-1056,P-1056,P-1056.jpg,P-1056_1.jpg,6609,,,READY_FOR_UPLOAD,
P-1057,P-1057,P-1057.jpg,P-1057_1.jpg,6609,,,READY_FOR_UPLOAD,
P-1058,P-1058,P-1058.jpg,P-1058_1.jpg,6608,,,READY_FOR_UPLOAD,
P-1059,P-1059,P-1059.jpg,P-1059_1.jpg,6619,,,READY_FOR_UPLOAD,
P-1060,P-1060,P-1060.jpg,P-1060_1.jpg,6609,,,READY_FOR_UPLOAD,
P-1061,P-1061,P-1061.jpg,P-1061_1.jpg,6609,,,READY_FOR_UPLOAD,
P-1062,P-1062,P-1062.jpg,P-1062_1.jpg,6609,,,READY_FOR_UPLOAD,
P-1063,P-1063,P-1063.jpg,P-1063_1.jpg,6609,,,READY_FOR_UPLOAD,
P-1064,P-1064,P-1064.jpg,P-1064_1.jpg,6609,,,READY_FOR_UPLOAD,
P-1065,P-1065,P-1065.jpg,P-1065_1.jpg,6609,,,READY_FOR_UPLOAD,
P-1066,P-1066,P-1066.jpg,P-1066_1.jpg,6609,,,READY_FOR_UPLOAD,
P-1067,P-1067,P-1067.jpg,P-1067_1.jpg,6609,,,READY_FOR_UPLOAD,
P-1068,P-1068,P-1068.jpg,P-1068_1.jpg,6619,,,READY_FOR_UPLOAD,
P-1069,P-1069,P-1069.jpg,P-1069_1.jpg,6609,,,READY_FOR_UPLOAD,
P-1070,P-1070,P-1070.jpg,P-1070_1.jpg,6609,,,READY_FOR_UPLOAD,
P-1071,P-1071,P-1071.jpg,P-1071_1.jpg,6609,,,READY_FOR_UPLOAD,
P-1072,P-1072,P-1072.jpg,P-1072_1.jpg,6619,,,READY_FOR_UPLOAD,
P-1073,P-1073,P-1073.jpg,P-1073_1.jpg,6609,,,READY_FOR_UPLOAD,
P-1074,P-1074,P-1074.jpg,P-1074_1.jpg,6609,,,READY_FOR_UPLOAD,
P-1075,P-1075,P-1075.jpg,P-1075_1.jpg,6609,,,READY_FOR_UPLOAD,
P-1076,P-1076,P-1076.jpg,P-1076_1.jpg,6610,,,READY_FOR_UPLOAD,
P-1077,P-1077,P-1077.jpg,P-1077_1.jpg,6609,,,READY_FOR_UPLOAD,
P-1078,P-1078,P-1078.jpg,P-1078_1.jpg,6609,,,READY_FOR_UPLOAD,
P-1079,P-1079,P-1079.jpg,P-1079_1.jpg,6609,,,READY_FOR_UPLOAD,
P-1080,P-1080,P-1080.jpg,P-1080_1.jpg,6609,,,READY_FOR_UPLOAD,
P-1081,P-1081,P-1081.jpg,P-1081_1.jpg,6609,,,READY_FOR_UPLOAD,
P-1082,P-1082,P-1082.jpg,P-1082_1.jpg,6609,,,READY_FOR_UPLOAD,
P-1083,P-1083,P-1083.jpg,P-1083_1.jpg,6610,,,READY_FOR_UPLOAD,
P-1084,P-1084,P-1084.jpg,P-1084_1.jpg,6609,,,READY_FOR_UPLOAD,
P-1085,P-1085,P-1085.jpg,P-1085_1.jpg,6609,,,READY_FOR_UPLOAD,
P-1086,P-1086,P-1086.jpg,P-1086_1.jpg,6609,,,READY_FOR_UPLOAD,
P-1087,P-1087,P-1087.jpg,P-1087_1.jpg,6619,,,READY_FOR_UPLOAD,
P-1088,P-1088,P-1088.jpg,P-1088_1.jpg,6619,,,READY_FOR_UPLOAD,
P-1089,P-1089,P-1089.jpg,P-1089_1.jpg,6619,,,READY_FOR_UPLOAD,
P-1090,P-1090,P-1090.jpg,P-1090_1.jpg,6609,,,READY_FOR_UPLOAD,
P-1091,P-1091,P-1091.jpg,P-1091_1.jpg,6609,,,READY_FOR_UPLOAD,
P-1092,P-1092,P-1092.jpg,P-1092_1.jpg,6609,,,READY_FOR_UPLOAD,
P-1093,P-1093,P-1093.jpg,P-1093_1.jpg,6609,,,READY_FOR_UPLOAD,
P-1094,P-1094,P-1094.jpg,P-1094_1.jpg,6619,,,READY_FOR_UPLOAD,
P-1095,P-1095,P-1095.jpg,P-1095_1.jpg,6609,,,READY_FOR_UPLOAD,
P-1096,P-1096,P-1096.jpg,P-1096_1.jpg,6609,,,READY_FOR_UPLOAD,
P-1097,P-1097,P-1097.jpg,P-1097_1.jpg,6609,,,READY_FOR_UPLOAD,
P-1098,P-1098,P-1098.jpg,P-1098_1.jpg,6609,,,READY_FOR_UPLOAD,
P-1099,P-1099,P-1099.jpg,P-1099_1.jpg,6609,,,READY_FOR_UPLOAD,
P-1100,P-1100,P-1100.jpg,P-1100_1.jpg,6609,,,READY_FOR_UPLOAD,
P-1101,P-1101,P-1101.jpg,P-1101_1.jpg,6609,,,READY_FOR_UPLOAD,
P-1102,P-1102,P-1102.jpg,P-1102_1.jpg,6609,,,READY_FOR_UPLOAD,
P-1103,P-1103,P-1103.jpg,P-1103_1.jpg,6609,,,READY_FOR_UPLOAD,
P-1104,P-1104,P-1104.jpg,P-1104_1.jpg,6609,,,READY_FOR_UPLOAD,
P-1105,P-1105,P-1105.jpg,P-1105_1.jpg,6609,,,READY_FOR_UPLOAD,
P-1106,P-1106,P-1106.jpg,P-1106_1.jpg,6619,,,READY_FOR_UPLOAD,
P-1107,P-1107,P-1107.jpg,P-1107_1.jpg,6619,,,READY_FOR_UPLOAD,
P-1108,P-1108,P-1108.jpg,P-1108_1.jpg,6619,,,READY_FOR_UPLOAD,
P-1109,P-1109,P-1109.jpg,P-1109_1.jpg,6619,,,READY_FOR_UPLOAD,
P-1110,P-1110,P-1110.jpg,P-1110_1.jpg,6609,,,READY_FOR_UPLOAD,
P-1111,P-1111,P-1111.jpg,P-1111_1.jpg,6609,,,READY_FOR_UPLOAD,
P-1112,P-1112,P-1112.jpg,P-1112_1.jpg,6609,,,READY_FOR_UPLOAD,
P-1113,P-1113,P-1113.jpg,P-1113_1.jpg,6609,,,READY_FOR_UPLOAD,
P-1114,P-1114,P-1114.jpg,P-1114_1.jpg,6609,,,READY_FOR_UPLOAD,
P-1115,P-1115,P-1115.jpg,P-1115_1.jpg,6609,,,READY_FOR_UPLOAD,
P-1116,P-1116,P-1116.jpg,P-1116_1.jpg,6609,,,READY_FOR_UPLOAD,
P-1117,P-1117,P-1117.jpg,P-1117_1.jpg,6609,,,READY_FOR_UPLOAD,
P-1118,P-1118,P-1118.jpg,P-1118_1.jpg,6609,,,READY_FOR_UPLOAD,
P-1119,P-1119,P-1119.jpg,P-1119_1.jpg,6609,,,READY_FOR_UPLOAD,
P-1120,P-1120,P-1120.jpg,P-1120_1.jpg,6609,,,READY_FOR_UPLOAD,
P-1121,P-1121,P-1121.jpg,P-1121_1.jpg,6609,,,READY_FOR_UPLOAD,
P-1122,P-1122,P-1122.jpg,P-1122_1.jpg,6609,,,READY_FOR_UPLOAD,
P-1123,P-1123,P-1123.jpg,P-1123_1.jpg,6619,,,READY_FOR_UPLOAD,
P-1124,P-1124,P-1124.jpg,P-1124_1.jpg,6609,,,READY_FOR_UPLOAD,
P-1125,P-1125,P-1125.jpg,P-1125_1.jpg,6609,,,READY_FOR_UPLOAD,
P-1126,P-1126,P-1126.jpg,P-1126_1.jpg,6609,,,READY_FOR_UPLOAD,
P-1127,P-1127,P-1127.jpg,P-1127_1.jpg,6609,,,READY_FOR_UPLOAD,
P-1128,P-1128,P-1128.jpg,P-1128_1.jpg,6609,,,READY_FOR_UPLOAD,
P-1129,P-1129,P-1129.jpg,P-1129_1.jpg,6609,,,READY_FOR_UPLOAD,
P-1130,P-1130,P-1130.jpg,P-1130_1.jpg,6609,,,READY_FOR_UPLOAD,
P-1131,P-1131,P-1131.jpg,P-1131_1.jpg,6609,,,READY_FOR_UPLOAD,
P-1132,P-1132,P-1132.jpg,P-1132_1.jpg,6609,,,READY_FOR_UPLOAD,
P-1133,P-1133,P-1133.jpg,P-1133_1.jpg,6609,,,READY_FOR_UPLOAD,
P-1134,P-1134,P-1134.jpg,P-1134_1.jpg,6609,,,READY_FOR_UPLOAD,
P-1135,P-1135,P-1135.jpg,P-1135_1.jpg,6609,,,READY_FOR_UPLOAD,
P-1136,P-1136,P-1136.jpg,P-1136_1.jpg,6609,,,READY_FOR_UPLOAD,
P-1137,P-1137,P-1137.jpg,P-1137_1.jpg,6619,,,READY_FOR_UPLOAD,
P-1138,P-1138,P-1138.jpg,P-1138_1.jpg,6609,,,READY_FOR_UPLOAD,
P-1139,P-1139,P-1139.jpg,P-1139_1.jpg,6609,,,READY_FOR_UPLOAD,
P-1140,P-1140,P-1140.jpg,P-1140_1.jpg,6609,,,READY_FOR_UPLOAD,
P-1141,P-1141,P-1141.jpg,P-1141_1.jpg,6609,,,READY_FOR_UPLOAD,
P-1142,P-1142,P-1142.jpg,P-1142_1.jpg,6609,,,READY_FOR_UPLOAD,
P-1143,P-1143,P-1143.jpg,P-1143_1.jpg,6609,,,READY_FOR_UPLOAD,
P-1144,P-1144,P-1144.jpg,P-1144_1.jpg,6609,,,READY_FOR_UPLOAD,
P-1145,P-1145,P-1145.jpg,P-1145_1.jpg,6609,,,READY_FOR_UPLOAD,
P-1146,P-1146,P-1146.jpg,P-1146_1.jpg,6609,,,READY_FOR_UPLOAD,
P-1147,P-1147,P-1147.jpg,P-1147_1.jpg,6609,,,READY_FOR_UPLOAD,
P-1148,P-1148,P-1148.jpg,P-1148_1.jpg,6609,,,READY_FOR_UPLOAD,
P-1149,P-1149,P-1149.jpg,P-1149_1.jpg,6609,,,READY_FOR_UPLOAD,
P-1150,P-1150,P-1150.jpg,P-1150_1.jpg,6609,,,READY_FOR_UPLOAD,
P-1151,P-1151,P-1151.jpg,P-1151_1.jpg,6609,,,READY_FOR_UPLOAD,
P-1152,P-1152,P-1152.jpg,P-1152_1.jpg,6609,,,READY_FOR_UPLOAD,
P-1153,P-1153,P-1153.jpg,P-1153_1.jpg,6609,,,READY_FOR_UPLOAD,
P-1154,P-1154,P-1154.jpg,P-1154_1.jpg,6619,,,READY_FOR_UPLOAD,
P-1155,P-1155,P-1155.jpg,P-1155_1.jpg,6609,,,READY_FOR_UPLOAD,
P-1156,P-1156,P-1156.jpg,P-1156_1.jpg,6609,,,READY_FOR_UPLOAD,
P-1157,P-1157,P-1157.jpg,P-1157_1.jpg,6609,,,READY_FOR_UPLOAD,
P-1158,P-1158,P-1158.jpg,P-1158_1.jpg,6609,,,READY_FOR_UPLOAD,
P-1159,P-1159,P-1159.jpg,P-1159_1.jpg,6610,,,READY_FOR_UPLOAD,
P-1160,P-1160,P-1160.jpg,P-1160_1.jpg,6609,,,READY_FOR_UPLOAD,
P-1161,P-1161,P-1161.jpg,P-1161_1.jpg,6609,,,READY_FOR_UPLOAD,
P-1162,P-1162,P-1162.jpg,P-1162_1.jpg,6609,,,READY_FOR_UPLOAD,
P-1163,P-1163,P-1163.jpg,P-1163_1.jpg,6609,,,READY_FOR_UPLOAD,
P-1164,P-1164,P-1164.jpg,P-1164_1.jpg,6609,,,READY_FOR_UPLOAD,
P-1165,P-1165,P-1165.jpg,P-1165_1.jpg,6610,,,READY_FOR_UPLOAD,
P-1166,P-1166,P-1166.jpg,P-1166_1.jpg,6609,,,READY_FOR_UPLOAD,
P-1167,P-1167,P-1167.jpg,P-1167_1.jpg,6609,,,READY_FOR_UPLOAD,
P-1168,P-1168,P-1168.jpg,P-1168_1.jpg,6609,,,READY_FOR_UPLOAD,
P-1169,P-1169,P-1169.jpg,P-1169_1.jpg,6609,,,READY_FOR_UPLOAD,
P-1170,P-1170,P-1170.jpg,P-1170_1.jpg,6609,,,READY_FOR_UPLOAD,
P-1171,P-1171,P-1171.jpg,P-1171_1.jpg,6609,,,READY_FOR_UPLOAD,
P-1172,P-1172,P-1172.jpg,P-1172_1.jpg,6609,,,READY_FOR_UPLOAD,
P-1173,P-1173,P-1173.jpg,P-1173_1.jpg,6609,,,READY_FOR_UPLOAD,
P-1174,P-1174,P-1174.jpg,P-1174_1.jpg,6610,,,READY_FOR_UPLOAD,
P-1175,P-1175,P-1175.jpg,P-1175_1.jpg,6608,,,READY_FOR_UPLOAD,
P-1176,P-1176,P-1176.jpg,P-1176_1.jpg,6610,,,READY_FOR_UPLOAD,
P-1177,P-1177,P-1177.jpg,P-1177_1.jpg,6609,,,READY_FOR_UPLOAD,
P-1178,P-1178,P-1178.jpg,P-1178_1.jpg,6609,,,READY_FOR_UPLOAD,
P-1179,P-1179,P-1179.jpg,P-1179_1.jpg,6609,,,READY_FOR_UPLOAD,
P-1180,P-1180,P-1180.jpg,P-1180_1.jpg,6609,,,READY_FOR_UPLOAD,
P-1181,P-1181,P-1181.jpg,P-1181_1.jpg,6609,,,READY_FOR_UPLOAD,
P-1182,P-1182,P-1182.jpg,P-1182_1.jpg,6609,,,READY_FOR_UPLOAD,
P-1183,P-1183,P-1183.jpg,P-1183_1.jpg,6608,,,READY_FOR_UPLOAD,
P-1184,P-1184,P-1184.jpg,P-1184_1.jpg,6609,,,READY_FOR_UPLOAD,
P-1185,P-1185,P-1185.jpg,P-1185_1.jpg,6609,,,READY_FOR_UPLOAD,
P-1186,P-1186,P-1186.jpg,P-1186_1.jpg,6609,,,READY_FOR_UPLOAD,
P-1187,P-1187,P-1187.jpg,P-1187_1.jpg,6609,,,READY_FOR_UPLOAD,
P-1188,P-1188,P-1188.jpg,P-1188_1.jpg,6609,,,READY_FOR_UPLOAD,
P-1189,P-1189,P-1189.jpg,P-1189_1.jpg,6609,,,READY_FOR_UPLOAD,
P-1190,P-1190,P-1190.jpg,P-1190_1.jpg,6619,,,READY_FOR_UPLOAD,
P-1191,P-1191,P-1191.jpg,P-1191_1.jpg,6609,,,READY_FOR_UPLOAD,
P-1192,P-1192,P-1192.jpg,P-1192_1.jpg,6609,,,READY_FOR_UPLOAD,
P-1193,P-1193,P-1193.jpg,P-1193_1.jpg,6609,,,READY_FOR_UPLOAD,
P-1194,P-1194,P-1194.jpg,P-1194_1.jpg,6609,,,READY_FOR_UPLOAD,
P-1195,P-1195,P-1195.jpg,P-1195_1.jpg,6610,,,READY_FOR_UPLOAD,
P-1196,P-1196,P-1196.jpg,P-1196_1.jpg,6609,,,READY_FOR_UPLOAD,
P-1197,P-1197,P-1197.jpg,P-1197_1.jpg,6609,,,READY_FOR_UPLOAD,
P-1198,P-1198,P-1198.jpg,P-1198_1.jpg,6609,,,READY_FOR_UPLOAD,
P-1199,P-1199,P-1199.jpg,P-1199_1.jpg,6609,,,READY_FOR_UPLOAD,
P-1200,P-1200,P-1200.jpg,P-1200_1.jpg,6609,,,READY_FOR_UPLOAD,
P-1201,P-1201,P-1201.jpg,P-1201_1.jpg,6609,,,READY_FOR_UPLOAD,
P-1202,P-1202,P-1202.jpg,P-1202_1.jpg,6609,,,READY_FOR_UPLOAD,
P-1203,P-1203,P-1203.jpg,P-1203_1.jpg,6609,,,READY_FOR_UPLOAD,
P-1204,P-1204,P-1204.jpg,P-1204_1.jpg,6609,,,READY_FOR_UPLOAD,
P-1205,P-1205,P-1205.jpg,P-1205_1.jpg,6610,,,READY_FOR_UPLOAD,
P-1206,P-1206,P-1206.jpg,P-1206_1.jpg,6619,,,READY_FOR_UPLOAD,
P-1207,P-1207,P-1207.jpg,P-1207_1.jpg,6609,,,READY_FOR_UPLOAD,
P-1208,P-1208,P-1208.jpg,P-1208_1.jpg,6609,,,READY_FOR_UPLOAD,
P-1209,P-1209,P-1209.jpg,P-1209_1.jpg,6609,,,READY_FOR_UPLOAD,
P-1210,P-1210,P-1210.jpg,P-1210_1.jpg,6609,,,READY_FOR_UPLOAD,
P-1211,P-1211,P-1211.jpg,P-1211_1.jpg,6609,,,READY_FOR_UPLOAD,
P-1212,P-1212,P-1212.jpg,P-1212_1.jpg,6609,,,READY_FOR_UPLOAD,
P-1213,P-1213,P-1213.jpg,P-1213_1.jpg,6609,,,READY_FOR_UPLOAD,
P-1214,P-1214,P-1214.jpg,P-1214_1.jpg,6609,,,READY_FOR_UPLOAD,
P-1215,P-1215,P-1215.jpg,P-1215_1.jpg,6609,,,READY_FOR_UPLOAD,
P-1216,P-1216,P-1216.jpg,P-1216_1.jpg,6609,,,READY_FOR_UPLOAD,
P-1217,P-1217,P-1217.jpg,P-1217_1.jpg,6609,,,READY_FOR_UPLOAD,
P-1218,P-1218,P-1218.jpg,P-1218_1.jpg,6609,,,READY_FOR_UPLOAD,
P-1219,P-1219,P-1219.jpg,P-1219_1.jpg,6619,,,READY_FOR_UPLOAD,
P-1220,P-1220,P-1220.jpg,P-1220_1.jpg,6609,,,READY_FOR_UPLOAD,
P-1221,P-1221,P-1221.jpg,P-1221_1.jpg,6609,,,READY_FOR_UPLOAD,
P-1222,P-1222,P-1222.jpg,P-1222_1.jpg,6619,,,READY_FOR_UPLOAD,
P-1223,P-1223,P-1223.jpg,P-1223_1.jpg,6609,,,READY_FOR_UPLOAD,
P-1224,P-1224,P-1224.jpg,P-1224_1.jpg,6609,,,READY_FOR_UPLOAD,
P-1225,P-1225,P-1225.jpg,P-1225_1.jpg,6609,,,READY_FOR_UPLOAD,
P-1226,P-1226,P-1226.jpg,P-1226_1.jpg,6610,,,READY_FOR_UPLOAD,
P-1227,P-1227,P-1227.jpg,P-1227_1.jpg,6609,,,READY_FOR_UPLOAD,
P-1228,P-1228,P-1228.jpg,P-1228_1.jpg,6609,,,READY_FOR_UPLOAD,
P-1229,P-1229,P-1229.jpg,P-1229_1.jpg,6609,,,READY_FOR_UPLOAD,
P-1230,P-1230,P-1230.jpg,P-1230_1.jpg,6609,,,READY_FOR_UPLOAD,
P-1231,P-1231,P-1231.jpg,P-1231_1.jpg,6609,,,READY_FOR_UPLOAD,
P-1232,P-1232,P-1232.jpg,P-1232_1.jpg,6609,,,READY_FOR_UPLOAD,
P-1233,P-1233,P-1233.jpg,P-1233_1.jpg,6610,,,READY_FOR_UPLOAD,
P-1234,P-1234,P-1234.jpg,P-1234_1.jpg,6609,,,READY_FOR_UPLOAD,
P-1235,P-1235,P-1235.jpg,P-1235_1.jpg,6609,,,READY_FOR_UPLOAD,
P-1236,P-1236,P-1236.jpg,P-1236_1.jpg,6610,,,READY_FOR_UPLOAD,
P-1237,P-1237,P-1237.jpg,P-1237_1.jpg,6609,,,READY_FOR_UPLOAD,
P-1238,P-1238,P-1238.jpg,P-1238_1.jpg,6609,,,READY_FOR_UPLOAD,
P-1239,P-1239,P-1239.jpg,P-1239_1.jpg,6609,,,READY_FOR_UPLOAD,
P-1240,P-1240,P-1240.jpg,P-1240_1.jpg,6609,,,READY_FOR_UPLOAD,
P-1241,P-1241,P-1241.jpg,P-1241_1.jpg,6609,,,READY_FOR_UPLOAD,
P-1242,P-1242,P-1242.jpg,P-1242_1.jpg,6619,,,READY_FOR_UPLOAD,
P-1243,P-1243,P-1243.jpg,P-1243_1.jpg,6609,,,READY_FOR_UPLOAD,
P-1244,P-1244,P-1244.jpg,P-1244_1.jpg,6609,,,READY_FOR_UPLOAD,
P-1245,P-1245,P-1245.jpg,P-1245_1.jpg,6609,,,READY_FOR_UPLOAD,
P-1246,P-1246,P-1246.jpg,P-1246_1.jpg,6609,,,READY_FOR_UPLOAD,
P-1247,P-1247,P-1247.jpg,P-1247_1.jpg,6609,,,READY_FOR_UPLOAD,
P-1248,P-1248,P-1248.jpg,P-1248_1.jpg,6609,,,READY_FOR_UPLOAD,
P-1249,P-1249,P-1249.jpg,P-1249_1.jpg,6609,,,READY_FOR_UPLOAD,
P-1250,P-1250,P-1250.jpg,P-1250_1.jpg,6609,,,READY_FOR_UPLOAD,
P-1251,P-1251,P-1251.jpg,P-1251_1.jpg,6609,,,READY_FOR_UPLOAD,
P-1252,P-1252,P-1252.jpg,P-1252_1.jpg,6609,,,READY_FOR_UPLOAD,
P-1253,P-1253,P-1253.jpg,P-1253_1.jpg,6609,,,READY_FOR_UPLOAD,
P-1254,P-1254,P-1254.jpg,P-1254_1.jpg,6609,,,READY_FOR_UPLOAD,
P-1255,P-1255,P-1255.jpg,P-1255_1.jpg,6609,,,READY_FOR_UPLOAD,
P-1256,P-1256,P-1256.jpg,P-1256_1.jpg,6609,,,READY_FOR_UPLOAD,
P-1257,P-1257,P-1257.jpg,P-1257_1.jpg,6609,,,READY_FOR_UPLOAD,
P-1258,P-1258,P-1258.jpg,P-1258_1.jpg,6609,,,READY_FOR_UPLOAD,
P-1259,P-1259,P-1259.jpg,P-1259_1.jpg,6609,,,READY_FOR_UPLOAD,
P-1260,P-1260,P-1260.jpg,P-1260_1.jpg,6609,,,READY_FOR_UPLOAD,
P-1261,P-1261,P-1261.jpg,P-1261_1.jpg,6609,,,READY_FOR_UPLOAD,
P-1262,P-1262,P-1262.jpg,P-1262_1.jpg,6609,,,READY_FOR_UPLOAD,
P-1263,P-1263,P-1263.jpg,P-1263_1.jpg,6609,,,READY_FOR_UPLOAD,
P-1264,P-1264,P-1264.jpg,P-1264_1.jpg,6609,,,READY_FOR_UPLOAD,
P-1265,P-1265,P-1265.jpg,P-1265_1.jpg,6609,,,READY_FOR_UPLOAD,
P-1266,P-1266,P-1266.jpg,P-1266_1.jpg,6609,,,READY_FOR_UPLOAD,
P-1267,P-1267,P-1267.jpg,P-1267_1.jpg,6609,,,READY_FOR_UPLOAD,
P-1268,P-1268,P-1268.jpg,P-1268_1.jpg,6609,,,READY_FOR_UPLOAD,
P-1269,P-1269,P-1269.jpg,P-1269_1.jpg,6609,,,READY_FOR_UPLOAD,
P-1270,P-1270,P-1270.jpg,P-1270_1.jpg,6609,,,READY_FOR_UPLOAD,
P-1271,P-1271,P-1271.jpg,P-1271_1.jpg,6609,,,READY_FOR_UPLOAD,
P-1272,P-1272,P-1272.jpg,P-1272_1.jpg,6609,,,READY_FOR_UPLOAD,
P-1273,P-1273,P-1273.jpg,P-1273_1.jpg,6609,,,READY_FOR_UPLOAD,
P-1274,P-1274,P-1274.jpg,P-1274_1.jpg,6609,,,READY_FOR_UPLOAD,
P-1275,P-1275,P-1275.jpg,P-1275_1.jpg,6609,,,READY_FOR_UPLOAD,
P-1276,P-1276,P-1276.jpg,P-1276_1.jpg,6609,,,READY_FOR_UPLOAD,
P-1277,P-1277,P-1277.jpg,P-1277_1.jpg,6610,,,READY_FOR_UPLOAD,
P-1278,P-1278,P-1278.jpg,P-1278_1.jpg,6609,,,READY_FOR_UPLOAD,
P-1279,P-1279,P-1279.jpg,P-1279_1.jpg,6609,,,READY_FOR_UPLOAD,
P-1280,P-1280,P-1280.jpg,P-1280_1.jpg,6609,,,READY_FOR_UPLOAD,
P-1281,P-1281,P-1281.jpg,P-1281_1.jpg,6609,,,READY_FOR_UPLOAD,
P-1282,P-1282,P-1282.jpg,P-1282_1.jpg,6609,,,READY_FOR_UPLOAD,
P-1283,P-1283,P-1283.jpg,P-1283_1.jpg,6609,,,READY_FOR_UPLOAD,
P-1284,P-1284,P-1284.jpg,P-1284_1.jpg,6609,,,READY_FOR_UPLOAD,
P-1285,P-1285,P-1285.jpg,P-1285_1.jpg,6609,,,READY_FOR_UPLOAD,
P-1286,P-1286,P-1286.jpg,P-1286_1.jpg,6610,,,READY_FOR_UPLOAD,
P-1287,P-1287,P-1287.jpg,P-1287_1.jpg,6609,,,READY_FOR_UPLOAD,
P-1288,P-1288,P-1288.jpg,P-1288_1.jpg,6609,,,READY_FOR_UPLOAD,
P-1289,P-1289,P-1289.jpg,P-1289_1.jpg,6609,,,READY_FOR_UPLOAD,
P-1290,P-1290,P-1290.jpg,P-1290_1.jpg,6609,,,READY_FOR_UPLOAD,
P-1291,P-1291,P-1291.jpg,P-1291_1.jpg,6609,,,READY_FOR_UPLOAD,
P-1292,P-1292,P-1292.jpg,P-1292_1.jpg,6609,,,READY_FOR_UPLOAD,
P-1293,P-1293,P-1293.jpg,P-1293_1.jpg,6609,,,READY_FOR_UPLOAD,
P-1294,P-1294,P-1294.jpg,P-1294_1.jpg,6609,,,READY_FOR_UPLOAD,
P-1295,P-1295,P-1295.jpg,P-1295_1.jpg,6609,,,READY_FOR_UPLOAD,
P-1296,P-1296,P-1296.jpg,P-1296_1.jpg,6609,,,READY_FOR_UPLOAD,
P-1297,P-1297,P-1297.jpg,P-1297_1.jpg,6610,,,READY_FOR_UPLOAD,
P-1298,P-1298,P-1298.jpg,P-1298_1.jpg,6609,,,READY_FOR_UPLOAD,
P-1299,P-1299,P-1299.jpg,P-1299_1.jpg,6610,,,READY_FOR_UPLOAD,
P-1300,P-1300,P-1300.jpg,P-1300_1.jpg,6609,,,READY_FOR_UPLOAD,
P-1301,P-1301,P-1301.jpg,P-1301_1.jpg,6609,,,READY_FOR_UPLOAD,
P-1302,P-1302,P-1302.jpg,P-1302_1.jpg,6609,,,READY_FOR_UPLOAD,
P-1303,P-1303,P-1303.jpg,P-1303_1.jpg,6609,,,READY_FOR_UPLOAD,
P-1304,P-1304,P-1304.jpg,P-1304_1.jpg,6609,,,READY_FOR_UPLOAD,
P-1305,P-1305,P-1305.jpg,P-1305_1.jpg,6609,,,READY_FOR_UPLOAD,
P-1306,P-1306,P-1306.jpg,P-1306_1.jpg,6609,,,READY_FOR_UPLOAD,
P-1307,P-1307,P-1307.jpg,P-1307_1.jpg,6609,,,READY_FOR_UPLOAD,
P-1308,P-1308,P-1308.jpg,P-1308_1.jpg,6609,,,READY_FOR_UPLOAD,
P-1309,P-1309,P-1309.jpg,P-1309_1.jpg,6609,,,READY_FOR_UPLOAD,
P-1310,P-1310,P-1310.jpg,P-1310_1.jpg,6609,,,READY_FOR_UPLOAD,
P-1311,P-1311,P-1311.jpg,P-1311_1.jpg,6609,,,READY_FOR_UPLOAD,
P-1312,P-1312,P-1312.jpg,P-1312_1.jpg,6609,,,READY_FOR_UPLOAD,
P-1313,P-1313,P-1313.jpg,P-1313_1.jpg,6609,,,READY_FOR_UPLOAD,
P-1314,P-1314,P-1314.jpg,P-1314_1.jpg,6609,,,READY_FOR_UPLOAD,
P-1315,P-1315,P-1315.jpg,P-1315_1.jpg,6609,,,READY_FOR_UPLOAD,
P-1316,P-1316,P-1316.jpg,P-1316_1.jpg,6609,,,READY_FOR_UPLOAD,
P-1317,P-1317,P-1317.jpg,P-1317_1.jpg,6609,,,READY_FOR_UPLOAD,
P-1318,P-1318,P-1318.jpg,P-1318_1.jpg,6609,,,READY_FOR_UPLOAD,
P-1319,P-1319,P-1319.jpg,P-1319_1.jpg,6609,,,READY_FOR_UPLOAD,
P-1320,P-1320,P-1320.jpg,P-1320_1.jpg,6623,,,READY_FOR_UPLOAD,
P-1321,P-1321,P-1321.jpg,P-1321_1.jpg,6609,,,READY_FOR_UPLOAD,
P-1322,P-1322,P-1322.jpg,P-1322_1.jpg,6610,,,READY_FOR_UPLOAD,
P-1323,P-1323,P-1323.jpg,P-1323_1.jpg,6609,,,READY_FOR_UPLOAD,
P-1324,P-1324,P-1324.jpg,P-1324_1.jpg,6609,,,READY_FOR_UPLOAD,
P-1325,P-1325,P-1325.jpg,P-1325_1.jpg,6609,,,READY_FOR_UPLOAD,
P-1326,P-1326,P-1326.jpg,P-1326_1.jpg,6609,,,READY_FOR_UPLOAD,
P-1327,P-1327,P-1327.jpg,P-1327_1.jpg,6609,,,READY_FOR_UPLOAD,
P-1328,P-1328,P-1328.jpg,P-1328_1.jpg,6609,,,READY_FOR_UPLOAD,
P-1329,P-1329,P-1329.jpg,P-1329_1.jpg,6619,,,READY_FOR_UPLOAD,
P-1330,P-1330,P-1330.jpg,P-1330_1.jpg,6609,,,READY_FOR_UPLOAD,
P-1331,P-1331,P-1331.jpg,P-1331_1.jpg,6610,,,READY_FOR_UPLOAD,
P-1332,P-1332,P-1332.jpg,P-1332_1.jpg,6609,,,READY_FOR_UPLOAD,
P-1333,P-1333,P-1333.jpg,P-1333_1.jpg,6619,,,READY_FOR_UPLOAD,
P-1334,P-1334,P-1334.jpg,P-1334_1.jpg,6609,,,READY_FOR_UPLOAD,
P-1335,P-1335,P-1335.jpg,P-1335_1.jpg,6619,,,READY_FOR_UPLOAD,
P-1336,P-1336,P-1336.jpg,P-1336_1.jpg,6610,,,READY_FOR_UPLOAD,
P-1337,P-1337,P-1337.jpg,P-1337_1.jpg,6609,,,READY_FOR_UPLOAD,
P-1338,P-1338,P-1338.jpg,P-1338_1.jpg,6619,,,READY_FOR_UPLOAD,
P-1339,P-1339,P-1339.jpg,P-1339_1.jpg,6619,,,READY_FOR_UPLOAD,
P-1340,P-1340,P-1340.jpg,P-1340_1.jpg,6609,,,READY_FOR_UPLOAD,
P-1341,P-1341,P-1341.jpg,P-1341_1.jpg,6609,,,READY_FOR_UPLOAD,
P-1342,P-1342,P-1342.jpg,P-1342_1.jpg,6608,,,READY_FOR_UPLOAD,
P-1343,P-1343,P-1343.jpg,P-1343_1.jpg,6610,,,READY_FOR_UPLOAD,
P-1344,P-1344,P-1344.jpg,P-1344_1.jpg,6609,,,READY_FOR_UPLOAD,
P-1345,P-1345,P-1345.jpg,P-1345_1.jpg,6619,,,READY_FOR_UPLOAD,
P-1346,P-1346,P-1346.jpg,P-1346_1.jpg,6619,,,READY_FOR_UPLOAD,
P-1347,P-1347,P-1347.jpg,P-1347_1.jpg,6609,,,READY_FOR_UPLOAD,
P-1348,P-1348,P-1348.jpg,P-1348_1.jpg,6619,,,READY_FOR_UPLOAD,
P-1349,P-1349,P-1349.jpg,P-1349_1.jpg,6609,,,READY_FOR_UPLOAD,
P-1350,P-1350,P-1350.jpg,P-1350_1.jpg,6619,,,READY_FOR_UPLOAD,
P-1351,P-1351,P-1351.jpg,P-1351_1.jpg,6609,,,READY_FOR_UPLOAD,
P-1352,P-1352,P-1352.jpg,P-1352_1.jpg,6609,,,READY_FOR_UPLOAD,
P-1353,P-1353,P-1353.jpg,P-1353_1.jpg,6619,,,READY_FOR_UPLOAD,
P-1354,P-1354,P-1354.jpg,P-1354_1.jpg,6609,,,READY_FOR_UPLOAD,
P-1355,P-1355,P-1355.jpg,P-1355_1.jpg,6619,,,READY_FOR_UPLOAD,
P-1356,P-1356,P-1356.jpg,P-1356_1.jpg,6609,,,READY_FOR_UPLOAD,
P-1357,P-1357,P-1357.jpg,P-1357_1.jpg,6619,,,READY_FOR_UPLOAD,
P-1358,P-1358,P-1358.jpg,P-1358_1.jpg,6619,,,READY_FOR_UPLOAD,
P-1359,P-1359,P-1359.jpg,P-1359_1.jpg,6619,,,READY_FOR_UPLOAD,
P-1360,P-1360,P-1360.jpg,P-1360_1.jpg,6619,,,READY_FOR_UPLOAD,
P-1361,P-1361,P-1361.jpg,P-1361_1.jpg,6619,,,READY_FOR_UPLOAD,
P-1362,P-1362,P-1362.jpg,P-1362_1.jpg,6609,,,READY_FOR_UPLOAD,
P-1363,P-1363,P-1363.jpg,P-1363_1.jpg,6619,,,READY_FOR_UPLOAD,
P-1364,P-1364,P-1364.jpg,P-1364_1.jpg,6619,,,READY_FOR_UPLOAD,
P-1365,P-1365,P-1365.jpg,P-1365_1.jpg,6609,,,READY_FOR_UPLOAD,
P-1366,P-1366,P-1366.jpg,P-1366_1.jpg,6609,,,READY_FOR_UPLOAD,
P-1367,P-1367,P-1367.jpg,P-1367_1.jpg,6619,,,READY_FOR_UPLOAD,
P-1368,P-1368,P-1368.jpg,P-1368_1.jpg,6619,,,READY_FOR_UPLOAD,
P-1369,P-1369,P-1369.jpg,P-1369_1.jpg,6609,,,READY_FOR_UPLOAD,
P-1370,P-1370,P-1370.jpg,P-1370_1.jpg,6609,,,READY_FOR_UPLOAD,
P-1371,P-1371,P-1371.jpg,P-1371_1.jpg,6619,,,READY_FOR_UPLOAD,
P-1372,P-1372,P-1372.jpg,P-1372_1.jpg,6619,,,READY_FOR_UPLOAD,
P-1373,P-1373,P-1373.jpg,P-1373_1.jpg,6609,,,READY_FOR_UPLOAD,
P-1374,P-1374,P-1374.jpg,P-1374_1.jpg,6609,,,READY_FOR_UPLOAD,
P-1375,P-1375,P-1375.jpg,P-1375_1.jpg,6609,,,READY_FOR_UPLOAD,
P-1376,P-1376,P-1376.jpg,P-1376_1.jpg,6609,,,READY_FOR_UPLOAD,
P-1377,P-1377,P-1377.jpg,P-1377_1.jpg,6609,,,READY_FOR_UPLOAD,
P-1378,P-1378,P-1378.jpg,P-1378_1.jpg,6609,,,READY_FOR_UPLOAD,
P-1379,P-1379,P-1379.jpg,P-1379_1.jpg,6609,,,READY_FOR_UPLOAD,
P-1380,P-1380,P-1380.jpg,P-1380_1.jpg,6619,,,READY_FOR_UPLOAD,
P-1381,P-1381,P-1381.jpg,P-1381_1.jpg,6619,,,READY_FOR_UPLOAD,
P-1382,P-1382,P-1382.jpg,P-1382_1.jpg,6609,,,READY_FOR_UPLOAD,
P-1383,P-1383,P-1383.jpg,P-1383_1.jpg,6609,,,READY_FOR_UPLOAD,
P-1384,P-1384,P-1384.jpg,P-1384_1.jpg,6609,,,READY_FOR_UPLOAD,
P-1385,P-1385,P-1385.jpg,P-1385_1.jpg,6619,,,READY_FOR_UPLOAD,
P-1386,P-1386,P-1386.jpg,P-1386_1.jpg,6619,,,READY_FOR_UPLOAD,
P-1387,P-1387,P-1387.jpg,P-1387_1.jpg,6619,,,READY_FOR_UPLOAD,
P-1388,P-1388,P-1388.jpg,P-1388_1.jpg,6619,,,READY_FOR_UPLOAD,
P-1389,P-1389,P-1389.jpg,P-1389_1.jpg,6619,,,READY_FOR_UPLOAD,
P-1390,P-1390,P-1390.jpg,P-1390_1.jpg,6609,,,READY_FOR_UPLOAD,
P-1391,P-1391,P-1391.jpg,P-1391_1.jpg,6609,,,READY_FOR_UPLOAD,
P-1392,P-1392,P-1392.jpg,P-1392_1.jpg,6609,,,READY_FOR_UPLOAD,
P-1393,P-1393,P-1393.jpg,P-1393_1.jpg,6609,,,READY_FOR_UPLOAD,
P-1394,P-1394,P-1394.jpg,P-1394_1.jpg,6619,,,READY_FOR_UPLOAD,
P-1395,P-1395,P-1395.jpg,P-1395_1.jpg,6619,,,READY_FOR_UPLOAD,
P-1396,P-1396,P-1396.jpg,P-1396_1.jpg,6619,,,READY_FOR_UPLOAD,
P-1397,P-1397,P-1397.jpg,P-1397_1.jpg,6619,,,READY_FOR_UPLOAD,
P-1398,P-1398,P-1398.jpg,P-1398_1.jpg,6619,,,READY_FOR_UPLOAD,
P-1399,P-1399,P-1399.jpg,P-1399_1.jpg,6619,,,READY_FOR_UPLOAD,
P-1400,P-1400,P-1400.jpg,P-1400_1.jpg,6619,,,READY_FOR_UPLOAD,
P-1401,P-1401,P-1401.jpg,P-1401_1.jpg,6619,,,READY_FOR_UPLOAD,
P-1402,P-1402,P-1402.jpg,P-1402_1.jpg,6619,,,READY_FOR_UPLOAD,
P-1403,P-1403,P-1403.jpg,P-1403_1.jpg,6619,,,READY_FOR_UPLOAD,
P-1404,P-1404,P-1404.jpg,P-1404_1.jpg,6608,,,READY_FOR_UPLOAD,
P-1405,P-1405,P-1405.jpg,P-1405_1.jpg,6610,,,READY_FOR_UPLOAD,
P-1406,P-1406,P-1406.jpg,P-1406_1.jpg,6608,,,READY_FOR_UPLOAD,
P-1407,P-1407,P-1407.jpg,P-1407_1.jpg,6610,,,READY_FOR_UPLOAD,
P-1408,P-1408,P-1408.jpg,P-1408_1.jpg,6610,,,READY_FOR_UPLOAD,
P-1409,P-1409,P-1409.jpg,P-1409_1.jpg,6610,,,READY_FOR_UPLOAD,
P-1410,P-1410,P-1410.jpg,P-1410_1.jpg,6610,,,READY_FOR_UPLOAD,
P-1411,P-1411,P-1411.jpg,P-1411_1.jpg,6609,,,READY_FOR_UPLOAD,
P-1412,P-1412,P-1412.jpg,P-1412_1.jpg,6609,,,READY_FOR_UPLOAD,
P-1413,P-1413,P-1413.jpg,P-1413_1.jpg,6609,,,READY_FOR_UPLOAD,
P-1414,P-1414,P-1414.jpg,P-1414_1.jpg,6609,,,READY_FOR_UPLOAD,
P-1415,P-1415,P-1415.jpg,P-1415_1.jpg,6610,,,READY_FOR_UPLOAD,
P-1416,P-1416,P-1416.jpg,P-1416_1.jpg,6619,,,READY_FOR_UPLOAD,
P-1417,P-1417,P-1417.jpg,P-1417_1.jpg,6619,,,READY_FOR_UPLOAD,
P-1418,P-1418,P-1418.jpg,P-1418_1.jpg,6619,,,READY_FOR_UPLOAD,
P-1419,P-1419,P-1419.jpg,P-1419_1.jpg,6609,,,READY_FOR_UPLOAD,
P-1420,P-1420,P-1420.jpg,P-1420_1.jpg,6619,,,READY_FOR_UPLOAD,
P-1421,P-1421,P-1421.jpg,P-1421_1.jpg,6619,,,READY_FOR_UPLOAD,
P-1422,P-1422,P-1422.jpg,P-1422_1.jpg,6619,,,READY_FOR_UPLOAD,
P-1423,P-1423,P-1423.jpg,P-1423_1.jpg,6619,,,READY_FOR_UPLOAD,
P-1424,P-1424,P-1424.jpg,P-1424_1.jpg,6619,,,READY_FOR_UPLOAD,
P-1425,P-1425,P-1425.jpg,P-1425_1.jpg,6610,,,READY_FOR_UPLOAD,
P-1426,P-1426,P-1426.jpg,P-1426_1.jpg,6619,,,READY_FOR_UPLOAD,
P-1427,P-1427,P-1427.jpg,P-1427_1.jpg,6619,,,READY_FOR_UPLOAD,
P-1428,P-1428,P-1428.jpg,P-1428_1.jpg,6619,,,READY_FOR_UPLOAD,
P-1429,P-1429,P-1429.jpg,P-1429_1.jpg,6619,,,READY_FOR_UPLOAD,
P-1430,P-1430,P-1430.jpg,P-1430_1.jpg,6619,,,READY_FOR_UPLOAD,
P-1431,P-1431,P-1431.jpg,P-1431_1.jpg,6619,,,READY_FOR_UPLOAD,
P-1432,P-1432,P-1432.jpg,P-1432_1.jpg,6619,,,READY_FOR_UPLOAD,
P-1433,P-1433,P-1433.jpg,P-1433_1.jpg,6609,,,READY_FOR_UPLOAD,
P-1434,P-1434,P-1434.jpg,P-1434_1.jpg,6619,,,READY_FOR_UPLOAD,
P-1435,P-1435,P-1435.jpg,P-1435_1.jpg,6619,,,READY_FOR_UPLOAD,
P-1436,P-1436,P-1436.jpg,P-1436_1.jpg,6619,,,READY_FOR_UPLOAD,
P-1437,P-1437,P-1437.jpg,P-1437_1.jpg,6619,,,READY_FOR_UPLOAD,
P-1438,P-1438,P-1438.jpg,P-1438_1.jpg,6619,,,READY_FOR_UPLOAD,
P-1439,P-1439,P-1439.jpg,P-1439_1.jpg,6619,,,READY_FOR_UPLOAD,
P-1440,P-1440,P-1440.jpg,P-1440_1.jpg,6619,,,READY_FOR_UPLOAD,
P-1441,P-1441,P-1441.jpg,P-1441_1.jpg,6609,,,READY_FOR_UPLOAD,
P-1442,P-1442,P-1442.jpg,P-1442_1.jpg,6619,,,READY_FOR_UPLOAD,
P-1443,P-1443,P-1443.jpg,P-1443_1.jpg,6619,,,READY_FOR_UPLOAD,
P-1444,P-1444,P-1444.jpg,P-1444_1.jpg,6609,,,READY_FOR_UPLOAD,
P-1445,P-1445,P-1445.jpg,P-1445_1.jpg,6609,,,READY_FOR_UPLOAD,
P-1446,P-1446,P-1446.jpg,P-1446_1.jpg,6619,,,READY_FOR_UPLOAD,
P-1447,P-1447,P-1447.jpg,P-1447_1.jpg,6609,,,READY_FOR_UPLOAD,
P-1448,P-1448,P-1448.jpg,P-1448_1.jpg,6619,,,READY_FOR_UPLOAD,
P-1449,P-1449,P-1449.jpg,P-1449_1.jpg,6619,,,READY_FOR_UPLOAD,
P-1450,P-1450,P-1450.jpg,P-1450_1.jpg,6619,,,READY_FOR_UPLOAD,
P-1451,P-1451,P-1451.jpg,P-1451_1.jpg,6619,,,READY_FOR_UPLOAD,
P-1452,P-1452,P-1452.jpg,P-1452_1.jpg,6619,,,READY_FOR_UPLOAD,
P-1453,P-1453,P-1453.jpg,P-1453_1.jpg,6619,,,READY_FOR_UPLOAD,
P-1454,P-1454,P-1454.jpg,P-1454_1.jpg,6619,,,READY_FOR_UPLOAD,
P-1455,P-1455,P-1455.jpg,P-1455_1.jpg,6619,,,READY_FOR_UPLOAD,
P-1456,P-1456,P-1456.jpg,P-1456_1.jpg,6619,,,READY_FOR_UPLOAD,
P-1457,P-1457,P-1457.jpg,P-1457_1.jpg,6619,,,READY_FOR_UPLOAD,
P-1458,P-1458,P-1458.jpg,P-1458_1.jpg,6608,,,READY_FOR_UPLOAD,
P-1459,P-1459,P-1459.jpg,P-1459_1.jpg,6609,,,READY_FOR_UPLOAD,
P-1460,P-1460,P-1460.jpg,P-1460_1.jpg,6609,,,READY_FOR_UPLOAD,
P-1461,P-1461,P-1461.jpg,P-1461_1.jpg,6609,,,READY_FOR_UPLOAD,
P-1462,P-1462,P-1462.jpg,P-1462_1.jpg,6619,,,READY_FOR_UPLOAD,
P-1463,P-1463,P-1463.jpg,P-1463_1.jpg,6609,,,READY_FOR_UPLOAD,
P-1464,P-1464,P-1464.jpg,P-1464_1.jpg,6609,,,READY_FOR_UPLOAD,
P-1465,P-1465,P-1465.jpg,P-1465_1.jpg,6609,,,READY_FOR_UPLOAD,
P-1466,P-1466,P-1466.jpg,P-1466_1.jpg,6619,,,READY_FOR_UPLOAD,
P-1467,P-1467,P-1467.jpg,P-1467_1.jpg,6619,,,READY_FOR_UPLOAD,
P-1468,P-1468,P-1468.jpg,P-1468_1.jpg,6609,,,READY_FOR_UPLOAD,
P-1469,P-1469,P-1469.jpg,P-1469_1.jpg,6609,,,READY_FOR_UPLOAD,
P-1470,P-1470,P-1470.jpg,P-1470_1.jpg,6609,,,READY_FOR_UPLOAD,
P-1471,P-1471,P-1471.jpg,P-1471_1.jpg,6619,,,READY_FOR_UPLOAD,
P-1472,P-1472,P-1472.jpg,P-1472_1.jpg,6619,,,READY_FOR_UPLOAD,
P-1473,P-1473,P-1473.jpg,P-1473_1.jpg,6619,,,READY_FOR_UPLOAD,
P-1474,P-1474,P-1474.jpg,P-1474_1.jpg,6619,,,READY_FOR_UPLOAD,
P-1475,P-1475,P-1475.jpg,P-1475_1.jpg,6619,,,READY_FOR_UPLOAD,
P-1476,P-1476,P-1476.jpg,P-1476_1.jpg,6619,,,READY_FOR_UPLOAD,
P-1477,P-1477,P-1477.jpg,P-1477_1.jpg,6609,,,READY_FOR_UPLOAD,
P-1478,P-1478,P-1478.jpg,P-1478_1.jpg,6609,,,READY_FOR_UPLOAD,
P-1479,P-1479,P-1479.jpg,P-1479_1.jpg,6619,,,READY_FOR_UPLOAD,
P-1480,P-1480,P-1480.jpg,P-1480_1.jpg,6609,,,READY_FOR_UPLOAD,
P-1481,P-1481,P-1481.jpg,P-1481_1.jpg,6619,,,READY_FOR_UPLOAD,
P-1482,P-1482,P-1482.jpg,P-1482_1.jpg,6619,,,READY_FOR_UPLOAD,
P-1483,P-1483,P-1483.jpg,P-1483_1.jpg,6609,,,READY_FOR_UPLOAD,
P-1484,P-1484,P-1484.jpg,P-1484_1.jpg,6609,,,READY_FOR_UPLOAD,
P-1485,P-1485,P-1485.jpg,P-1485_1.jpg,6610,,,READY_FOR_UPLOAD,
P-1486,P-1486,P-1486.jpg,P-1486_1.jpg,6609,,,READY_FOR_UPLOAD,
P-1487,P-1487,P-1487.jpg,P-1487_1.jpg,6609,,,READY_FOR_UPLOAD,
P-1488,P-1488,P-1488.jpg,P-1488_1.jpg,6609,,,READY_FOR_UPLOAD,
P-1489,P-1489,P-1489.jpg,P-1489_1.jpg,6609,,,READY_FOR_UPLOAD,
P-1490,P-1490,P-1490.jpg,P-1490_1.jpg,6609,,,READY_FOR_UPLOAD,
P-1491,P-1491,P-1491.jpg,P-1491_1.jpg,6609,,,READY_FOR_UPLOAD,
P-1492,P-1492,P-1492.jpg,P-1492_1.jpg,6610,,,READY_FOR_UPLOAD,
P-1493,P-1493,P-1493.jpg,P-1493_1.jpg,6619,,,READY_FOR_UPLOAD,
P-1495,P-1495,P-1495.jpg,P-1495_1.jpg,6619,,,READY_FOR_UPLOAD,
P-1496,P-1496,P-1496.jpg,P-1496_1.jpg,6619,,,READY_FOR_UPLOAD,
P-1497,P-1497,P-1497.jpg,P-1497_1.jpg,6619,,,READY_FOR_UPLOAD,
P-1498,P-1498,P-1498.jpg,P-1498_1.jpg,6619,,,READY_FOR_UPLOAD,
P-1499,P-1499,P-1499.jpg,P-1499_1.jpg,6619,,,READY_FOR_UPLOAD,
P-1500,P-1500,P-1500.jpg,P-1500_1.jpg,6609,,,READY_FOR_UPLOAD,
P-1501,P-1501,P-1501.jpg,P-1501_1.jpg,6619,,,READY_FOR_UPLOAD,
P-1502,P-1502,P-1502.jpg,P-1502_1.jpg,6609,,,READY_FOR_UPLOAD,
P-1503,P-1503,P-1503.jpg,P-1503_1.jpg,6619,,,READY_FOR_UPLOAD,
P-1504,P-1504,P-1504.jpg,P-1504_1.jpg,6619,,,READY_FOR_UPLOAD,
P-1505,P-1505,P-1505.jpg,P-1505_1.jpg,6609,,,READY_FOR_UPLOAD,
P-1506,P-1506,P-1506.jpg,P-1506_1.jpg,6619,,,READY_FOR_UPLOAD,
P-1507,P-1507,P-1507.jpg,P-1507_1.jpg,6619,,,READY_FOR_UPLOAD,
P-1508,P-1508,P-1508.jpg,P-1508_1.jpg,6619,,,READY_FOR_UPLOAD,
P-1509,P-1509,P-1509.jpg,P-1509_1.jpg,6619,,,READY_FOR_UPLOAD,
P-1510,P-1510,P-1510.jpg,P-1510_1.jpg,6619,,,READY_FOR_UPLOAD,
P-1511,P-1511,P-1511.jpg,P-1511_1.jpg,6609,,,READY_FOR_UPLOAD,
P-1512,P-1512,P-1512.jpg,P-1512_1.jpg,6619,,,READY_FOR_UPLOAD,
P-1513,P-1513,P-1513.jpg,P-1513_1.jpg,6619,,,READY_FOR_UPLOAD,
P-1514,P-1514,P-1514.jpg,P-1514_1.jpg,6619,,,READY_FOR_UPLOAD,
P-1515,P-1515,P-1515.jpg,P-1515_1.jpg,6619,,,READY_FOR_UPLOAD,
P-1516,P-1516,P-1516.jpg,P-1516_1.jpg,6619,,,READY_FOR_UPLOAD,
P-1517,P-1517,P-1517.jpg,P-1517_1.jpg,6619,,,READY_FOR_UPLOAD,
P-1518,P-1518,P-1518.jpg,P-1518_1.jpg,6619,,,READY_FOR_UPLOAD,
P-1519,P-1519,P-1519.jpg,P-1519_1.jpg,6619,,,READY_FOR_UPLOAD,
P-1520,P-1520,P-1520.jpg,P-1520_1.jpg,6619,,,READY_FOR_UPLOAD,
P-1521,P-1521,P-1521.jpg,P-1521_1.jpg,6619,,,READY_FOR_UPLOAD,
P-1522,P-1522,P-1522.jpg,P-1522_1.jpg,6619,,,READY_FOR_UPLOAD,
P-1523,P-1523,P-1523.jpg,P-1523_1.jpg,6619,,,READY_FOR_UPLOAD,
P-1524,P-1524,P-1524.jpg,P-1524_1.jpg,6619,,,READY_FOR_UPLOAD,
P-1525,P-1525,P-1525.jpg,P-1525_1.jpg,6619,,,READY_FOR_UPLOAD,
P-1526,P-1526,P-1526.jpg,P-1526_1.jpg,6619,,,READY_FOR_UPLOAD,
P-1527,P-1527,P-1527.jpg,P-1527_1.jpg,6619,,,READY_FOR_UPLOAD,
P-1528,P-1528,P-1528.jpg,P-1528_1.jpg,6619,,,READY_FOR_UPLOAD,
P-1529,P-1529,P-1529.jpg,P-1529_1.jpg,6619,,,READY_FOR_UPLOAD,
P-1530,P-1530,P-1530.jpg,P-1530_1.jpg,6619,,,READY_FOR_UPLOAD,
P-1531,P-1531,P-1531.jpg,P-1531_1.jpg,6619,,,READY_FOR_UPLOAD,
P-1532,P-1532,P-1532.jpg,P-1532_1.jpg,6619,,,READY_FOR_UPLOAD,
P-1533,P-1533,P-1533.jpg,P-1533_1.jpg,6619,,,READY_FOR_UPLOAD,
P-1534,P-1534,P-1534.jpg,P-1534_1.jpg,6619,,,READY_FOR_UPLOAD,
P-1535,P-1535,P-1535.jpg,P-1535_1.jpg,6619,,,READY_FOR_UPLOAD,
P-1536,P-1536,P-1536.jpg,P-1536_1.jpg,6619,,,READY_FOR_UPLOAD,
P-1537,P-1537,P-1537.jpg,P-1537_1.jpg,6619,,,READY_FOR_UPLOAD,
P-1538,P-1538,P-1538.jpg,P-1538_1.jpg,6619,,,READY_FOR_UPLOAD,
P-1539,P-1539,P-1539.jpg,P-1539_1.jpg,6619,,,READY_FOR_UPLOAD,
P-1540,P-1540,P-1540.jpg,P-1540_1.jpg,6619,,,READY_FOR_UPLOAD,
P-1541,P-1541,P-1541.jpg,P-1541_1.jpg,6619,,,READY_FOR_UPLOAD,
P-1542,P-1542,P-1542.jpg,P-1542_1.jpg,6619,,,READY_FOR_UPLOAD,
P-1543,P-1543,P-1543.jpg,P-1543_1.jpg,6609,,,READY_FOR_UPLOAD,
P-1544,P-1544,P-1544.jpg,P-1544_1.jpg,6609,,,READY_FOR_UPLOAD,
P-1545,P-1545,P-1545.jpg,P-1545_1.jpg,6609,,,READY_FOR_UPLOAD,
P-1546,P-1546,P-1546.jpg,P-1546_1.jpg,6609,,,READY_FOR_UPLOAD,
P-1547,P-1547,P-1547.jpg,P-1547_1.jpg,6609,,,READY_FOR_UPLOAD,
P-1548,P-1548,P-1548.jpg,P-1548_1.jpg,6609,,,READY_FOR_UPLOAD,
P-1549,P-1549,P-1549.jpg,P-1549_1.jpg,6610,,,READY_FOR_UPLOAD,
P-1550,P-1550,P-1550.jpg,P-1550_1.jpg,6609,,,READY_FOR_UPLOAD,
P-1551,P-1551,P-1551.jpg,P-1551_1.jpg,6619,,,READY_FOR_UPLOAD,
P-1552,P-1552,P-1552.jpg,P-1552_1.jpg,6619,,,READY_FOR_UPLOAD,
P-1553,P-1553,P-1553.jpg,P-1553_1.jpg,6619,,,READY_FOR_UPLOAD,
P-1554,P-1554,P-1554.jpg,P-1554_1.jpg,6619,,,READY_FOR_UPLOAD,
P-1555,P-1555,P-1555.jpg,P-1555_1.jpg,6609,,,READY_FOR_UPLOAD,
P-1556,P-1556,P-1556.jpg,P-1556_1.jpg,6609,,,READY_FOR_UPLOAD,
P-1557,P-1557,P-1557.jpg,P-1557_1.jpg,6619,,,READY_FOR_UPLOAD,
P-1558,P-1558,P-1558.jpg,P-1558_1.jpg,6619,,,READY_FOR_UPLOAD,
P-1559,P-1559,P-1559.jpg,P-1559_1.jpg,6619,,,READY_FOR_UPLOAD,
P-1560,P-1560,P-1560.jpg,P-1560_1.jpg,6619,,,READY_FOR_UPLOAD,
P-1561,P-1561,P-1561.jpg,P-1561_1.jpg,6619,,,READY_FOR_UPLOAD,
P-1562,P-1562,P-1562.jpg,P-1562_1.jpg,6619,,,READY_FOR_UPLOAD,
P-1563,P-1563,P-1563.jpg,P-1563_1.jpg,6619,,,READY_FOR_UPLOAD,
P-1564,P-1564,P-1564.jpg,P-1564_1.jpg,6619,,,READY_FOR_UPLOAD,
P-1565,P-1565,P-1565.jpg,P-1565_1.jpg,6609,,,READY_FOR_UPLOAD,
P-1566,P-1566,P-1566.jpg,P-1566_1.jpg,6609,,,READY_FOR_UPLOAD,
P-1567,P-1567,P-1567.jpg,P-1567_1.jpg,6619,,,READY_FOR_UPLOAD,
P-1568,P-1568,P-1568.jpg,P-1568_1.jpg,6619,,,READY_FOR_UPLOAD,
P-1569,P-1569,P-1569.jpg,P-1569_1.jpg,6619,,,READY_FOR_UPLOAD,
P-1570,P-1570,P-1570.jpg,P-1570_1.jpg,6619,,,READY_FOR_UPLOAD,
P-1571,P-1571,P-1571.jpg,P-1571_1.jpg,6619,,,READY_FOR_UPLOAD,
P-1572,P-1572,P-1572.jpg,P-1572_1.jpg,6619,,,READY_FOR_UPLOAD,
P-1573,P-1573,P-1573.jpg,P-1573_1.jpg,6619,,,READY_FOR_UPLOAD,
P-1574,P-1574,P-1574.jpg,P-1574_1.jpg,6619,,,READY_FOR_UPLOAD,
P-1575,P-1575,P-1575.jpg,P-1575_1.jpg,6619,,,READY_FOR_UPLOAD,
P-1576,P-1576,P-1576.jpg,P-1576_1.jpg,6619,,,READY_FOR_UPLOAD,
P-1577,P-1577,P-1577.jpg,P-1577_1.jpg,6619,,,READY_FOR_UPLOAD,
P-1578,P-1578,P-1578.jpg,P-1578_1.jpg,6619,,,READY_FOR_UPLOAD,
P-1579,P-1579,P-1579.jpg,P-1579_1.jpg,6619,,,READY_FOR_UPLOAD,
P-1580,P-1580,P-1580.jpg,P-1580_1.jpg,6619,,,READY_FOR_UPLOAD,
P-1581,P-1581,P-1581.jpg,P-1581_1.jpg,6619,,,READY_FOR_UPLOAD,
P-1582,P-1582,P-1582.jpg,P-1582_1.jpg,6619,,,READY_FOR_UPLOAD,
P-1583,P-1583,P-1583.jpg,P-1583_1.jpg,6609,,,READY_FOR_UPLOAD,
P-1584,P-1584,P-1584.jpg,P-1584_1.jpg,6619,,,READY_FOR_UPLOAD,
P-1585,P-1585,P-1585.jpg,P-1585_1.jpg,6619,,,READY_FOR_UPLOAD,
P-1586,P-1586,P-1586.jpg,P-1586_1.jpg,6619,,,READY_FOR_UPLOAD,
P-1587,P-1587,P-1587.jpg,P-1587_1.jpg,6619,,,READY_FOR_UPLOAD,
P-1588,P-1588,P-1588.jpg,P-1588_1.jpg,6619,,,READY_FOR_UPLOAD,
P-1589,P-1589,P-1589.jpg,P-1589_1.jpg,6619,,,READY_FOR_UPLOAD,
P-1590,P-1590,P-1590.jpg,P-1590_1.jpg,6609,,,READY_FOR_UPLOAD,
P-1591,P-1591,P-1591.jpg,P-1591_1.jpg,6619,,,READY_FOR_UPLOAD,
P-1592,P-1592,P-1592.jpg,P-1592_1.jpg,6619,,,READY_FOR_UPLOAD,
P-1593,P-1593,P-1593.jpg,P-1593_1.jpg,6619,,,READY_FOR_UPLOAD,
P-1594,P-1594,P-1594.jpg,P-1594_1.jpg,6619,,,READY_FOR_UPLOAD,
P-1595,P-1595,P-1595.jpg,P-1595_1.jpg,6610,,,READY_FOR_UPLOAD,
P-1596,P-1596,P-1596.jpg,P-1596_1.jpg,6619,,,READY_FOR_UPLOAD,
P-1597,P-1597,P-1597.jpg,P-1597_1.jpg,6619,,,READY_FOR_UPLOAD,
P-1598,P-1598,P-1598.jpg,P-1598_1.jpg,6619,,,READY_FOR_UPLOAD,
P-1599,P-1599,P-1599.jpg,P-1599_1.jpg,6619,,,READY_FOR_UPLOAD,
P-1600,P-1600,P-1600.jpg,P-1600_1.jpg,6619,,,READY_FOR_UPLOAD,
P-1601,P-1601,P-1601.jpg,P-1601_1.jpg,6619,,,READY_FOR_UPLOAD,
P-1602,P-1602,P-1602.jpg,P-1602_1.jpg,6619,,,READY_FOR_UPLOAD,
P-1603,P-1603,P-1603.jpg,P-1603_1.jpg,6619,,,READY_FOR_UPLOAD,
P-1604,P-1604,P-1604.jpg,P-1604_1.jpg,6619,,,READY_FOR_UPLOAD,
P-1605,P-1605,P-1605.jpg,P-1605_1.jpg,6619,,,READY_FOR_UPLOAD,
P-1606,P-1606,P-1606.jpg,P-1606_1.jpg,6619,,,READY_FOR_UPLOAD,
P-1607,P-1607,P-1607.jpg,P-1607_1.jpg,6619,,,READY_FOR_UPLOAD,
P-1608,P-1608,P-1608.jpg,P-1608_1.jpg,6619,,,READY_FOR_UPLOAD,
P-1609,P-1609,P-1609.jpg,P-1609_1.jpg,6619,,,READY_FOR_UPLOAD,
P-1610,P-1610,P-1610.jpg,P-1610_1.jpg,6619,,,READY_FOR_UPLOAD,
P-1611,P-1611,P-1611.jpg,P-1611_1.jpg,6619,,,READY_FOR_UPLOAD,
P-1612,P-1612,P-1612.jpg,P-1612_1.jpg,6619,,,READY_FOR_UPLOAD,
P-1613,P-1613,P-1613.jpg,P-1613_1.jpg,6619,,,READY_FOR_UPLOAD,
P-1614,P-1614,P-1614.jpg,P-1614_1.jpg,6619,,,READY_FOR_UPLOAD,
P-1615,P-1615,P-1615.jpg,P-1615_1.jpg,6619,,,READY_FOR_UPLOAD,
P-1616,P-1616,P-1616.jpg,P-1616_1.jpg,6619,,,READY_FOR_UPLOAD,
P-1617,P-1617,P-1617.jpg,P-1617_1.jpg,6619,,,READY_FOR_UPLOAD,
P-1618,P-1618,P-1618.jpg,P-1618_1.jpg,6619,,,READY_FOR_UPLOAD,
P-1619,P-1619,P-1619.jpg,P-1619_1.jpg,6619,,,READY_FOR_UPLOAD,
P-1620,P-1620,P-1620.jpg,P-1620_1.jpg,6619,,,READY_FOR_UPLOAD,
P-1621,P-1621,P-1621.jpg,P-1621_1.jpg,6619,,,READY_FOR_UPLOAD,
P-1622,P-1622,P-1622.jpg,P-1622_1.jpg,6619,,,READY_FOR_UPLOAD,
P-1623,P-1623,P-1623.jpg,P-1623_1.jpg,6619,,,READY_FOR_UPLOAD,
P-1624,P-1624,P-1624.jpg,P-1624_1.jpg,6619,,,READY_FOR_UPLOAD,
P-1625,P-1625,P-1625.jpg,P-1625_1.jpg,6619,,,READY_FOR_UPLOAD,
P-1626,P-1626,P-1626.jpg,P-1626_1.jpg,6619,,,READY_FOR_UPLOAD,
P-1627,P-1627,P-1627.jpg,P-1627_1.jpg,6619,,,READY_FOR_UPLOAD,
P-1628,P-1628,P-1628.jpg,P-1628_1.jpg,6619,,,READY_FOR_UPLOAD,
P-1629,P-1629,P-1629.jpg,P-1629_1.jpg,6619,,,READY_FOR_UPLOAD,
P-1630,P-1630,P-1630.jpg,P-1630_1.jpg,6619,,,READY_FOR_UPLOAD,
P-1631,P-1631,P-1631.jpg,P-1631_1.jpg,6619,,,READY_FOR_UPLOAD,
P-1632,P-1632,P-1632.jpg,P-1632_1.jpg,6619,,,READY_FOR_UPLOAD,
P-1633,P-1633,P-1633.jpg,P-1633_1.jpg,6619,,,READY_FOR_UPLOAD,
P-1634,P-1634,P-1634.jpg,P-1634_1.jpg,6619,,,READY_FOR_UPLOAD,
P-1635,P-1635,P-1635.jpg,P-1635_1.jpg,6619,,,READY_FOR_UPLOAD,
P-1636,P-1636,P-1636.jpg,P-1636_1.jpg,6619,,,READY_FOR_UPLOAD,
P-1637,P-1637,P-1637.jpg,P-1637_1.jpg,6619,,,READY_FOR_UPLOAD,
P-1638,P-1638,P-1638.jpg,P-1638_1.jpg,6619,,,READY_FOR_UPLOAD,
P-1639,P-1639,P-1639.jpg,P-1639_1.jpg,6619,,,READY_FOR_UPLOAD,
P-1640,P-1640,P-1640.jpg,P-1640_1.jpg,6619,,,READY_FOR_UPLOAD,
P-1641,P-1641,P-1641.jpg,P-1641_1.jpg,6619,,,READY_FOR_UPLOAD,
P-1642,P-1642,P-1642.jpg,P-1642_1.jpg,6619,,,READY_FOR_UPLOAD,
P-1643,P-1643,P-1643.jpg,P-1643_1.jpg,6619,,,READY_FOR_UPLOAD,
P-1644,P-1644,P-1644.jpg,P-1644_1.jpg,6619,,,READY_FOR_UPLOAD,
P-1645,P-1645,P-1645.jpg,P-1645_1.jpg,6619,,,READY_FOR_UPLOAD,
P-1646,P-1646,P-1646.jpg,P-1646_1.jpg,6619,,,READY_FOR_UPLOAD,
P-1647,P-1647,P-1647.jpg,P-1647_1.jpg,6619,,,READY_FOR_UPLOAD,
P-1648,P-1648,P-1648.jpg,P-1648_1.jpg,6619,,,READY_FOR_UPLOAD,
P-1649,P-1649,P-1649.jpg,P-1649_1.jpg,6619,,,READY_FOR_UPLOAD,
P-1650,P-1650,P-1650.jpg,P-1650_1.jpg,6619,,,READY_FOR_UPLOAD,
P-1651,P-1651,P-1651.jpg,P-1651_1.jpg,6619,,,READY_FOR_UPLOAD,
P-1652,P-1652,P-1652.jpg,P-1652_1.jpg,6619,,,READY_FOR_UPLOAD,
P-1653,P-1653,P-1653.jpg,P-1653_1.jpg,6609,,,READY_FOR_UPLOAD,
P-1654,P-1654,P-1654.jpg,P-1654_1.jpg,6619,,,READY_FOR_UPLOAD,
P-1655,P-1655,P-1655.jpg,P-1655_1.jpg,6619,,,READY_FOR_UPLOAD,
P-1656,P-1656,P-1656.jpg,P-1656_1.jpg,6619,,,READY_FOR_UPLOAD,
P-1657,P-1657,P-1657.jpg,P-1657_1.jpg,6609,,,READY_FOR_UPLOAD,
P-1658,P-1658,P-1658.jpg,P-1658_1.jpg,6609,,,READY_FOR_UPLOAD,
P-1659,P-1659,P-1659.jpg,P-1659_1.jpg,6619,,,READY_FOR_UPLOAD,
P-1660,P-1660,P-1660.jpg,P-1660_1.jpg,6619,,,READY_FOR_UPLOAD,
P-1661,P-1661,P-1661.jpg,P-1661_1.jpg,6619,,,READY_FOR_UPLOAD,
P-1662,P-1662,P-1662.jpg,P-1662_1.jpg,6619,,,READY_FOR_UPLOAD,
P-1663,P-1663,P-1663.jpg,P-1663_1.jpg,6619,,,READY_FOR_UPLOAD,
P-1664,P-1664,P-1664.jpg,P-1664_1.jpg,6619,,,READY_FOR_UPLOAD,
P-1665,P-1665,P-1665.jpg,P-1665_1.jpg,6619,,,READY_FOR_UPLOAD,
P-1666,P-1666,P-1666.jpg,P-1666_1.jpg,6619,,,READY_FOR_UPLOAD,
P-1667,P-1667,P-1667.jpg,P-1667_1.jpg,6619,,,READY_FOR_UPLOAD,
P-1668,P-1668,P-1668.jpg,P-1668_1.jpg,6619,,,READY_FOR_UPLOAD,
P-1669,P-1669,P-1669.jpg,P-1669_1.jpg,6619,,,READY_FOR_UPLOAD,
P-1670,P-1670,P-1670.jpg,P-1670_1.jpg,6619,,,READY_FOR_UPLOAD,
P-1671,P-1671,P-1671.jpg,P-1671_1.jpg,6619,,,READY_FOR_UPLOAD,
P-1672,P-1672,P-1672.jpg,P-1672_1.jpg,6619,,,READY_FOR_UPLOAD,
P-1673,P-1673,P-1673.jpg,P-1673_1.jpg,6619,,,READY_FOR_UPLOAD,
P-1674,P-1674,P-1674.jpg,P-1674_1.jpg,6619,,,READY_FOR_UPLOAD,
P-1675,P-1675,P-1675.jpg,P-1675_1.jpg,6619,,,READY_FOR_UPLOAD,
P-1676,P-1676,P-1676.jpg,P-1676_1.jpg,6619,,,READY_FOR_UPLOAD,
P-1677,P-1677,P-1677.jpg,P-1677_1.jpg,6609,,,READY_FOR_UPLOAD,
P-1678,P-1678,P-1678.jpg,P-1678_1.jpg,6608,,,READY_FOR_UPLOAD,
P-1679,P-1679,P-1679.jpg,P-1679_1.jpg,6609,,,READY_FOR_UPLOAD,
P-1680,P-1680,P-1680.jpg,P-1680_1.jpg,6619,,,READY_FOR_UPLOAD,
P-1681,P-1681,P-1681.jpg,P-1681_1.jpg,6609,,,READY_FOR_UPLOAD,
P-1682,P-1682,P-1682.jpg,P-1682_1.jpg,6619,,,READY_FOR_UPLOAD,
P-1683,P-1683,P-1683.jpg,P-1683_1.jpg,6619,,,READY_FOR_UPLOAD,
P-1684,P-1684,P-1684.jpg,P-1684_1.jpg,6619,,,READY_FOR_UPLOAD,
P-1685,P-1685,P-1685.jpg,P-1685_1.jpg,6619,,,READY_FOR_UPLOAD,
P-1686,P-1686,P-1686.jpg,P-1686_1.jpg,6619,,,READY_FOR_UPLOAD,
P-1687,P-1687,P-1687.jpg,P-1687_1.jpg,6619,,,READY_FOR_UPLOAD,
P-1688,P-1688,P-1688.jpg,P-1688_1.jpg,6619,,,READY_FOR_UPLOAD,
P-1689,P-1689,P-1689.jpg,P-1689_1.jpg,6619,,,READY_FOR_UPLOAD,
P-1690,P-1690,P-1690.jpg,P-1690_1.jpg,6619,,,READY_FOR_UPLOAD,
P-1691,P-1691,P-1691.jpg,P-1691_1.jpg,6619,,,READY_FOR_UPLOAD,
P-1692,P-1692,P-1692.jpg,P-1692_1.jpg,6619,,,READY_FOR_UPLOAD,
P-1693,P-1693,P-1693.jpg,P-1693_1.jpg,6619,,,READY_FOR_UPLOAD,
P-1694,P-1694,P-1694.jpg,P-1694_1.jpg,6609,,,READY_FOR_UPLOAD,
P-1695,P-1695,P-1695.jpg,P-1695_1.jpg,6619,,,READY_FOR_UPLOAD,
P-1696,P-1696,P-1696.jpg,P-1696_1.jpg,6619,,,READY_FOR_UPLOAD,
P-1697,P-1697,P-1697.jpg,P-1697_1.jpg,6619,,,READY_FOR_UPLOAD,
P-1698,P-1698,P-1698.jpg,P-1698_1.jpg,6619,,,READY_FOR_UPLOAD,
P-1699,P-1699,P-1699.jpg,P-1699_1.jpg,6619,,,READY_FOR_UPLOAD,
P-1700,P-1700,P-1700.jpg,P-1700_1.jpg,6619,,,READY_FOR_UPLOAD,
P-1701,P-1701,P-1701.jpg,P-1701_1.jpg,6619,,,READY_FOR_UPLOAD,
P-1702,P-1702,P-1702.jpg,P-1702_1.jpg,6619,,,READY_FOR_UPLOAD,
P-1703,P-1703,P-1703.jpg,P-1703_1.jpg,6619,,,READY_FOR_UPLOAD,
P-1704,P-1704,P-1704.jpg,P-1704_1.jpg,6619,,,READY_FOR_UPLOAD,
P-1705,P-1705,P-1705.jpg,P-1705_1.jpg,6619,,,READY_FOR_UPLOAD,
P-1706,P-1706,P-1706.jpg,P-1706_1.jpg,6619,,,READY_FOR_UPLOAD,
P-1707,P-1707,P-1707.jpg,P-1707_1.jpg,6619,,,READY_FOR_UPLOAD,
P-1708,P-1708,P-1708.jpg,P-1708_1.jpg,6619,,,READY_FOR_UPLOAD,
P-1709,P-1709,P-1709.jpg,P-1709_1.jpg,6619,,,READY_FOR_UPLOAD,
P-1710,P-1710,P-1710.jpg,P-1710_1.jpg,6609,,,READY_FOR_UPLOAD,
P-1711,P-1711,P-1711.jpg,P-1711_1.jpg,6619,,,READY_FOR_UPLOAD,
P-1712,P-1712,P-1712.jpg,P-1712_1.jpg,6619,,,READY_FOR_UPLOAD,
P-1713,P-1713,P-1713.jpg,P-1713_1.jpg,6619,,,READY_FOR_UPLOAD,
P-1714,P-1714,P-1714.jpg,P-1714_1.jpg,6619,,,READY_FOR_UPLOAD,
P-1715,P-1715,P-1715.jpg,P-1715_1.jpg,6619,,,READY_FOR_UPLOAD,
P-1716,P-1716,P-1716.jpg,P-1716_1.jpg,6619,,,READY_FOR_UPLOAD,
P-1717,P-1717,P-1717.jpg,P-1717_1.jpg,6619,,,READY_FOR_UPLOAD,
P-1718,P-1718,P-1718.jpg,P-1718_1.jpg,6619,,,READY_FOR_UPLOAD,
P-1719,P-1719,P-1719.jpg,P-1719_1.jpg,6619,,,READY_FOR_UPLOAD,
P-1720,P-1720,P-1720.jpg,P-1720_1.jpg,6619,,,READY_FOR_UPLOAD,
P-1721,P-1721,P-1721.jpg,P-1721_1.jpg,6619,,,READY_FOR_UPLOAD,
P-1722,P-1722,P-1722.jpg,P-1722_1.jpg,6619,,,READY_FOR_UPLOAD,
P-1723,P-1723,P-1723.jpg,P-1723_1.jpg,6619,,,READY_FOR_UPLOAD,
P-1724,P-1724,P-1724.jpg,P-1724_1.jpg,6619,,,READY_FOR_UPLOAD,
P-1725,P-1725,P-1725.jpg,P-1725_1.jpg,6619,,,READY_FOR_UPLOAD,
P-1726,P-1726,P-1726.jpg,P-1726_1.jpg,6619,,,READY_FOR_UPLOAD,
P-1727,P-1727,P-1727.jpg,P-1727_1.jpg,6619,,,READY_FOR_UPLOAD,
P-1728,P-1728,P-1728.jpg,P-1728_1.jpg,6619,,,READY_FOR_UPLOAD,
P-1729,P-1729,P-1729.jpg,P-1729_1.jpg,6619,,,READY_FOR_UPLOAD,
P-1730,P-1730,P-1730.jpg,P-1730_1.jpg,6619,,,READY_FOR_UPLOAD,
P-1731,P-1731,P-1731.jpg,P-1731_1.jpg,6619,,,READY_FOR_UPLOAD,
P-1732,P-1732,P-1732.jpg,P-1732_1.jpg,6619,,,READY_FOR_UPLOAD,
P-1733,P-1733,P-1733.jpg,P-1733_1.jpg,6619,,,READY_FOR_UPLOAD,
P-1734,P-1734,P-1734.jpg,P-1734_1.jpg,6619,,,READY_FOR_UPLOAD,
P-1735,P-1735,P-1735.jpg,P-1735_1.jpg,6619,,,READY_FOR_UPLOAD,
P-1736,P-1736,P-1736.jpg,P-1736_1.jpg,6619,,,READY_FOR_UPLOAD,
P-1737,P-1737,P-1737.jpg,P-1737_1.jpg,6619,,,READY_FOR_UPLOAD,
P-1738,P-1738,P-1738.jpg,P-1738_1.jpg,6619,,,READY_FOR_UPLOAD,
P-1739,P-1739,P-1739.jpg,P-1739_1.jpg,6619,,,READY_FOR_UPLOAD,
P-1740,P-1740,P-1740.jpg,P-1740_1.jpg,6619,,,READY_FOR_UPLOAD,
P-1741,P-1741,P-1741.jpg,P-1741_1.jpg,6619,,,READY_FOR_UPLOAD,
P-1742,P-1742,P-1742.jpg,P-1742_1.jpg,6619,,,READY_FOR_UPLOAD,
P-1743,P-1743,P-1743.jpg,P-1743_1.jpg,6619,,,READY_FOR_UPLOAD,
P-1744,P-1744,P-1744.jpg,P-1744_1.jpg,6619,,,READY_FOR_UPLOAD,
P-1745,P-1745,P-1745.jpg,P-1745_1.jpg,6619,,,READY_FOR_UPLOAD,
P-1746,P-1746,P-1746.jpg,P-1746_1.jpg,6619,,,READY_FOR_UPLOAD,
P-1747,P-1747,P-1747.jpg,P-1747_1.jpg,6619,,,READY_FOR_UPLOAD,
P-1748,P-1748,P-1748.jpg,P-1748_1.jpg,6619,,,READY_FOR_UPLOAD,
P-1749,P-1749,P-1749.jpg,P-1749_1.jpg,6619,,,READY_FOR_UPLOAD,
P-1750,P-1750,P-1750.jpg,P-1750_1.jpg,6619,,,READY_FOR_UPLOAD,
P-1751,P-1751,P-1751.jpg,P-1751_1.jpg,6619,,,READY_FOR_UPLOAD,
P-1752,P-1752,P-1752.jpg,P-1752_1.jpg,6619,,,READY_FOR_UPLOAD,
P-1753,P-1753,P-1753.jpg,P-1753_1.jpg,6619,,,READY_FOR_UPLOAD,
P-1754,P-1754,P-1754.jpg,P-1754_1.jpg,6619,,,READY_FOR_UPLOAD,
P-1755,P-1755,P-1755.jpg,P-1755_1.jpg,6619,,,READY_FOR_UPLOAD,
P-1756,P-1756,P-1756.jpg,P-1756_1.jpg,6619,,,READY_FOR_UPLOAD,
P-1757,P-1757,P-1757.jpg,P-1757_1.jpg,6619,,,READY_FOR_UPLOAD,
P-1758,P-1758,P-1758.jpg,P-1758_1.jpg,6619,,,READY_FOR_UPLOAD,
P-1759,P-1759,P-1759.jpg,P-1759_1.jpg,6619,,,READY_FOR_UPLOAD,
P-1760,P-1760,P-1760.jpg,P-1760_1.jpg,6619,,,READY_FOR_UPLOAD,
P-1761,P-1761,P-1761.jpg,P-1761_1.jpg,6619,,,READY_FOR_UPLOAD,
P-1762,P-1762,P-1762.jpg,P-1762_1.jpg,6619,,,READY_FOR_UPLOAD,
P-1763,P-1763,P-1763.jpg,P-1763_1.jpg,6619,,,READY_FOR_UPLOAD,
P-1764,P-1764,P-1764.jpg,P-1764_1.jpg,6619,,,READY_FOR_UPLOAD,
P-1765,P-1765,P-1765.jpg,P-1765_1.jpg,6609,,,READY_FOR_UPLOAD,
P-1766,P-1766,P-1766.jpg,P-1766_1.jpg,6609,,,READY_FOR_UPLOAD,
P-1767,P-1767,P-1767.jpg,P-1767_1.jpg,6619,,,READY_FOR_UPLOAD,
P-1768,P-1768,P-1768.jpg,P-1768_1.jpg,6619,,,READY_FOR_UPLOAD,
P-1769,P-1769,P-1769.jpg,P-1769_1.jpg,6619,,,READY_FOR_UPLOAD,
P-1770,P-1770,P-1770.jpg,P-1770_1.jpg,6619,,,READY_FOR_UPLOAD,
P-1771,P-1771,P-1771.jpg,P-1771_1.jpg,6619,,,READY_FOR_UPLOAD,
P-1772,P-1772,P-1772.jpg,P-1772_1.jpg,6619,,,READY_FOR_UPLOAD,
P-1773,P-1773,P-1773.jpg,P-1773_1.jpg,6619,,,READY_FOR_UPLOAD,
P-1774,P-1774,P-1774.jpg,P-1774_1.jpg,6609,,,READY_FOR_UPLOAD,
P-1775,P-1775,P-1775.jpg,P-1775_1.jpg,6619,,,READY_FOR_UPLOAD,
P-1776,P-1776,P-1776.jpg,P-1776_1.jpg,6619,,,READY_FOR_UPLOAD,
P-1777,P-1777,P-1777.jpg,P-1777_1.jpg,6619,,,READY_FOR_UPLOAD,
P-1778,P-1778,P-1778.jpg,P-1778_1.jpg,6619,,,READY_FOR_UPLOAD,
P-1779,P-1779,P-1779.jpg,P-1779_1.jpg,6619,,,READY_FOR_UPLOAD,
P-1780,P-1780,P-1780.jpg,P-1780_1.jpg,6619,,,READY_FOR_UPLOAD,
P-1781,P-1781,P-1781.jpg,P-1781_1.jpg,6619,,,READY_FOR_UPLOAD,
P-1782,P-1782,P-1782.jpg,P-1782_1.jpg,6619,,,READY_FOR_UPLOAD,
P-1783,P-1783,P-1783.jpg,P-1783_1.jpg,6619,,,READY_FOR_UPLOAD,
P-1784,P-1784,P-1784.jpg,P-1784_1.jpg,6619,,,READY_FOR_UPLOAD,
P-1785,P-1785,P-1785.jpg,P-1785_1.jpg,6619,,,READY_FOR_UPLOAD,
P-1786,P-1786,P-1786.jpg,P-1786_1.jpg,6619,,,READY_FOR_UPLOAD,
P-1787,P-1787,P-1787.jpg,P-1787_1.jpg,6619,,,READY_FOR_UPLOAD,
P-1788,P-1788,P-1788.jpg,P-1788_1.jpg,6619,,,READY_FOR_UPLOAD,
P-1789,P-1789,P-1789.jpg,P-1789_1.jpg,6619,,,READY_FOR_UPLOAD,
P-1790,P-1790,P-1790.jpg,P-1790_1.jpg,6619,,,READY_FOR_UPLOAD,
P-1791,P-1791,P-1791.jpg,P-1791_1.jpg,6619,,,READY_FOR_UPLOAD,
P-1792,P-1792,P-1792.jpg,P-1792_1.jpg,6619,,,READY_FOR_UPLOAD,
P-1793,P-1793,P-1793.jpg,P-1793_1.jpg,6619,,,READY_FOR_UPLOAD,
P-1794,P-1794,P-1794.jpg,P-1794_1.jpg,6619,,,READY_FOR_UPLOAD,
P-1795,P-1795,P-1795.jpg,P-1795_1.jpg,6619,,,READY_FOR_UPLOAD,
P-1796,P-1796,P-1796.jpg,P-1796_1.jpg,6619,,,READY_FOR_UPLOAD,
P-1797,P-1797,P-1797.jpg,P-1797_1.jpg,6619,,,READY_FOR_UPLOAD,
P-1798,P-1798,P-1798.jpg,P-1798_1.jpg,6619,,,READY_FOR_UPLOAD,
P-1799,P-1799,P-1799.jpg,P-1799_1.jpg,6609,,,READY_FOR_UPLOAD,
P-1800,P-1800,P-1800.jpg,P-1800_1.jpg,6619,,,READY_FOR_UPLOAD,
P-1801,P-1801,P-1801.jpg,P-1801_1.jpg,6619,,,READY_FOR_UPLOAD,
P-1802,P-1802,P-1802.jpg,P-1802_1.jpg,6619,,,READY_FOR_UPLOAD,
P-1803,P-1803,P-1803.jpg,P-1803_1.jpg,6619,,,READY_FOR_UPLOAD,
P-1804,P-1804,P-1804.jpg,P-1804_1.jpg,6610,,,READY_FOR_UPLOAD,
P-1805,P-1805,P-1805.jpg,P-1805_1.jpg,6619,,,READY_FOR_UPLOAD,
P-1806,P-1806,P-1806.jpg,P-1806_1.jpg,6619,,,READY_FOR_UPLOAD,
P-1807,P-1807,P-1807.jpg,P-1807_1.jpg,6619,,,READY_FOR_UPLOAD,
P-1808,P-1808,P-1808.jpg,P-1808_1.jpg,6619,,,READY_FOR_UPLOAD,
P-1809,P-1809,P-1809.jpg,P-1809_1.jpg,6619,,,READY_FOR_UPLOAD,
P-1810,P-1810,P-1810.jpg,P-1810_1.jpg,6608,,,READY_FOR_UPLOAD,
P-1811,P-1811,P-1811.jpg,P-1811_1.jpg,6609,,,READY_FOR_UPLOAD,
P-1812,P-1812,P-1812.jpg,P-1812_1.jpg,6619,,,READY_FOR_UPLOAD,
P-1813,P-1813,P-1813.jpg,P-1813_1.jpg,6619,,,READY_FOR_UPLOAD,
P-1814,P-1814,P-1814.jpg,P-1814_1.jpg,6619,,,READY_FOR_UPLOAD,
P-1815,P-1815,P-1815.jpg,P-1815_1.jpg,6619,,,READY_FOR_UPLOAD,
P-1816,P-1816,P-1816.jpg,P-1816_1.jpg,6619,,,READY_FOR_UPLOAD,
P-1817,P-1817,P-1817.jpg,P-1817_1.jpg,6619,,,READY_FOR_UPLOAD,
P-1818,P-1818,P-1818.jpg,P-1818_1.jpg,6619,,,READY_FOR_UPLOAD,
P-1819,P-1819,P-1819.jpg,P-1819_1.jpg,6619,,,READY_FOR_UPLOAD,
P-1820,P-1820,P-1820.jpg,P-1820_1.jpg,6619,,,READY_FOR_UPLOAD,
P-1821,P-1821,P-1821.jpg,P-1821_1.jpg,6619,,,READY_FOR_UPLOAD,
P-1822,P-1822,P-1822.jpg,P-1822_1.jpg,6619,,,READY_FOR_UPLOAD,
P-1823,P-1823,P-1823.jpg,P-1823_1.jpg,6619,,,READY_FOR_UPLOAD,
P-1824,P-1824,P-1824.jpg,P-1824_1.jpg,6619,,,READY_FOR_UPLOAD,
P-1825,P-1825,P-1825.jpg,P-1825_1.jpg,6619,,,READY_FOR_UPLOAD,
P-1826,P-1826,P-1826.jpg,P-1826_1.jpg,6619,,,READY_FOR_UPLOAD,
P-1827,P-1827,P-1827.jpg,P-1827_1.jpg,6619,,,READY_FOR_UPLOAD,
P-1828,P-1828,P-1828.jpg,P-1828_1.jpg,6619,,,READY_FOR_UPLOAD,
P-1829,P-1829,P-1829.jpg,P-1829_1.jpg,6619,,,READY_FOR_UPLOAD,
P-1830,P-1830,P-1830.jpg,P-1830_1.jpg,6619,,,READY_FOR_UPLOAD,
P-1831,P-1831,P-1831.jpg,P-1831_1.jpg,6619,,,READY_FOR_UPLOAD,
P-1832,P-1832,P-1832.jpg,P-1832_1.jpg,6619,,,READY_FOR_UPLOAD,
P-1833,P-1833,P-1833.jpg,P-1833_1.jpg,6619,,,READY_FOR_UPLOAD,
P-1834,P-1834,P-1834.jpg,P-1834_1.jpg,6619,,,READY_FOR_UPLOAD,
P-1835,P-1835,P-1835.jpg,P-1835_1.jpg,6619,,,READY_FOR_UPLOAD,
P-1836,P-1836,P-1836.jpg,P-1836_1.jpg,6619,,,READY_FOR_UPLOAD,
P-1837,P-1837,P-1837.jpg,P-1837_1.jpg,6619,,,READY_FOR_UPLOAD,
P-1838,P-1838,P-1838.jpg,P-1838_1.jpg,6619,,,READY_FOR_UPLOAD,
P-1839,P-1839,P-1839.jpg,P-1839_1.jpg,6619,,,READY_FOR_UPLOAD,
P-1840,P-1840,P-1840.jpg,P-1840_1.jpg,6619,,,READY_FOR_UPLOAD,
P-1841,P-1841,P-1841.jpg,P-1841_1.jpg,6619,,,READY_FOR_UPLOAD,
P-1842,P-1842,P-1842.jpg,P-1842_1.jpg,6619,,,READY_FOR_UPLOAD,
P-1843,P-1843,P-1843.jpg,P-1843_1.jpg,6619,,,READY_FOR_UPLOAD,
P-1844,P-1844,P-1844.jpg,P-1844_1.jpg,6619,,,READY_FOR_UPLOAD,
P-1845,P-1845,P-1845.jpg,P-1845_1.jpg,6619,,,READY_FOR_UPLOAD,
P-1846,P-1846,P-1846.jpg,P-1846_1.jpg,6619,,,READY_FOR_UPLOAD,
P-1847,P-1847,P-1847.jpg,P-1847_1.jpg,6619,,,READY_FOR_UPLOAD,
P-1848,P-1848,P-1848.jpg,P-1848_1.jpg,6619,,,READY_FOR_UPLOAD,
P-1849,P-1849,P-1849.jpg,P-1849_1.jpg,6619,,,READY_FOR_UPLOAD,
P-1850,P-1850,P-1850.jpg,P-1850_1.jpg,6619,,,READY_FOR_UPLOAD,
P-1851,P-1851,P-1851.jpg,P-1851_1.jpg,6619,,,READY_FOR_UPLOAD,
P-1852,P-1852,P-1852.jpg,P-1852_1.jpg,6619,,,READY_FOR_UPLOAD,
P-1853,P-1853,P-1853.jpg,P-1853_1.jpg,6619,,,READY_FOR_UPLOAD,
P-1854,P-1854,P-1854.jpg,P-1854_1.jpg,6619,,,READY_FOR_UPLOAD,
P-1855,P-1855,P-1855.jpg,P-1855_1.jpg,6619,,,READY_FOR_UPLOAD,
P-1856,P-1856,P-1856.jpg,P-1856_1.jpg,6619,,,READY_FOR_UPLOAD,
P-1857,P-1857,P-1857.jpg,P-1857_1.jpg,6619,,,READY_FOR_UPLOAD,
P-1858,P-1858,P-1858.jpg,P-1858_1.jpg,6619,,,READY_FOR_UPLOAD,
P-1859,P-1859,P-1859.jpg,P-1859_1.jpg,6619,,,READY_FOR_UPLOAD,
P-1860,P-1860,P-1860.jpg,P-1860_1.jpg,6619,,,READY_FOR_UPLOAD,
P-1861,P-1861,P-1861.jpg,P-1861_1.jpg,6619,,,READY_FOR_UPLOAD,
P-1862,P-1862,P-1862.jpg,P-1862_1.jpg,6619,,,READY_FOR_UPLOAD,
P-1863,P-1863,P-1863.jpg,P-1863_1.jpg,6619,,,READY_FOR_UPLOAD,
P-1864,P-1864,P-1864.jpg,P-1864_1.jpg,6619,,,READY_FOR_UPLOAD,
P-1865,P-1865,P-1865.jpg,P-1865_1.jpg,6619,,,READY_FOR_UPLOAD,
P-1866,P-1866,P-1866.jpg,P-1866_1.jpg,6619,,,READY_FOR_UPLOAD,
P-1867,P-1867,P-1867.jpg,P-1867_1.jpg,6619,,,READY_FOR_UPLOAD,
P-1868,P-1868,P-1868.jpg,P-1868_1.jpg,6619,,,READY_FOR_UPLOAD,
P-1869,P-1869,P-1869.jpg,P-1869_1.jpg,6619,,,READY_FOR_UPLOAD,
P-1870,P-1870,P-1870.jpg,P-1870_1.jpg,6610,,,READY_FOR_UPLOAD,
P-1871,P-1871,P-1871.jpg,P-1871_1.jpg,6609,,,READY_FOR_UPLOAD,
P-1872,P-1872,P-1872.jpg,P-1872_1.jpg,6619,,,READY_FOR_UPLOAD,
P-1873,P-1873,P-1873.jpg,P-1873_1.jpg,6619,,,READY_FOR_UPLOAD,
P-1874,P-1874,P-1874.jpg,P-1874_1.jpg,6619,,,READY_FOR_UPLOAD,
P-1875,P-1875,P-1875.jpg,P-1875_1.jpg,6619,,,READY_FOR_UPLOAD,
P-1876,P-1876,P-1876.jpg,P-1876_1.jpg,6619,,,READY_FOR_UPLOAD,
P-1877,P-1877,P-1877.jpg,P-1877_1.jpg,6619,,,READY_FOR_UPLOAD,
P-1878,P-1878,P-1878.jpg,P-1878_1.jpg,6619,,,READY_FOR_UPLOAD,
P-1879,P-1879,P-1879.jpg,P-1879_1.jpg,6619,,,READY_FOR_UPLOAD,
P-1880,P-1880,P-1880.jpg,P-1880_1.jpg,6619,,,READY_FOR_UPLOAD,
P-1881,P-1881,P-1881.jpg,P-1881_1.jpg,6619,,,READY_FOR_UPLOAD,
P-1882,P-1882,P-1882.jpg,P-1882_1.jpg,6619,,,READY_FOR_UPLOAD,
P-1883,P-1883,P-1883.jpg,P-1883_1.jpg,6619,,,READY_FOR_UPLOAD,
P-1884,P-1884,P-1884.jpg,P-1884_1.jpg,6619,,,READY_FOR_UPLOAD,
P-1885,P-1885,P-1885.jpg,P-1885_1.jpg,6619,,,READY_FOR_UPLOAD,
P-1886,P-1886,P-1886.jpg,P-1886_1.jpg,6619,,,READY_FOR_UPLOAD,
P-1887,P-1887,P-1887.jpg,P-1887_1.jpg,6619,,,READY_FOR_UPLOAD,
P-1888,P-1888,P-1888.jpg,P-1888_1.jpg,6619,,,READY_FOR_UPLOAD,
P-1889,P-1889,P-1889.jpg,P-1889_1.jpg,6619,,,READY_FOR_UPLOAD,
P-1890,P-1890,P-1890.jpg,P-1890_1.jpg,6619,,,READY_FOR_UPLOAD,
P-1891,P-1891,P-1891.jpg,P-1891_1.jpg,6619,,,READY_FOR_UPLOAD,
P-1892,P-1892,P-1892.jpg,P-1892_1.jpg,6609,,,READY_FOR_UPLOAD,
P-1893,P-1893,P-1893.jpg,P-1893_1.jpg,6619,,,READY_FOR_UPLOAD,
P-1894,P-1894,P-1894.jpg,P-1894_1.jpg,6619,,,READY_FOR_UPLOAD,
P-1895,P-1895,P-1895.jpg,P-1895_1.jpg,6619,,,READY_FOR_UPLOAD,
P-1896,P-1896,P-1896.jpg,P-1896_1.jpg,6619,,,READY_FOR_UPLOAD,
P-1897,P-1897,P-1897.jpg,P-1897_1.jpg,6619,,,READY_FOR_UPLOAD,
P-1898,P-1898,P-1898.jpg,P-1898_1.jpg,6619,,,READY_FOR_UPLOAD,
P-1899,P-1899,P-1899.jpg,P-1899_1.jpg,6619,,,READY_FOR_UPLOAD,
P-1900,P-1900,P-1900.jpg,P-1900_1.jpg,6619,,,READY_FOR_UPLOAD,
P-1901,P-1901,P-1901.jpg,P-1901_1.jpg,6619,,,READY_FOR_UPLOAD,
P-1902,P-1902,P-1902.jpg,P-1902_1.jpg,6619,,,READY_FOR_UPLOAD,
P-1903,P-1903,P-1903.jpg,P-1903_1.jpg,6619,,,READY_FOR_UPLOAD,
P-1904,P-1904,P-1904.jpg,P-1904_1.jpg,6619,,,READY_FOR_UPLOAD,
P-1905,P-1905,P-1905.jpg,P-1905_1.jpg,6619,,,READY_FOR_UPLOAD,
P-1906,P-1906,P-1906.jpg,P-1906_1.jpg,6619,,,READY_FOR_UPLOAD,
P-1907,P-1907,P-1907.jpg,P-1907_1.jpg,6619,,,READY_FOR_UPLOAD,
P-1908,P-1908,P-1908.jpg,P-1908_1.jpg,6619,,,READY_FOR_UPLOAD,
P-1909,P-1909,P-1909.jpg,P-1909_1.jpg,6619,,,READY_FOR_UPLOAD,
P-1910,P-1910,P-1910.jpg,P-1910_1.jpg,6619,,,READY_FOR_UPLOAD,
P-1911,P-1911,P-1911.jpg,P-1911_1.jpg,6619,,,READY_FOR_UPLOAD,
P-1912,P-1912,P-1912.jpg,P-1912_1.jpg,6619,,,READY_FOR_UPLOAD,
P-1913,P-1913,P-1913.jpg,P-1913_1.jpg,6619,,,READY_FOR_UPLOAD,
P-1914,P-1914,P-1914.jpg,P-1914_1.jpg,6619,,,READY_FOR_UPLOAD,
P-1915,P-1915,P-1915.jpg,P-1915_1.jpg,6619,,,READY_FOR_UPLOAD,
P-1916,P-1916,P-1916.jpg,P-1916_1.jpg,6619,,,READY_FOR_UPLOAD,
P-1917,P-1917,P-1917.jpg,P-1917_1.jpg,6619,,,READY_FOR_UPLOAD,
P-1918,P-1918,P-1918.jpg,P-1918_1.jpg,6619,,,READY_FOR_UPLOAD,
P-1919,P-1919,P-1919.jpg,P-1919_1.jpg,6619,,,READY_FOR_UPLOAD,
P-1920,P-1920,P-1920.jpg,P-1920_1.jpg,6619,,,READY_FOR_UPLOAD,
P-1921,P-1921,P-1921.jpg,P-1921_1.jpg,6619,,,READY_FOR_UPLOAD,
P-1922,P-1922,P-1922.jpg,P-1922_1.jpg,6619,,,READY_FOR_UPLOAD,
P-1923,P-1923,P-1923.jpg,P-1923_1.jpg,6609,,,READY_FOR_UPLOAD,
P-1924,P-1924,P-1924.jpg,P-1924_1.jpg,6619,,,READY_FOR_UPLOAD,
P-1925,P-1925,P-1925.jpg,P-1925_1.jpg,6619,,,READY_FOR_UPLOAD,
P-1926,P-1926,P-1926.jpg,P-1926_1.jpg,6619,,,READY_FOR_UPLOAD,
P-1927,P-1927,P-1927.jpg,P-1927_1.jpg,6619,,,READY_FOR_UPLOAD,
P-1928,P-1928,P-1928.jpg,P-1928_1.jpg,6619,,,READY_FOR_UPLOAD,
P-1929,P-1929,P-1929.jpg,P-1929_1.jpg,6619,,,READY_FOR_UPLOAD,
P-1930,P-1930,P-1930.jpg,P-1930_1.jpg,6619,,,READY_FOR_UPLOAD,
P-1931,P-1931,P-1931.jpg,P-1931_1.jpg,6619,,,READY_FOR_UPLOAD,
P-1932,P-1932,P-1932.jpg,P-1932_1.jpg,6619,,,READY_FOR_UPLOAD,
P-1933,P-1933,P-1933.jpg,P-1933_1.jpg,6619,,,READY_FOR_UPLOAD,
P-1934,P-1934,P-1934.jpg,P-1934_1.jpg,6619,,,READY_FOR_UPLOAD,
P-1935,P-1935,P-1935.jpg,P-1935_1.jpg,6619,,,READY_FOR_UPLOAD,
P-1936,P-1936,P-1936.jpg,P-1936_1.jpg,6619,,,READY_FOR_UPLOAD,
P-1937,P-1937,P-1937.jpg,P-1937_1.jpg,6619,,,READY_FOR_UPLOAD,
P-1938,P-1938,P-1938.jpg,P-1938_1.jpg,6619,,,READY_FOR_UPLOAD,
P-1939,P-1939,P-1939.jpg,P-1939_1.jpg,6619,,,READY_FOR_UPLOAD,
P-1940,P-1940,P-1940.jpg,P-1940_1.jpg,6619,,,READY_FOR_UPLOAD,
P-1941,P-1941,P-1941.jpg,P-1941_1.jpg,6619,,,READY_FOR_UPLOAD,
P-1942,P-1942,P-1942.jpg,P-1942_1.jpg,6619,,,READY_FOR_UPLOAD,
P-1943,P-1943,P-1943.jpg,P-1943_1.jpg,6619,,,READY_FOR_UPLOAD,
P-1944,P-1944,P-1944.jpg,P-1944_1.jpg,6619,,,READY_FOR_UPLOAD,
P-1945,P-1945,P-1945.jpg,P-1945_1.jpg,6619,,,READY_FOR_UPLOAD,
P-1946,P-1946,P-1946.jpg,P-1946_1.jpg,6619,,,READY_FOR_UPLOAD,
P-1947,P-1947,P-1947.jpg,P-1947_1.jpg,6619,,,READY_FOR_UPLOAD,
P-1948,P-1948,P-1948.jpg,P-1948_1.jpg,6619,,,READY_FOR_UPLOAD,
P-1949,P-1949,P-1949.jpg,P-1949_1.jpg,6619,,,READY_FOR_UPLOAD,
P-1950,P-1950,P-1950.jpg,P-1950_1.jpg,6619,,,READY_FOR_UPLOAD,
P-1951,P-1951,P-1951.jpg,P-1951_1.jpg,6619,,,READY_FOR_UPLOAD,
P-1952,P-1952,P-1952.jpg,P-1952_1.jpg,6619,,,READY_FOR_UPLOAD,
P-1953,P-1953,P-1953.jpg,P-1953_1.jpg,6619,,,READY_FOR_UPLOAD,
P-1954,P-1954,P-1954.jpg,P-1954_1.jpg,6609,,,READY_FOR_UPLOAD,
P-1955,P-1955,P-1955.jpg,P-1955_1.jpg,6609,,,READY_FOR_UPLOAD,
P-1956,P-1956,P-1956.jpg,P-1956_1.jpg,6609,,,READY_FOR_UPLOAD,
P-1957,P-1957,P-1957.jpg,P-1957_1.jpg,6609,,,READY_FOR_UPLOAD,
P-1958,P-1958,P-1958.jpg,P-1958_1.jpg,6609,,,READY_FOR_UPLOAD,
P-1959,P-1959,P-1959.jpg,P-1959_1.jpg,6609,,,READY_FOR_UPLOAD,
P-1960,P-1960,P-1960.jpg,P-1960_1.jpg,6619,,,READY_FOR_UPLOAD,
P-1961,P-1961,P-1961.jpg,P-1961_1.jpg,6619,,,READY_FOR_UPLOAD,
P-1962,P-1962,P-1962.jpg,P-1962_1.jpg,6619,,,READY_FOR_UPLOAD,
P-1963,P-1963,P-1963.jpg,P-1963_1.jpg,6619,,,READY_FOR_UPLOAD,
P-1964,P-1964,P-1964.jpg,P-1964_1.jpg,6619,,,READY_FOR_UPLOAD,
P-1965,P-1965,P-1965.jpg,P-1965_1.jpg,6619,,,READY_FOR_UPLOAD,
P-1966,P-1966,P-1966.jpg,P-1966_1.jpg,6619,,,READY_FOR_UPLOAD,
P-1967,P-1967,P-1967.jpg,P-1967_1.jpg,6619,,,READY_FOR_UPLOAD,
P-1968,P-1968,P-1968.jpg,P-1968_1.jpg,6619,,,READY_FOR_UPLOAD,
P-1969,P-1969,P-1969.jpg,P-1969_1.jpg,6619,,,READY_FOR_UPLOAD,
P-1970,P-1970,P-1970.jpg,P-1970_1.jpg,6619,,,READY_FOR_UPLOAD,
P-1971,P-1971,P-1971.jpg,P-1971_1.jpg,6619,,,READY_FOR_UPLOAD,
P-1972,P-1972,P-1972.jpg,P-1972_1.jpg,6619,,,READY_FOR_UPLOAD,
P-1973,P-1973,P-1973.jpg,P-1973_1.jpg,6619,,,READY_FOR_UPLOAD,
P-1974,P-1974,P-1974.jpg,P-1974_1.jpg,6619,,,READY_FOR_UPLOAD,
P-1975,P-1975,P-1975.jpg,P-1975_1.jpg,6619,,,READY_FOR_UPLOAD,
P-1976,P-1976,P-1976.jpg,P-1976_1.jpg,6619,,,READY_FOR_UPLOAD,
P-1977,P-1977,P-1977.jpg,P-1977_1.jpg,6619,,,READY_FOR_UPLOAD,
P-1978,P-1978,P-1978.jpg,P-1978_1.jpg,6619,,,READY_FOR_UPLOAD,
P-1979,P-1979,P-1979.jpg,P-1979_1.jpg,6619,,,READY_FOR_UPLOAD,
P-1980,P-1980,P-1980.jpg,P-1980_1.jpg,6619,,,READY_FOR_UPLOAD,
P-1981,P-1981,P-1981.jpg,P-1981_1.jpg,6619,,,READY_FOR_UPLOAD,
P-1982,P-1982,P-1982.jpg,P-1982_1.jpg,6619,,,READY_FOR_UPLOAD,
P-1983,P-1983,P-1983.jpg,P-1983_1.jpg,6619,,,READY_FOR_UPLOAD,
P-1984,P-1984,P-1984.jpg,P-1984_1.jpg,6619,,,READY_FOR_UPLOAD,
P-1985,P-1985,P-1985.jpg,P-1985_1.jpg,6619,,,READY_FOR_UPLOAD,
P-1986,P-1986,P-1986.jpg,P-1986_1.jpg,6619,,,READY_FOR_UPLOAD,
P-1987,P-1987,P-1987.jpg,P-1987_1.jpg,6619,,,READY_FOR_UPLOAD,
P-1988,P-1988,P-1988.jpg,P-1988_1.jpg,6619,,,READY_FOR_UPLOAD,
P-1989,P-1989,P-1989.jpg,P-1989_1.jpg,6619,,,READY_FOR_UPLOAD,
P-1990,P-1990,P-1990.jpg,P-1990_1.jpg,6619,,,READY_FOR_UPLOAD,
P-1991,P-1991,P-1991.jpg,P-1991_1.jpg,6619,,,READY_FOR_UPLOAD,
P-1992,P-1992,P-1992.jpg,P-1992_1.jpg,6619,,,READY_FOR_UPLOAD,
P-1993,P-1993,P-1993.jpg,P-1993_1.jpg,6619,,,READY_FOR_UPLOAD,
P-1994,P-1994,P-1994.jpg,P-1994_1.jpg,6619,,,READY_FOR_UPLOAD,
P-1995,P-1995,P-1995.jpg,P-1995_1.jpg,6619,,,READY_FOR_UPLOAD,
P-1996,P-1996,P-1996.jpg,P-1996_1.jpg,6619,,,READY_FOR_UPLOAD,
P-1997,P-1997,P-1997.jpg,P-1997_1.jpg,6619,,,READY_FOR_UPLOAD,
P-1998,P-1998,P-1998.jpg,P-1998_1.jpg,6619,,,READY_FOR_UPLOAD,
P-1999,P-1999,P-1999.jpg,P-1999_1.jpg,6609,,,READY_FOR_UPLOAD,
P-2000,P-2000,P-2000.jpg,P-2000_1.jpg,6619,,,READY_FOR_UPLOAD,
P-2001,P-2001,P-2001.jpg,P-2001_1.jpg,6619,,,READY_FOR_UPLOAD,
P-2002,P-2002,P-2002.jpg,P-2002_1.jpg,6619,,,READY_FOR_UPLOAD,
P-2003,P-2003,P-2003.jpg,P-2003_1.jpg,6619,,,READY_FOR_UPLOAD,
P-2004,P-2004,P-2004.jpg,P-2004_1.jpg,6619,,,READY_FOR_UPLOAD,
P-2005,P-2005,P-2005.jpg,P-2005_1.jpg,6619,,,READY_FOR_UPLOAD,
P-2006,P-2006,P-2006.jpg,P-2006_1.jpg,6619,,,READY_FOR_UPLOAD,
P-2007,P-2007,P-2007.jpg,P-2007_1.jpg,6619,,,READY_FOR_UPLOAD,
P-2008,P-2008,P-2008.jpg,P-2008_1.jpg,6619,,,READY_FOR_UPLOAD,
P-2009,P-2009,P-2009.jpg,P-2009_1.jpg,6619,,,READY_FOR_UPLOAD,
P-2010,P-2010,P-2010.jpg,P-2010_1.jpg,6619,,,READY_FOR_UPLOAD,
P-2011,P-2011,P-2011.jpg,P-2011_1.jpg,6619,,,READY_FOR_UPLOAD,
P-2012,P-2012,P-2012.jpg,P-2012_1.jpg,6619,,,READY_FOR_UPLOAD,
P-2013,P-2013,P-2013.jpg,P-2013_1.jpg,6619,,,READY_FOR_UPLOAD,
P-2014,P-2014,P-2014.jpg,P-2014_1.jpg,6619,,,READY_FOR_UPLOAD,
P-2015,P-2015,P-2015.jpg,P-2015_1.jpg,6619,,,READY_FOR_UPLOAD,
P-2016,P-2016,P-2016.jpg,P-2016_1.jpg,6619,,,READY_FOR_UPLOAD,
P-2017,P-2017,P-2017.jpg,P-2017_1.jpg,6619,,,READY_FOR_UPLOAD,
P-2018,P-2018,P-2018.jpg,P-2018_1.jpg,6619,,,READY_FOR_UPLOAD,
P-2019,P-2019,P-2019.jpg,P-2019_1.jpg,6619,,,READY_FOR_UPLOAD,
P-2020,P-2020,P-2020.jpg,P-2020_1.jpg,6619,,,READY_FOR_UPLOAD,
P-2021,P-2021,P-2021.jpg,P-2021_1.jpg,6619,,,READY_FOR_UPLOAD,
P-2022,P-2022,P-2022.jpg,P-2022_1.jpg,6619,,,READY_FOR_UPLOAD,
P-2023,P-2023,P-2023.jpg,P-2023_1.jpg,6619,,,READY_FOR_UPLOAD,
P-2024,P-2024,P-2024.jpg,P-2024_1.jpg,6619,,,READY_FOR_UPLOAD,
P-2025,P-2025,P-2025.jpg,P-2025_1.jpg,6619,,,READY_FOR_UPLOAD,
P-2026,P-2026,P-2026.jpg,P-2026_1.jpg,6619,,,READY_FOR_UPLOAD,
P-2027,P-2027,P-2027.jpg,P-2027_1.jpg,6619,,,READY_FOR_UPLOAD,
P-2028,P-2028,P-2028.jpg,P-2028_1.jpg,6619,,,READY_FOR_UPLOAD,
P-2029,P-2029,P-2029.jpg,P-2029_1.jpg,6619,,,READY_FOR_UPLOAD,
P-2030,P-2030,P-2030.jpg,P-2030_1.jpg,6609,,,READY_FOR_UPLOAD,
P-2031,P-2031,P-2031.jpg,P-2031_1.jpg,6609,,,READY_FOR_UPLOAD,
P-2032,P-2032,P-2032.jpg,P-2032_1.jpg,6609,,,READY_FOR_UPLOAD,
P-2033,P-2033,P-2033.jpg,P-2033_1.jpg,6619,,,READY_FOR_UPLOAD,
P-2034,P-2034,P-2034.jpg,P-2034_1.jpg,6619,,,READY_FOR_UPLOAD,
P-2035,P-2035,P-2035.jpg,P-2035_1.jpg,6619,,,READY_FOR_UPLOAD,
P-2036,P-2036,P-2036.jpg,P-2036_1.jpg,6619,,,READY_FOR_UPLOAD,
P-2037,P-2037,P-2037.jpg,P-2037_1.jpg,6619,,,READY_FOR_UPLOAD,
P-2038,P-2038,P-2038.jpg,P-2038_1.jpg,6619,,,READY_FOR_UPLOAD,
P-2039,P-2039,P-2039.jpg,P-2039_1.jpg,6619,,,READY_FOR_UPLOAD,
P-2040,P-2040,P-2040.jpg,P-2040_1.jpg,6619,,,READY_FOR_UPLOAD,
P-2041,P-2041,P-2041.jpg,P-2041_1.jpg,6619,,,READY_FOR_UPLOAD,
P-2042,P-2042,P-2042.jpg,P-2042_1.jpg,6619,,,READY_FOR_UPLOAD,
P-2043,P-2043,P-2043.jpg,P-2043_1.jpg,6619,,,READY_FOR_UPLOAD,
P-2044,P-2044,P-2044.jpg,P-2044_1.jpg,6609,,,READY_FOR_UPLOAD,
P-2045,P-2045,P-2045.jpg,P-2045_1.jpg,6609,,,READY_FOR_UPLOAD,
P-2046,P-2046,P-2046.jpg,P-2046_1.jpg,6609,,,READY_FOR_UPLOAD,
P-2047,P-2047,P-2047.jpg,P-2047_1.jpg,6609,,,READY_FOR_UPLOAD,
P-2048,P-2048,P-2048.jpg,P-2048_1.jpg,6619,,,READY_FOR_UPLOAD,
P-2049,P-2049,P-2049.jpg,P-2049_1.jpg,6619,,,READY_FOR_UPLOAD,
P-2050,P-2050,P-2050.jpg,P-2050_1.jpg,6619,,,READY_FOR_UPLOAD,
P-2051,P-2051,P-2051.jpg,P-2051_1.jpg,6619,,,READY_FOR_UPLOAD,
P-2052,P-2052,P-2052.jpg,P-2052_1.jpg,6619,,,READY_FOR_UPLOAD,
P-2053,P-2053,P-2053.jpg,P-2053_1.jpg,6619,,,READY_FOR_UPLOAD,
P-2054,P-2054,P-2054.jpg,P-2054_1.jpg,6619,,,READY_FOR_UPLOAD,
P-2055,P-2055,P-2055.jpg,P-2055_1.jpg,6619,,,READY_FOR_UPLOAD,
P-2056,P-2056,P-2056.jpg,P-2056_1.jpg,6619,,,READY_FOR_UPLOAD,
P-2057,P-2057,P-2057.jpg,P-2057_1.jpg,6619,,,READY_FOR_UPLOAD,
P-2058,P-2058,P-2058.jpg,P-2058_1.jpg,6609,,,READY_FOR_UPLOAD,
P-2059,P-2059,P-2059.jpg,P-2059_1.jpg,6619,,,READY_FOR_UPLOAD,
P-2060,P-2060,P-2060.jpg,P-2060_1.jpg,6619,,,READY_FOR_UPLOAD,
P-2061,P-2061,P-2061.jpg,P-2061_1.jpg,6619,,,READY_FOR_UPLOAD,
P-2062,P-2062,P-2062.jpg,P-2062_1.jpg,6609,,,READY_FOR_UPLOAD,
P-2063,P-2063,P-2063.jpg,P-2063_1.jpg,6619,,,READY_FOR_UPLOAD,
P-2064,P-2064,P-2064.jpg,P-2064_1.jpg,6619,,,READY_FOR_UPLOAD,
P-2065,P-2065,P-2065.jpg,P-2065_1.jpg,6619,,,READY_FOR_UPLOAD,
P-2066,P-2066,P-2066.jpg,P-2066_1.jpg,6619,,,READY_FOR_UPLOAD,
P-2067,P-2067,P-2067.jpg,P-2067_1.jpg,6619,,,READY_FOR_UPLOAD,
P-2068,P-2068,P-2068.jpg,P-2068_1.jpg,6619,,,READY_FOR_UPLOAD,
P-2069,P-2069,P-2069.jpg,P-2069_1.jpg,6619,,,READY_FOR_UPLOAD,
P-2070,P-2070,P-2070.jpg,P-2070_1.jpg,6619,,,READY_FOR_UPLOAD,
P-2071,P-2071,P-2071.jpg,P-2071_1.jpg,6619,,,READY_FOR_UPLOAD,
P-2072,P-2072,P-2072.jpg,P-2072_1.jpg,6609,,,READY_FOR_UPLOAD,
P-2073,P-2073,P-2073.jpg,P-2073_1.jpg,6609,,,READY_FOR_UPLOAD,
P-2074,P-2074,P-2074.jpg,P-2074_1.jpg,6608,,,READY_FOR_UPLOAD,
P-2075,P-2075,P-2075.jpg,P-2075_1.jpg,6619,,,READY_FOR_UPLOAD,
P-2076,P-2076,P-2076.jpg,P-2076_1.jpg,6619,,,READY_FOR_UPLOAD,
P-2077,P-2077,P-2077.jpg,P-2077_1.jpg,6619,,,READY_FOR_UPLOAD,
P-2078,P-2078,P-2078.jpg,P-2078_1.jpg,6619,,,READY_FOR_UPLOAD,
P-2079,P-2079,P-2079.jpg,P-2079_1.jpg,6619,,,READY_FOR_UPLOAD,
P-2080,P-2080,P-2080.jpg,P-2080_1.jpg,6619,,,READY_FOR_UPLOAD,
P-2081,P-2081,P-2081.jpg,P-2081_1.jpg,6609,,,READY_FOR_UPLOAD,
P-2082,P-2082,P-2082.jpg,P-2082_1.jpg,6609,,,READY_FOR_UPLOAD,
P-2083,P-2083,P-2083.jpg,P-2083_1.jpg,6619,,,READY_FOR_UPLOAD,
P-2084,P-2084,P-2084.jpg,P-2084_1.jpg,6619,,,READY_FOR_UPLOAD,
P-2085,P-2085,P-2085.jpg,P-2085_1.jpg,6619,,,READY_FOR_UPLOAD,
P-2086,P-2086,P-2086.jpg,P-2086_1.jpg,6619,,,READY_FOR_UPLOAD,
P-2087,P-2087,P-2087.jpg,P-2087_1.jpg,6619,,,READY_FOR_UPLOAD,
P-2088,P-2088,P-2088.jpg,P-2088_1.jpg,6619,,,READY_FOR_UPLOAD,
P-2089,P-2089,P-2089.jpg,P-2089_1.jpg,6619,,,READY_FOR_UPLOAD,
P-2090,P-2090,P-2090.jpg,P-2090_1.jpg,6619,,,READY_FOR_UPLOAD,
P-2091,P-2091,P-2091.jpg,P-2091_1.jpg,6619,,,READY_FOR_UPLOAD,
P-2092,P-2092,P-2092.jpg,P-2092_1.jpg,6619,,,READY_FOR_UPLOAD,
P-2093,P-2093,P-2093.jpg,P-2093_1.jpg,6619,,,READY_FOR_UPLOAD,
P-2094,P-2094,P-2094.jpg,P-2094_1.jpg,6619,,,READY_FOR_UPLOAD,
P-2095,P-2095,P-2095.jpg,P-2095_1.jpg,6619,,,READY_FOR_UPLOAD,
P-2096,P-2096,P-2096.jpg,P-2096_1.jpg,6619,,,READY_FOR_UPLOAD,
P-2097,P-2097,P-2097.jpg,P-2097_1.jpg,6619,,,READY_FOR_UPLOAD,
P-2098,P-2098,P-2098.jpg,P-2098_1.jpg,6619,,,READY_FOR_UPLOAD,
P-2099,P-2099,P-2099.jpg,P-2099_1.jpg,6619,,,READY_FOR_UPLOAD,
P-2100,P-2100,P-2100.jpg,P-2100_1.jpg,6619,,,READY_FOR_UPLOAD,
P-2101,P-2101,P-2101.jpg,P-2101_1.jpg,6619,,,READY_FOR_UPLOAD,
P-2102,P-2102,P-2102.jpg,P-2102_1.jpg,6619,,,READY_FOR_UPLOAD,
P-2103,P-2103,P-2103.jpg,P-2103_1.jpg,6619,,,READY_FOR_UPLOAD,
P-2104,P-2104,P-2104.jpg,P-2104_1.jpg,6619,,,READY_FOR_UPLOAD,
P-2105,P-2105,P-2105.jpg,P-2105_1.jpg,6619,,,READY_FOR_UPLOAD,
P-2106,P-2106,P-2106.jpg,P-2106_1.jpg,6619,,,READY_FOR_UPLOAD,
P-2107,P-2107,P-2107.jpg,P-2107_1.jpg,6619,,,READY_FOR_UPLOAD,
P-2108,P-2108,P-2108.jpg,P-2108_1.jpg,6619,,,READY_FOR_UPLOAD,
P-2109,P-2109,P-2109.jpg,P-2109_1.jpg,6619,,,READY_FOR_UPLOAD,
P-2110,P-2110,P-2110.jpg,P-2110_1.jpg,6619,,,READY_FOR_UPLOAD,
P-2111,P-2111,P-2111.jpg,P-2111_1.jpg,6619,,,READY_FOR_UPLOAD,
P-2112,P-2112,P-2112.jpg,P-2112_1.jpg,6619,,,READY_FOR_UPLOAD,
P-2113,P-2113,P-2113.jpg,P-2113_1.jpg,6619,,,READY_FOR_UPLOAD,
P-2114,P-2114,P-2114.jpg,P-2114_1.jpg,6619,,,READY_FOR_UPLOAD,
P-2115,P-2115,P-2115.jpg,P-2115_1.jpg,6619,,,READY_FOR_UPLOAD,
P-2116,P-2116,P-2116.jpg,P-2116_1.jpg,6619,,,READY_FOR_UPLOAD,
P-2117,P-2117,P-2117.jpg,P-2117_1.jpg,6619,,,READY_FOR_UPLOAD,
P-2118,P-2118,P-2118.jpg,P-2118_1.jpg,6619,,,READY_FOR_UPLOAD,
P-2119,P-2119,P-2119.jpg,P-2119_1.jpg,6619,,,READY_FOR_UPLOAD,
P-2120,P-2120,P-2120.jpg,P-2120_1.jpg,6619,,,READY_FOR_UPLOAD,
P-2121,P-2121,P-2121.jpg,P-2121_1.jpg,6619,,,READY_FOR_UPLOAD,
P-2122,P-2122,P-2122.jpg,P-2122_1.jpg,6619,,,READY_FOR_UPLOAD,
P-2123,P-2123,P-2123.jpg,P-2123_1.jpg,6619,,,READY_FOR_UPLOAD,
P-2124,P-2124,P-2124.jpg,P-2124_1.jpg,6619,,,READY_FOR_UPLOAD,
P-2125,P-2125,P-2125.jpg,P-2125_1.jpg,6619,,,READY_FOR_UPLOAD,
P-2126,P-2126,P-2126.jpg,P-2126_1.jpg,6619,,,READY_FOR_UPLOAD,
P-2127,P-2127,P-2127.jpg,P-2127_1.jpg,6619,,,READY_FOR_UPLOAD,
P-2128,P-2128,P-2128.jpg,P-2128_1.jpg,6609,,,READY_FOR_UPLOAD,
P-2129,P-2129,P-2129.jpg,P-2129_1.jpg,6619,,,READY_FOR_UPLOAD,
P-2130,P-2130,P-2130.jpg,P-2130_1.jpg,6619,,,READY_FOR_UPLOAD,
P-2131,P-2131,P-2131.jpg,P-2131_1.jpg,6619,,,READY_FOR_UPLOAD,
P-2132,P-2132,P-2132.jpg,P-2132_1.jpg,6619,,,READY_FOR_UPLOAD,
P-2133,P-2133,P-2133.jpg,P-2133_1.jpg,6619,,,READY_FOR_UPLOAD,
P-2134,P-2134,P-2134.jpg,P-2134_1.jpg,6619,,,READY_FOR_UPLOAD,
P-2135,P-2135,P-2135.jpg,P-2135_1.jpg,6619,,,READY_FOR_UPLOAD,
P-2136,P-2136,P-2136.jpg,P-2136_1.jpg,6619,,,READY_FOR_UPLOAD,
P-2137,P-2137,P-2137.jpg,P-2137_1.jpg,6619,,,READY_FOR_UPLOAD,
P-2138,P-2138,P-2138.jpg,P-2138_1.jpg,6619,,,READY_FOR_UPLOAD,
P-2139,P-2139,P-2139.jpg,P-2139_1.jpg,6619,,,READY_FOR_UPLOAD,
P-2140,P-2140,P-2140.jpg,P-2140_1.jpg,6619,,,READY_FOR_UPLOAD,
P-2141,P-2141,P-2141.jpg,P-2141_1.jpg,6619,,,READY_FOR_UPLOAD,
P-2142,P-2142,P-2142.jpg,P-2142_1.jpg,6619,,,READY_FOR_UPLOAD,
P-2143,P-2143,P-2143.jpg,P-2143_1.jpg,6619,,,READY_FOR_UPLOAD,
P-2144,P-2144,P-2144.jpg,P-2144_1.jpg,6619,,,READY_FOR_UPLOAD,
P-2145,P-2145,P-2145.jpg,P-2145_1.jpg,6619,,,READY_FOR_UPLOAD,
P-2146,P-2146,P-2146.jpg,P-2146_1.jpg,6619,,,READY_FOR_UPLOAD,
P-2147,P-2147,P-2147.jpg,P-2147_1.jpg,6619,,,READY_FOR_UPLOAD,
P-2148,P-2148,P-2148.jpg,P-2148_1.jpg,6619,,,READY_FOR_UPLOAD,
P-2149,P-2149,P-2149.jpg,P-2149_1.jpg,6619,,,READY_FOR_UPLOAD,
P-2150,P-2150,P-2150.jpg,P-2150_1.jpg,6619,,,READY_FOR_UPLOAD,
P-2151,P-2151,P-2151.jpg,P-2151_1.jpg,6619,,,READY_FOR_UPLOAD,
P-2152,P-2152,P-2152.jpg,P-2152_1.jpg,6619,,,READY_FOR_UPLOAD,
P-2153,P-2153,P-2153.jpg,P-2153_1.jpg,6619,,,READY_FOR_UPLOAD,
P-2154,P-2154,P-2154.jpg,P-2154_1.jpg,6619,,,READY_FOR_UPLOAD,
P-2155,P-2155,P-2155.jpg,P-2155_1.jpg,6619,,,READY_FOR_UPLOAD,
P-2156,P-2156,P-2156.jpg,P-2156_1.jpg,6619,,,READY_FOR_UPLOAD,
P-2157,P-2157,P-2157.jpg,P-2157_1.jpg,6619,,,READY_FOR_UPLOAD,
P-2158,P-2158,P-2158.jpg,P-2158_1.jpg,6619,,,READY_FOR_UPLOAD,
P-2159,P-2159,P-2159.jpg,P-2159_1.jpg,6619,,,READY_FOR_UPLOAD,
P-2160,P-2160,P-2160.jpg,P-2160_1.jpg,6619,,,READY_FOR_UPLOAD,
P-2161,P-2161,P-2161.jpg,P-2161_1.jpg,6619,,,READY_FOR_UPLOAD,
P-2162,P-2162,P-2162.jpg,P-2162_1.jpg,6619,,,READY_FOR_UPLOAD,
P-2163,P-2163,P-2163.jpg,P-2163_1.jpg,6619,,,READY_FOR_UPLOAD,
P-2164,P-2164,P-2164.jpg,P-2164_1.jpg,6619,,,READY_FOR_UPLOAD,
P-2165,P-2165,P-2165.jpg,P-2165_1.jpg,6619,,,READY_FOR_UPLOAD,
P-2166,P-2166,P-2166.jpg,P-2166_1.jpg,6619,,,READY_FOR_UPLOAD,
P-2167,P-2167,P-2167.jpg,P-2167_1.jpg,6619,,,READY_FOR_UPLOAD,
P-2168,P-2168,P-2168.jpg,P-2168_1.jpg,6619,,,READY_FOR_UPLOAD,
P-2169,P-2169,P-2169.jpg,P-2169_1.jpg,6619,,,READY_FOR_UPLOAD,
P-2170,P-2170,P-2170.jpg,P-2170_1.jpg,6619,,,READY_FOR_UPLOAD,
P-2171,P-2171,P-2171.jpg,P-2171_1.jpg,6609,,,READY_FOR_UPLOAD,
P-2172,P-2172,P-2172.jpg,P-2172_1.jpg,6609,,,READY_FOR_UPLOAD,
P-2173,P-2173,P-2173.jpg,P-2173_1.jpg,6609,,,READY_FOR_UPLOAD,
P-2174,P-2174,P-2174.jpg,P-2174_1.jpg,6619,,,READY_FOR_UPLOAD,
P-2175,P-2175,P-2175.jpg,P-2175_1.jpg,6619,,,READY_FOR_UPLOAD,
P-2176,P-2176,P-2176.jpg,P-2176_1.jpg,6609,,,READY_FOR_UPLOAD,
P-2177,P-2177,P-2177.jpg,P-2177_1.jpg,6609,,,READY_FOR_UPLOAD,
P-2178,P-2178,P-2178.jpg,P-2178_1.jpg,6609,,,READY_FOR_UPLOAD,
P-2179,P-2179,P-2179.jpg,P-2179_1.jpg,6609,,,READY_FOR_UPLOAD,
P-2180,P-2180,P-2180.jpg,P-2180_1.jpg,6609,,,READY_FOR_UPLOAD,
P-2181,P-2181,P-2181.jpg,P-2181_1.jpg,6609,,,READY_FOR_UPLOAD,
P-2182,P-2182,P-2182.jpg,P-2182_1.jpg,6609,,,READY_FOR_UPLOAD,
P-2183,P-2183,P-2183.jpg,P-2183_1.jpg,6609,,,READY_FOR_UPLOAD,
P-2184,P-2184,P-2184.jpg,P-2184_1.jpg,6609,,,READY_FOR_UPLOAD,
P-2185,P-2185,P-2185.jpg,P-2185_1.jpg,6609,,,READY_FOR_UPLOAD,
P-2186,P-2186,P-2186.jpg,P-2186_1.jpg,6609,,,READY_FOR_UPLOAD,
P-2187,P-2187,P-2187.jpg,P-2187_1.jpg,6609,,,READY_FOR_UPLOAD,
P-2188,P-2188,P-2188.jpg,P-2188_1.jpg,6609,,,READY_FOR_UPLOAD,
P-2189,P-2189,P-2189.jpg,P-2189_1.jpg,6610,,,READY_FOR_UPLOAD,
P-2190,P-2190,P-2190.jpg,P-2190_1.jpg,6610,,,READY_FOR_UPLOAD,
P-2191,P-2191,P-2191.jpg,P-2191_1.jpg,6619,,,READY_FOR_UPLOAD,
P-2192,P-2192,P-2192.jpg,P-2192_1.jpg,6619,,,READY_FOR_UPLOAD,
P-2193,P-2193,P-2193.jpg,P-2193_1.jpg,6619,,,READY_FOR_UPLOAD,
P-2194,P-2194,P-2194.jpg,P-2194_1.jpg,6619,,,READY_FOR_UPLOAD,
P-2195,P-2195,P-2195.jpg,P-2195_1.jpg,6619,,,READY_FOR_UPLOAD,
P-2196,P-2196,P-2196.jpg,P-2196_1.jpg,6619,,,READY_FOR_UPLOAD,
P-2197,P-2197,P-2197.jpg,P-2197_1.jpg,6619,,,READY_FOR_UPLOAD,
P-2198,P-2198,P-2198.jpg,P-2198_1.jpg,6619,,,READY_FOR_UPLOAD,
P-2199,P-2199,P-2199.jpg,P-2199_1.jpg,6619,,,READY_FOR_UPLOAD,
P-2200,P-2200,P-2200.jpg,P-2200_1.jpg,6619,,,READY_FOR_UPLOAD,
P-2201,P-2201,P-2201.jpg,P-2201_1.jpg,6619,,,READY_FOR_UPLOAD,
P-2202,P-2202,P-2202.jpg,P-2202_1.jpg,6619,,,READY_FOR_UPLOAD,
P-2203,P-2203,P-2203.jpg,P-2203_1.jpg,6619,,,READY_FOR_UPLOAD,
P-2204,P-2204,P-2204.jpg,P-2204_1.jpg,6619,,,READY_FOR_UPLOAD,
P-2205,P-2205,P-2205.jpg,P-2205_1.jpg,6619,,,READY_FOR_UPLOAD,
P-2206,P-2206,P-2206.jpg,P-2206_1.jpg,6619,,,READY_FOR_UPLOAD,
P-2207,P-2207,P-2207.jpg,P-2207_1.jpg,6619,,,READY_FOR_UPLOAD,
P-2208,P-2208,P-2208.jpg,P-2208_1.jpg,6619,,,READY_FOR_UPLOAD,
P-2209,P-2209,P-2209.jpg,P-2209_1.jpg,6619,,,READY_FOR_UPLOAD,
P-2210,P-2210,P-2210.jpg,P-2210_1.jpg,6619,,,READY_FOR_UPLOAD,
P-2211,P-2211,P-2211.jpg,P-2211_1.jpg,6619,,,READY_FOR_UPLOAD,
P-2212,P-2212,P-2212.jpg,P-2212_1.jpg,6619,,,READY_FOR_UPLOAD,
P-2213,P-2213,P-2213.jpg,P-2213_1.jpg,6609,,,READY_FOR_UPLOAD,
P-2214,P-2214,P-2214.jpg,P-2214_1.jpg,6619,,,READY_FOR_UPLOAD,
P-2215,P-2215,P-2215.jpg,P-2215_1.jpg,6619,,,READY_FOR_UPLOAD,
P-2216,P-2216,P-2216.jpg,P-2216_1.jpg,6619,,,READY_FOR_UPLOAD,
P-2217,P-2217,P-2217.jpg,P-2217_1.jpg,6619,,,READY_FOR_UPLOAD,
P-2218,P-2218,P-2218.jpg,P-2218_1.jpg,6619,,,READY_FOR_UPLOAD,
P-2219,P-2219,P-2219.jpg,P-2219_1.jpg,6619,,,READY_FOR_UPLOAD,
P-2220,P-2220,P-2220.jpg,P-2220_1.jpg,6619,,,READY_FOR_UPLOAD,
P-2221,P-2221,P-2221.jpg,P-2221_1.jpg,6619,,,READY_FOR_UPLOAD,
P-2222,P-2222,P-2222.jpg,P-2222_1.jpg,6619,,,READY_FOR_UPLOAD,
P-2223,P-2223,P-2223.jpg,P-2223_1.jpg,6619,,,READY_FOR_UPLOAD,
P-2224,P-2224,P-2224.jpg,P-2224_1.jpg,6619,,,READY_FOR_UPLOAD,
P-2225,P-2225,P-2225.jpg,P-2225_1.jpg,6619,,,READY_FOR_UPLOAD,
P-2226,P-2226,P-2226.jpg,P-2226_1.jpg,6619,,,READY_FOR_UPLOAD,
P-2227,P-2227,P-2227.jpg,P-2227_1.jpg,6619,,,READY_FOR_UPLOAD,
P-2228,P-2228,P-2228.jpg,P-2228_1.jpg,6619,,,READY_FOR_UPLOAD,
P-2229,P-2229,P-2229.jpg,P-2229_1.jpg,6619,,,READY_FOR_UPLOAD,
P-2230,P-2230,P-2230.jpg,P-2230_1.jpg,6619,,,READY_FOR_UPLOAD,
P-2231,P-2231,P-2231.jpg,P-2231_1.jpg,6619,,,READY_FOR_UPLOAD,
P-2232,P-2232,P-2232.jpg,P-2232_1.jpg,6619,,,READY_FOR_UPLOAD,
P-2233,P-2233,P-2233.jpg,P-2233_1.jpg,6619,,,READY_FOR_UPLOAD,
P-2234,P-2234,P-2234.jpg,P-2234_1.jpg,6619,,,READY_FOR_UPLOAD,
P-2235,P-2235,P-2235.jpg,P-2235_1.jpg,6619,,,READY_FOR_UPLOAD,
P-2236,P-2236,P-2236.jpg,P-2236_1.jpg,6619,,,READY_FOR_UPLOAD,
P-2237,P-2237,P-2237.jpg,P-2237_1.jpg,6619,,,READY_FOR_UPLOAD,
P-2238,P-2238,P-2238.jpg,P-2238_1.jpg,6619,,,READY_FOR_UPLOAD,
P-2239,P-2239,P-2239.jpg,P-2239_1.jpg,6619,,,READY_FOR_UPLOAD,
P-2240,P-2240,P-2240.jpg,P-2240_1.jpg,6619,,,READY_FOR_UPLOAD,
P-2241,P-2241,P-2241.jpg,P-2241_1.jpg,6619,,,READY_FOR_UPLOAD,
P-2242,P-2242,P-2242.jpg,P-2242_1.jpg,6619,,,READY_FOR_UPLOAD,
P-2243,P-2243,P-2243.jpg,P-2243_1.jpg,6619,,,READY_FOR_UPLOAD,
P-2244,P-2244,P-2244.jpg,P-2244_1.jpg,6619,,,READY_FOR_UPLOAD,
P-2245,P-2245,P-2245.jpg,P-2245_1.jpg,6619,,,READY_FOR_UPLOAD,
P-2246,P-2246,P-2246.jpg,P-2246_1.jpg,6619,,,READY_FOR_UPLOAD,
P-2247,P-2247,P-2247.jpg,P-2247_1.jpg,6619,,,READY_FOR_UPLOAD,
P-2248,P-2248,P-2248.jpg,P-2248_1.jpg,6619,,,READY_FOR_UPLOAD,
P-2249,P-2249,P-2249.jpg,P-2249_1.jpg,6619,,,READY_FOR_UPLOAD,
P-2250,P-2250,P-2250.jpg,P-2250_1.jpg,6619,,,READY_FOR_UPLOAD,
P-2251,P-2251,P-2251.jpg,P-2251_1.jpg,6619,,,READY_FOR_UPLOAD,
P-2252,P-2252,P-2252.jpg,P-2252_1.jpg,6619,,,READY_FOR_UPLOAD,
P-2253,P-2253,P-2253.jpg,P-2253_1.jpg,6619,,,READY_FOR_UPLOAD,
P-2254,P-2254,P-2254.jpg,P-2254_1.jpg,6619,,,READY_FOR_UPLOAD,
P-2255,P-2255,P-2255.jpg,P-2255_1.jpg,6619,,,READY_FOR_UPLOAD,
P-2256,P-2256,P-2256.jpg,P-2256_1.jpg,6619,,,READY_FOR_UPLOAD,
P-2257,P-2257,P-2257.jpg,P-2257_1.jpg,6619,,,READY_FOR_UPLOAD,
P-2258,P-2258,P-2258.jpg,P-2258_1.jpg,6619,,,READY_FOR_UPLOAD,
P-2259,P-2259,P-2259.jpg,P-2259_1.jpg,6619,,,READY_FOR_UPLOAD,
P-2260,P-2260,P-2260.jpg,P-2260_1.jpg,6619,,,READY_FOR_UPLOAD,
P-2261,P-2261,P-2261.jpg,P-2261_1.jpg,6619,,,READY_FOR_UPLOAD,
P-2262,P-2262,P-2262.jpg,P-2262_1.jpg,6619,,,READY_FOR_UPLOAD,
P-2263,P-2263,P-2263.jpg,P-2263_1.jpg,6619,,,READY_FOR_UPLOAD,
P-2264,P-2264,P-2264.jpg,P-2264_1.jpg,6619,,,READY_FOR_UPLOAD,
P-2265,P-2265,P-2265.jpg,P-2265_1.jpg,6619,,,READY_FOR_UPLOAD,
P-2266,P-2266,P-2266.jpg,P-2266_1.jpg,6619,,,READY_FOR_UPLOAD,
P-2267,P-2267,P-2267.jpg,P-2267_1.jpg,6619,,,READY_FOR_UPLOAD,
P-2268,P-2268,P-2268.jpg,P-2268_1.jpg,6609,,,READY_FOR_UPLOAD,
P-2269,P-2269,P-2269.jpg,P-2269_1.jpg,6619,,,READY_FOR_UPLOAD,
P-2270,P-2270,P-2270.jpg,P-2270_1.jpg,6619,,,READY_FOR_UPLOAD,
P-2271,P-2271,P-2271.jpg,P-2271_1.jpg,6619,,,READY_FOR_UPLOAD,
P-2272,P-2272,P-2272.jpg,P-2272_1.jpg,6619,,,READY_FOR_UPLOAD,
P-2273,P-2273,P-2273.jpg,P-2273_1.jpg,6619,,,READY_FOR_UPLOAD,
P-2274,P-2274,P-2274.jpg,P-2274_1.jpg,6619,,,READY_FOR_UPLOAD,
P-2275,P-2275,P-2275.jpg,P-2275_1.jpg,6619,,,READY_FOR_UPLOAD,
P-2276,P-2276,P-2276.jpg,P-2276_1.jpg,6619,,,READY_FOR_UPLOAD,
P-2277,P-2277,P-2277.jpg,P-2277_1.jpg,6619,,,READY_FOR_UPLOAD,
P-2278,P-2278,P-2278.jpg,P-2278_1.jpg,6619,,,READY_FOR_UPLOAD,
P-2279,P-2279,P-2279.jpg,P-2279_1.jpg,6619,,,READY_FOR_UPLOAD,
P-2280,P-2280,P-2280.jpg,P-2280_1.jpg,6619,,,READY_FOR_UPLOAD,
P-2281,P-2281,P-2281.jpg,P-2281_1.jpg,6609,,,READY_FOR_UPLOAD,
P-2282,P-2282,P-2282.jpg,P-2282_1.jpg,6619,,,READY_FOR_UPLOAD,
P-2283,P-2283,P-2283.jpg,P-2283_1.jpg,6619,,,READY_FOR_UPLOAD,
P-2284,P-2284,P-2284.jpg,P-2284_1.jpg,6619,,,READY_FOR_UPLOAD,
P-2285,P-2285,P-2285.jpg,P-2285_1.jpg,6619,,,READY_FOR_UPLOAD,
P-2286,P-2286,P-2286.jpg,P-2286_1.jpg,6619,,,READY_FOR_UPLOAD,
P-2287,P-2287,P-2287.jpg,P-2287_1.jpg,6619,,,READY_FOR_UPLOAD,
P-2288,P-2288,P-2288.jpg,P-2288_1.jpg,6619,,,READY_FOR_UPLOAD,
P-2289,P-2289,P-2289.jpg,P-2289_1.jpg,6619,,,READY_FOR_UPLOAD,
P-2290,P-2290,P-2290.jpg,P-2290_1.jpg,6619,,,READY_FOR_UPLOAD,
P-2291,P-2291,P-2291.jpg,P-2291_1.jpg,6619,,,READY_FOR_UPLOAD,
P-2292,P-2292,P-2292.jpg,P-2292_1.jpg,6619,,,READY_FOR_UPLOAD,
P-2293,P-2293,P-2293.jpg,P-2293_1.jpg,6619,,,READY_FOR_UPLOAD,
P-2294,P-2294,P-2294.jpg,P-2294_1.jpg,6619,,,READY_FOR_UPLOAD,
P-2295,P-2295,P-2295.jpg,P-2295_1.jpg,6619,,,READY_FOR_UPLOAD,
P-2296,P-2296,P-2296.jpg,P-2296_1.jpg,6619,,,READY_FOR_UPLOAD,
P-2297,P-2297,P-2297.jpg,P-2297_1.jpg,6619,,,READY_FOR_UPLOAD,
P-2298,P-2298,P-2298.jpg,P-2298_1.jpg,6619,,,READY_FOR_UPLOAD,
P-2299,P-2299,P-2299.jpg,P-2299_1.jpg,6619,,,READY_FOR_UPLOAD,
P-2300,P-2300,P-2300.jpg,P-2300_1.jpg,6619,,,READY_FOR_UPLOAD,
P-2301,P-2301,P-2301.jpg,P-2301_1.jpg,6619,,,READY_FOR_UPLOAD,
P-2302,P-2302,P-2302.jpg,P-2302_1.jpg,6619,,,READY_FOR_UPLOAD,
P-2303,P-2303,P-2303.jpg,P-2303_1.jpg,6619,,,READY_FOR_UPLOAD,
P-2304,P-2304,P-2304.jpg,P-2304_1.jpg,6619,,,READY_FOR_UPLOAD,
P-2305,P-2305,P-2305.jpg,P-2305_1.jpg,6619,,,READY_FOR_UPLOAD,
P-2306,P-2306,P-2306.jpg,P-2306_1.jpg,6619,,,READY_FOR_UPLOAD,
P-2307,P-2307,P-2307.jpg,P-2307_1.jpg,6619,,,READY_FOR_UPLOAD,
P-2308,P-2308,P-2308.jpg,P-2308_1.jpg,6619,,,READY_FOR_UPLOAD,
P-2309,P-2309,P-2309.jpg,P-2309_1.jpg,6619,,,READY_FOR_UPLOAD,
P-2310,P-2310,P-2310.jpg,P-2310_1.jpg,6619,,,READY_FOR_UPLOAD,
P-2311,P-2311,P-2311.jpg,P-2311_1.jpg,6619,,,READY_FOR_UPLOAD,
P-2312,P-2312,P-2312.jpg,P-2312_1.jpg,6619,,,READY_FOR_UPLOAD,
P-2313,P-2313,P-2313.jpg,P-2313_1.jpg,6619,,,READY_FOR_UPLOAD,
P-2314,P-2314,P-2314.jpg,P-2314_1.jpg,6619,,,READY_FOR_UPLOAD,
P-2315,P-2315,P-2315.jpg,P-2315_1.jpg,6610,,,READY_FOR_UPLOAD,
P-2316,P-2316,P-2316.jpg,P-2316_1.jpg,6609,,,READY_FOR_UPLOAD,
P-2317,P-2317,P-2317.jpg,P-2317_1.jpg,6619,,,READY_FOR_UPLOAD,
P-2318,P-2318,P-2318.jpg,P-2318_1.jpg,6619,,,READY_FOR_UPLOAD,
P-2319,P-2319,P-2319.jpg,P-2319_1.jpg,6609,,,READY_FOR_UPLOAD,
P-2320,P-2320,P-2320.jpg,P-2320_1.jpg,6609,,,READY_FOR_UPLOAD,
P-2321,P-2321,P-2321.jpg,P-2321_1.jpg,6619,,,READY_FOR_UPLOAD,
P-2322,P-2322,P-2322.jpg,P-2322_1.jpg,6619,,,READY_FOR_UPLOAD,
P-2323,P-2323,P-2323.jpg,P-2323_1.jpg,6619,,,READY_FOR_UPLOAD,
P-2324,P-2324,P-2324.jpg,P-2324_1.jpg,6609,,,READY_FOR_UPLOAD,
P-2325,P-2325,P-2325.jpg,P-2325_1.jpg,6609,,,READY_FOR_UPLOAD,
P-2326,P-2326,P-2326.jpg,P-2326_1.jpg,6619,,,READY_FOR_UPLOAD,
P-2327,P-2327,P-2327.jpg,P-2327_1.jpg,6619,,,READY_FOR_UPLOAD,
P-2328,P-2328,P-2328.jpg,P-2328_1.jpg,6609,,,READY_FOR_UPLOAD,
P-2329,P-2329,P-2329.jpg,P-2329_1.jpg,6619,,,READY_FOR_UPLOAD,
P-2330,P-2330,P-2330.jpg,P-2330_1.jpg,6619,,,READY_FOR_UPLOAD,
P-2331,P-2331,P-2331.jpg,P-2331_1.jpg,6619,,,READY_FOR_UPLOAD,
P-2332,P-2332,P-2332.jpg,P-2332_1.jpg,6619,,,READY_FOR_UPLOAD,
P-2333,P-2333,P-2333.jpg,P-2333_1.jpg,6619,,,READY_FOR_UPLOAD,
P-2334,P-2334,P-2334.jpg,P-2334_1.jpg,6619,,,READY_FOR_UPLOAD,
P-2335,P-2335,P-2335.jpg,P-2335_1.jpg,6619,,,READY_FOR_UPLOAD,
P-2336,P-2336,P-2336.jpg,P-2336_1.jpg,6619,,,READY_FOR_UPLOAD,
P-2337,P-2337,P-2337.jpg,P-2337_1.jpg,6619,,,READY_FOR_UPLOAD,
P-2338,P-2338,P-2338.jpg,P-2338_1.jpg,6619,,,READY_FOR_UPLOAD,
P-2339,P-2339,P-2339.jpg,P-2339_1.jpg,6619,,,READY_FOR_UPLOAD,
P-2340,P-2340,P-2340.jpg,P-2340_1.jpg,6619,,,READY_FOR_UPLOAD,
P-2341,P-2341,P-2341.jpg,P-2341_1.jpg,6619,,,READY_FOR_UPLOAD,
P-2342,P-2342,P-2342.jpg,P-2342_1.jpg,6619,,,READY_FOR_UPLOAD,
P-2343,P-2343,P-2343.jpg,P-2343_1.jpg,6619,,,READY_FOR_UPLOAD,
P-2344,P-2344,P-2344.jpg,P-2344_1.jpg,6619,,,READY_FOR_UPLOAD,
P-2345,P-2345,P-2345.jpg,P-2345_1.jpg,6619,,,READY_FOR_UPLOAD,
P-2346,P-2346,P-2346.jpg,P-2346_1.jpg,6619,,,READY_FOR_UPLOAD,
P-2347,P-2347,P-2347.jpg,P-2347_1.jpg,6619,,,READY_FOR_UPLOAD,
P-2348,P-2348,P-2348.jpg,P-2348_1.jpg,6619,,,READY_FOR_UPLOAD,
P-2349,P-2349,P-2349.jpg,P-2349_1.jpg,6619,,,READY_FOR_UPLOAD,
P-2350,P-2350,P-2350.jpg,P-2350_1.jpg,6619,,,READY_FOR_UPLOAD,
P-2351,P-2351,P-2351.jpg,P-2351_1.jpg,6609,,,READY_FOR_UPLOAD,
P-2352,P-2352,P-2352.jpg,P-2352_1.jpg,6609,,,READY_FOR_UPLOAD,
P-2353,P-2353,P-2353.jpg,P-2353_1.jpg,6609,,,READY_FOR_UPLOAD,
P-2354,P-2354,P-2354.jpg,P-2354_1.jpg,6609,,,READY_FOR_UPLOAD,
P-2355,P-2355,P-2355.jpg,P-2355_1.jpg,6609,,,READY_FOR_UPLOAD,
P-2356,P-2356,P-2356.jpg,P-2356_1.jpg,6609,,,READY_FOR_UPLOAD,
P-2357,P-2357,P-2357.jpg,P-2357_1.jpg,6610,,,READY_FOR_UPLOAD,
P-2358,P-2358,P-2358.jpg,P-2358_1.jpg,6609,,,READY_FOR_UPLOAD,
P-2359,P-2359,P-2359.jpg,P-2359_1.jpg,6619,,,READY_FOR_UPLOAD,
P-2360,P-2360,P-2360.jpg,P-2360_1.jpg,6619,,,READY_FOR_UPLOAD,
P-2361,P-2361,P-2361.jpg,P-2361_1.jpg,6619,,,READY_FOR_UPLOAD,
P-2362,P-2362,P-2362.jpg,P-2362_1.jpg,6619,,,READY_FOR_UPLOAD,
P-2363,P-2363,P-2363.jpg,P-2363_1.jpg,6619,,,READY_FOR_UPLOAD,
P-2364,P-2364,P-2364.jpg,P-2364_1.jpg,6609,,,READY_FOR_UPLOAD,
P-2365,P-2365,P-2365.jpg,P-2365_1.jpg,6619,,,READY_FOR_UPLOAD,
P-2366,P-2366,P-2366.jpg,P-2366_1.jpg,6619,,,READY_FOR_UPLOAD,
P-2367,P-2367,P-2367.jpg,P-2367_1.jpg,6619,,,READY_FOR_UPLOAD,
P-2368,P-2368,P-2368.jpg,P-2368_1.jpg,6619,,,READY_FOR_UPLOAD,
P-2369,P-2369,P-2369.jpg,P-2369_1.jpg,6619,,,READY_FOR_UPLOAD,
P-2370,P-2370,P-2370.jpg,P-2370_1.jpg,6619,,,READY_FOR_UPLOAD,
P-2371,P-2371,P-2371.jpg,P-2371_1.jpg,6619,,,READY_FOR_UPLOAD,
P-2372,P-2372,P-2372.jpg,P-2372_1.jpg,6619,,,READY_FOR_UPLOAD,
P-2373,P-2373,P-2373.jpg,P-2373_1.jpg,6619,,,READY_FOR_UPLOAD,
P-2374,P-2374,P-2374.jpg,P-2374_1.jpg,6619,,,READY_FOR_UPLOAD,
P-2375,P-2375,P-2375.jpg,P-2375_1.jpg,6619,,,READY_FOR_UPLOAD,
P-2376,P-2376,P-2376.jpg,P-2376_1.jpg,6619,,,READY_FOR_UPLOAD,
P-2377,P-2377,P-2377.jpg,P-2377_1.jpg,6619,,,READY_FOR_UPLOAD,
P-2378,P-2378,P-2378.jpg,P-2378_1.jpg,6619,,,READY_FOR_UPLOAD,
P-2379,P-2379,P-2379.jpg,P-2379_1.jpg,6619,,,READY_FOR_UPLOAD,
P-2380,P-2380,P-2380.jpg,P-2380_1.jpg,6619,,,READY_FOR_UPLOAD,
P-2381,P-2381,P-2381.jpg,P-2381_1.jpg,6619,,,READY_FOR_UPLOAD,
P-2382,P-2382,P-2382.jpg,P-2382_1.jpg,6619,,,READY_FOR_UPLOAD,
P-2383,P-2383,P-2383.jpg,P-2383_1.jpg,6619,,,READY_FOR_UPLOAD,
P-2384,P-2384,P-2384.jpg,P-2384_1.jpg,6619,,,READY_FOR_UPLOAD,
P-2385,P-2385,P-2385.jpg,P-2385_1.jpg,6619,,,READY_FOR_UPLOAD,
P-2386,P-2386,P-2386.jpg,P-2386_1.jpg,6619,,,READY_FOR_UPLOAD,
P-2387,P-2387,P-2387.jpg,P-2387_1.jpg,6619,,,READY_FOR_UPLOAD,
P-2388,P-2388,P-2388.jpg,P-2388_1.jpg,6619,,,READY_FOR_UPLOAD,
P-2389,P-2389,P-2389.jpg,P-2389_1.jpg,6619,,,READY_FOR_UPLOAD,
P-2390,P-2390,P-2390.jpg,P-2390_1.jpg,6619,,,READY_FOR_UPLOAD,
P-2391,P-2391,P-2391.jpg,P-2391_1.jpg,6619,,,READY_FOR_UPLOAD,
P-2392,P-2392,P-2392.jpg,P-2392_1.jpg,6619,,,READY_FOR_UPLOAD,
P-2393,P-2393,P-2393.jpg,P-2393_1.jpg,6619,,,READY_FOR_UPLOAD,
P-2394,P-2394,P-2394.jpg,P-2394_1.jpg,6619,,,READY_FOR_UPLOAD,
P-2395,P-2395,P-2395.jpg,P-2395_1.jpg,6619,,,READY_FOR_UPLOAD,
P-2396,P-2396,P-2396.jpg,P-2396_1.jpg,6619,,,READY_FOR_UPLOAD,
P-2397,P-2397,P-2397.jpg,P-2397_1.jpg,6619,,,READY_FOR_UPLOAD,
P-2398,P-2398,P-2398.jpg,P-2398_1.jpg,6619,,,READY_FOR_UPLOAD,
P-2399,P-2399,P-2399.jpg,P-2399_1.jpg,6619,,,READY_FOR_UPLOAD,
P-2400,P-2400,P-2400.jpg,P-2400_1.jpg,6619,,,READY_FOR_UPLOAD,
P-2401,P-2401,P-2401.jpg,P-2401_1.jpg,6619,,,READY_FOR_UPLOAD,
P-2402,P-2402,P-2402.jpg,P-2402_1.jpg,6619,,,READY_FOR_UPLOAD,
P-2403,P-2403,P-2403.jpg,P-2403_1.jpg,6619,,,READY_FOR_UPLOAD,
P-2404,P-2404,P-2404.jpg,P-2404_1.jpg,6619,,,READY_FOR_UPLOAD,
P-2405,P-2405,P-2405.jpg,P-2405_1.jpg,6619,,,READY_FOR_UPLOAD,
P-2406,P-2406,P-2406.jpg,P-2406_1.jpg,6619,,,READY_FOR_UPLOAD,
P-2407,P-2407,P-2407.jpg,P-2407_1.jpg,6619,,,READY_FOR_UPLOAD,
P-2408,P-2408,P-2408.jpg,P-2408_1.jpg,6619,,,READY_FOR_UPLOAD,
P-2409,P-2409,P-2409.jpg,P-2409_1.jpg,6619,,,READY_FOR_UPLOAD,
P-2410,P-2410,P-2410.jpg,P-2410_1.jpg,6619,,,READY_FOR_UPLOAD,
P-2411,P-2411,P-2411.jpg,P-2411_1.jpg,6619,,,READY_FOR_UPLOAD,
P-2412,P-2412,P-2412.jpg,P-2412_1.jpg,6619,,,READY_FOR_UPLOAD,
P-2413,P-2413,P-2413.jpg,P-2413_1.jpg,6609,,,READY_FOR_UPLOAD,
P-2414,P-2414,P-2414.jpg,P-2414_1.jpg,6619,,,READY_FOR_UPLOAD,
P-2415,P-2415,P-2415.jpg,P-2415_1.jpg,6619,,,READY_FOR_UPLOAD,
P-2416,P-2416,P-2416.jpg,P-2416_1.jpg,6619,,,READY_FOR_UPLOAD,
P-2417,P-2417,P-2417.jpg,P-2417_1.jpg,6619,,,READY_FOR_UPLOAD,
P-2418,P-2418,P-2418.jpg,P-2418_1.jpg,6609,,,READY_FOR_UPLOAD,
P-2419,P-2419,P-2419.jpg,P-2419_1.jpg,6619,,,READY_FOR_UPLOAD,
P-2420,P-2420,P-2420.jpg,P-2420_1.jpg,6619,,,READY_FOR_UPLOAD,
P-2421,P-2421,P-2421.jpg,P-2421_1.jpg,6619,,,READY_FOR_UPLOAD,
P-2422,P-2422,P-2422.jpg,P-2422_1.jpg,6619,,,READY_FOR_UPLOAD,
P-2423,P-2423,P-2423.jpg,P-2423_1.jpg,6619,,,READY_FOR_UPLOAD,
P-2424,P-2424,P-2424.jpg,P-2424_1.jpg,6619,,,READY_FOR_UPLOAD,
P-2425,P-2425,P-2425.jpg,P-2425_1.jpg,6619,,,READY_FOR_UPLOAD,
P-2426,P-2426,P-2426.jpg,P-2426_1.jpg,6619,,,READY_FOR_UPLOAD,
P-2427,P-2427,P-2427.jpg,P-2427_1.jpg,6619,,,READY_FOR_UPLOAD,
P-2428,P-2428,P-2428.jpg,P-2428_1.jpg,6619,,,READY_FOR_UPLOAD,
P-2429,P-2429,P-2429.jpg,P-2429_1.jpg,6619,,,READY_FOR_UPLOAD,
P-2430,P-2430,P-2430.jpg,P-2430_1.jpg,6619,,,READY_FOR_UPLOAD,
P-2431,P-2431,P-2431.jpg,P-2431_1.jpg,6619,,,READY_FOR_UPLOAD,
P-2432,P-2432,P-2432.jpg,P-2432_1.jpg,6619,,,READY_FOR_UPLOAD,
P-2433,P-2433,P-2433.jpg,P-2433_1.jpg,6619,,,READY_FOR_UPLOAD,
P-2434,P-2434,P-2434.jpg,P-2434_1.jpg,6619,,,READY_FOR_UPLOAD,
P-2435,P-2435,P-2435.jpg,P-2435_1.jpg,6619,,,READY_FOR_UPLOAD,
P-2436,P-2436,P-2436.jpg,P-2436_1.jpg,6619,,,READY_FOR_UPLOAD,
P-2437,P-2437,P-2437.jpg,P-2437_1.jpg,6619,,,READY_FOR_UPLOAD,
P-2438,P-2438,P-2438.jpg,P-2438_1.jpg,6619,,,READY_FOR_UPLOAD,
P-2439,P-2439,P-2439.jpg,P-2439_1.jpg,6619,,,READY_FOR_UPLOAD,
P-2440,P-2440,P-2440.jpg,P-2440_1.jpg,6619,,,READY_FOR_UPLOAD,
P-2441,P-2441,P-2441.jpg,P-2441_1.jpg,6619,,,READY_FOR_UPLOAD,
P-2442,P-2442,P-2442.jpg,P-2442_1.jpg,6619,,,READY_FOR_UPLOAD,
P-2443,P-2443,P-2443.jpg,P-2443_1.jpg,6619,,,READY_FOR_UPLOAD,
P-2444,P-2444,P-2444.jpg,P-2444_1.jpg,6619,,,READY_FOR_UPLOAD,
P-2445,P-2445,P-2445.jpg,P-2445_1.jpg,6619,,,READY_FOR_UPLOAD,
P-2446,P-2446,P-2446.jpg,P-2446_1.jpg,6619,,,READY_FOR_UPLOAD,
P-2447,P-2447,P-2447.jpg,P-2447_1.jpg,6619,,,READY_FOR_UPLOAD,
P-2448,P-2448,P-2448.jpg,P-2448_1.jpg,6619,,,READY_FOR_UPLOAD,
P-2449,P-2449,P-2449.jpg,P-2449_1.jpg,6619,,,READY_FOR_UPLOAD,
P-2450,P-2450,P-2450.jpg,P-2450_1.jpg,6619,,,READY_FOR_UPLOAD,
P-2451,P-2451,P-2451.jpg,P-2451_1.jpg,6609,,,READY_FOR_UPLOAD,
P-2452,P-2452,P-2452.jpg,P-2452_1.jpg,6619,,,READY_FOR_UPLOAD,
P-2453,P-2453,P-2453.jpg,P-2453_1.jpg,6619,,,READY_FOR_UPLOAD,
P-2454,P-2454,P-2454.jpg,P-2454_1.jpg,6619,,,READY_FOR_UPLOAD,
P-2455,P-2455,P-2455.jpg,P-2455_1.jpg,6619,,,READY_FOR_UPLOAD,
P-2456,P-2456,P-2456.jpg,P-2456_1.jpg,6619,,,READY_FOR_UPLOAD,
P-2457,P-2457,P-2457.jpg,P-2457_1.jpg,6619,,,READY_FOR_UPLOAD,
P-2458,P-2458,P-2458.jpg,P-2458_1.jpg,6619,,,READY_FOR_UPLOAD,
P-2459,P-2459,P-2459.jpg,P-2459_1.jpg,6619,,,READY_FOR_UPLOAD,
P-2460,P-2460,P-2460.jpg,P-2460_1.jpg,6619,,,READY_FOR_UPLOAD,
P-2461,P-2461,P-2461.jpg,P-2461_1.jpg,6619,,,READY_FOR_UPLOAD,
P-2462,P-2462,P-2462.jpg,P-2462_1.jpg,6619,,,READY_FOR_UPLOAD,
P-2463,P-2463,P-2463.jpg,P-2463_1.jpg,6619,,,READY_FOR_UPLOAD,
P-2464,P-2464,P-2464.jpg,P-2464_1.jpg,6619,,,READY_FOR_UPLOAD,
P-2465,P-2465,P-2465.jpg,P-2465_1.jpg,6619,,,READY_FOR_UPLOAD,
P-2466,P-2466,P-2466.jpg,P-2466_1.jpg,6619,,,READY_FOR_UPLOAD,
P-2467,P-2467,P-2467.jpg,P-2467_1.jpg,6619,,,READY_FOR_UPLOAD,
P-2468,P-2468,P-2468.jpg,P-2468_1.jpg,6619,,,READY_FOR_UPLOAD,
P-2469,P-2469,P-2469.jpg,P-2469_1.jpg,6619,,,READY_FOR_UPLOAD,
P-2470,P-2470,P-2470.jpg,P-2470_1.jpg,6619,,,READY_FOR_UPLOAD,
P-2471,P-2471,P-2471.jpg,P-2471_1.jpg,6619,,,READY_FOR_UPLOAD,
P-2472,P-2472,P-2472.jpg,P-2472_1.jpg,6619,,,READY_FOR_UPLOAD,
P-2473,P-2473,P-2473.jpg,P-2473_1.jpg,6619,,,READY_FOR_UPLOAD,
P-2474,P-2474,P-2474.jpg,P-2474_1.jpg,6619,,,READY_FOR_UPLOAD,
P-2475,P-2475,P-2475.jpg,P-2475_1.jpg,6619,,,READY_FOR_UPLOAD,
P-2476,P-2476,P-2476.jpg,P-2476_1.jpg,6619,,,READY_FOR_UPLOAD,
P-2477,P-2477,P-2477.jpg,P-2477_1.jpg,6619,,,READY_FOR_UPLOAD,
P-2478,P-2478,P-2478.jpg,P-2478_1.jpg,6619,,,READY_FOR_UPLOAD,
P-2479,P-2479,P-2479.jpg,P-2479_1.jpg,6619,,,READY_FOR_UPLOAD,
P-2480,P-2480,P-2480.jpg,P-2480_1.jpg,6619,,,READY_FOR_UPLOAD,
P-2481,P-2481,P-2481.jpg,P-2481_1.jpg,6619,,,READY_FOR_UPLOAD,
P-2482,P-2482,P-2482.jpg,P-2482_1.jpg,6619,,,READY_FOR_UPLOAD,
P-2483,P-2483,P-2483.jpg,P-2483_1.jpg,6619,,,READY_FOR_UPLOAD,
P-2484,P-2484,P-2484.jpg,P-2484_1.jpg,6619,,,READY_FOR_UPLOAD,
P-2485,P-2485,P-2485.jpg,P-2485_1.jpg,6619,,,READY_FOR_UPLOAD,
P-2486,P-2486,P-2486.jpg,P-2486_1.jpg,6619,,,READY_FOR_UPLOAD,
P-2487,P-2487,P-2487.jpg,P-2487_1.jpg,6619,,,READY_FOR_UPLOAD,
P-2488,P-2488,P-2488.jpg,P-2488_1.jpg,6619,,,READY_FOR_UPLOAD,
P-2489,P-2489,P-2489.jpg,P-2489_1.jpg,6619,,,READY_FOR_UPLOAD,
P-2490,P-2490,P-2490.jpg,P-2490_1.jpg,6619,,,READY_FOR_UPLOAD,
P-2491,P-2491,P-2491.jpg,P-2491_1.jpg,6619,,,READY_FOR_UPLOAD,
P-2492,P-2492,P-2492.jpg,P-2492_1.jpg,6619,,,READY_FOR_UPLOAD,
P-2493,P-2493,P-2493.jpg,P-2493_1.jpg,6619,,,READY_FOR_UPLOAD,
P-2494,P-2494,P-2494.jpg,P-2494_1.jpg,6619,,,READY_FOR_UPLOAD,
P-2495,P-2495,P-2495.jpg,P-2495_1.jpg,6619,,,READY_FOR_UPLOAD,
P-2496,P-2496,P-2496.jpg,P-2496_1.jpg,6619,,,READY_FOR_UPLOAD,
P-2497,P-2497,P-2497.jpg,P-2497_1.jpg,6619,,,READY_FOR_UPLOAD,
P-2498,P-2498,P-2498.jpg,P-2498_1.jpg,6609,,,READY_FOR_UPLOAD,
P-2499,P-2499,P-2499.jpg,P-2499_1.jpg,6619,,,READY_FOR_UPLOAD,
P-2500,P-2500,P-2500.jpg,P-2500_1.jpg,6619,,,READY_FOR_UPLOAD,
P-2501,P-2501,P-2501.jpg,P-2501_1.jpg,6619,,,READY_FOR_UPLOAD,
P-2502,P-2502,P-2502.jpg,P-2502_1.jpg,6609,,,READY_FOR_UPLOAD,
P-2503,P-2503,P-2503.jpg,P-2503_1.jpg,6619,,,READY_FOR_UPLOAD,
P-2504,P-2504,P-2504.jpg,P-2504_1.jpg,6619,,,READY_FOR_UPLOAD,
P-2505,P-2505,P-2505.jpg,P-2505_1.jpg,6619,,,READY_FOR_UPLOAD,
P-2506,P-2506,P-2506.jpg,P-2506_1.jpg,6619,,,READY_FOR_UPLOAD,
P-2507,P-2507,P-2507.jpg,P-2507_1.jpg,6619,,,READY_FOR_UPLOAD,
P-2508,P-2508,P-2508.jpg,P-2508_1.jpg,6619,,,READY_FOR_UPLOAD,
P-2509,P-2509,P-2509.jpg,P-2509_1.jpg,6619,,,READY_FOR_UPLOAD,
P-2510,P-2510,P-2510.jpg,P-2510_1.jpg,6619,,,READY_FOR_UPLOAD,
P-2511,P-2511,P-2511.jpg,P-2511_1.jpg,6609,,,READY_FOR_UPLOAD,
P-2512,P-2512,P-2512.jpg,P-2512_1.jpg,6609,,,READY_FOR_UPLOAD,
P-2513,P-2513,P-2513.jpg,P-2513_1.jpg,6619,,,READY_FOR_UPLOAD,
P-2514,P-2514,P-2514.jpg,P-2514_1.jpg,6619,,,READY_FOR_UPLOAD,
P-2515,P-2515,P-2515.jpg,P-2515_1.jpg,6619,,,READY_FOR_UPLOAD,
P-2516,P-2516,P-2516.jpg,P-2516_1.jpg,6619,,,READY_FOR_UPLOAD,
P-2517,P-2517,P-2517.jpg,P-2517_1.jpg,6619,,,READY_FOR_UPLOAD,
P-2518,P-2518,P-2518.jpg,P-2518_1.jpg,6619,,,READY_FOR_UPLOAD,
P-2519,P-2519,P-2519.jpg,P-2519_1.jpg,6619,,,READY_FOR_UPLOAD,
P-2520,P-2520,P-2520.jpg,P-2520_1.jpg,6619,,,READY_FOR_UPLOAD,
P-2521,P-2521,P-2521.jpg,P-2521_1.jpg,6619,,,READY_FOR_UPLOAD,
P-2522,P-2522,P-2522.jpg,P-2522_1.jpg,6619,,,READY_FOR_UPLOAD,
P-2523,P-2523,P-2523.jpg,P-2523_1.jpg,6619,,,READY_FOR_UPLOAD,
P-2524,P-2524,P-2524.jpg,P-2524_1.jpg,6619,,,READY_FOR_UPLOAD,
P-2525,P-2525,P-2525.jpg,P-2525_1.jpg,6619,,,READY_FOR_UPLOAD,
P-2526,P-2526,P-2526.jpg,P-2526_1.jpg,6619,,,READY_FOR_UPLOAD,
P-2527,P-2527,P-2527.jpg,P-2527_1.jpg,6619,,,READY_FOR_UPLOAD,
P-2528,P-2528,P-2528.jpg,P-2528_1.jpg,6619,,,READY_FOR_UPLOAD,
P-2529,P-2529,P-2529.jpg,P-2529_1.jpg,6619,,,READY_FOR_UPLOAD,
P-2530,P-2530,P-2530.jpg,P-2530_1.jpg,6619,,,READY_FOR_UPLOAD,
P-2531,P-2531,P-2531.jpg,P-2531_1.jpg,6619,,,READY_FOR_UPLOAD,
P-2532,P-2532,P-2532.jpg,P-2532_1.jpg,6619,,,READY_FOR_UPLOAD,
P-2533,P-2533,P-2533.jpg,P-2533_1.jpg,6619,,,READY_FOR_UPLOAD,
P-2534,P-2534,P-2534.jpg,P-2534_1.jpg,6619,,,READY_FOR_UPLOAD,
P-2535,P-2535,P-2535.jpg,P-2535_1.jpg,6619,,,READY_FOR_UPLOAD,
P-2536,P-2536,P-2536.jpg,P-2536_1.jpg,6619,,,READY_FOR_UPLOAD,
P-2537,P-2537,P-2537.jpg,P-2537_1.jpg,6619,,,READY_FOR_UPLOAD,
P-2538,P-2538,P-2538.jpg,P-2538_1.jpg,6619,,,READY_FOR_UPLOAD,
P-2539,P-2539,P-2539.jpg,P-2539_1.jpg,6619,,,READY_FOR_UPLOAD,
P-2540,P-2540,P-2540.jpg,P-2540_1.jpg,6619,,,READY_FOR_UPLOAD,
P-2541,P-2541,P-2541.jpg,P-2541_1.jpg,6619,,,READY_FOR_UPLOAD,
P-2542,P-2542,P-2542.jpg,P-2542_1.jpg,6619,,,READY_FOR_UPLOAD,
P-2543,P-2543,P-2543.jpg,P-2543_1.jpg,6619,,,READY_FOR_UPLOAD,
P-2544,P-2544,P-2544.jpg,P-2544_1.jpg,6609,,,READY_FOR_UPLOAD,
P-2545,P-2545,P-2545.jpg,P-2545_1.jpg,6619,,,READY_FOR_UPLOAD,
P-2546,P-2546,P-2546.jpg,P-2546_1.jpg,6619,,,READY_FOR_UPLOAD,
P-2547,P-2547,P-2547.jpg,P-2547_1.jpg,6619,,,READY_FOR_UPLOAD,
P-2548,P-2548,P-2548.jpg,P-2548_1.jpg,6619,,,READY_FOR_UPLOAD,
P-2549,P-2549,P-2549.jpg,P-2549_1.jpg,6619,,,READY_FOR_UPLOAD,
P-2550,P-2550,P-2550.jpg,P-2550_1.jpg,6609,,,READY_FOR_UPLOAD,
P-2551,P-2551,P-2551.jpg,P-2551_1.jpg,6619,,,READY_FOR_UPLOAD,
P-2552,P-2552,P-2552.jpg,P-2552_1.jpg,6619,,,READY_FOR_UPLOAD,
P-2553,P-2553,P-2553.jpg,P-2553_1.jpg,6619,,,READY_FOR_UPLOAD,
P-2554,P-2554,P-2554.jpg,P-2554_1.jpg,6619,,,READY_FOR_UPLOAD,
P-2555,P-2555,P-2555.jpg,P-2555_1.jpg,6619,,,READY_FOR_UPLOAD,
P-2556,P-2556,P-2556.jpg,P-2556_1.jpg,6610,,,READY_FOR_UPLOAD,
P-2557,P-2557,P-2557.jpg,P-2557_1.jpg,6619,,,READY_FOR_UPLOAD,
P-2558,P-2558,P-2558.jpg,P-2558_1.jpg,6619,,,READY_FOR_UPLOAD,
P-2559,P-2559,P-2559.jpg,P-2559_1.jpg,6619,,,READY_FOR_UPLOAD,
P-2560,P-2560,P-2560.jpg,P-2560_1.jpg,6619,,,READY_FOR_UPLOAD,
P-2561,P-2561,P-2561.jpg,P-2561_1.jpg,6619,,,READY_FOR_UPLOAD,
P-2562,P-2562,P-2562.jpg,P-2562_1.jpg,6619,,,READY_FOR_UPLOAD,
P-2563,P-2563,P-2563.jpg,P-2563_1.jpg,6619,,,READY_FOR_UPLOAD,
P-2564,P-2564,P-2564.jpg,P-2564_1.jpg,6619,,,READY_FOR_UPLOAD,
P-2565,P-2565,P-2565.jpg,P-2565_1.jpg,6619,,,READY_FOR_UPLOAD,
P-2566,P-2566,P-2566.jpg,P-2566_1.jpg,6619,,,READY_FOR_UPLOAD,
P-2567,P-2567,P-2567.jpg,P-2567_1.jpg,6619,,,READY_FOR_UPLOAD,
P-2568,P-2568,P-2568.jpg,P-2568_1.jpg,6619,,,READY_FOR_UPLOAD,
P-2569,P-2569,P-2569.jpg,P-2569_1.jpg,6619,,,READY_FOR_UPLOAD,
P-2570,P-2570,P-2570.jpg,P-2570_1.jpg,6619,,,READY_FOR_UPLOAD,
P-2571,P-2571,P-2571.jpg,P-2571_1.jpg,6619,,,READY_FOR_UPLOAD,
P-2572,P-2572,P-2572.jpg,P-2572_1.jpg,6619,,,READY_FOR_UPLOAD,
P-2573,P-2573,P-2573.jpg,P-2573_1.jpg,6619,,,READY_FOR_UPLOAD,
P-2574,P-2574,P-2574.jpg,P-2574_1.jpg,6619,,,READY_FOR_UPLOAD,
P-2575,P-2575,P-2575.jpg,P-2575_1.jpg,6619,,,READY_FOR_UPLOAD,
P-2576,P-2576,P-2576.jpg,P-2576_1.jpg,6619,,,READY_FOR_UPLOAD,
P-2577,P-2577,P-2577.jpg,P-2577_1.jpg,6619,,,READY_FOR_UPLOAD,
P-2578,P-2578,P-2578.jpg,P-2578_1.jpg,6609,,,READY_FOR_UPLOAD,
P-2579,P-2579,P-2579.jpg,P-2579_1.jpg,6619,,,READY_FOR_UPLOAD,
P-2580,P-2580,P-2580.jpg,P-2580_1.jpg,6619,,,READY_FOR_UPLOAD,
P-2581,P-2581,P-2581.jpg,P-2581_1.jpg,6619,,,READY_FOR_UPLOAD,
P-2582,P-2582,P-2582.jpg,P-2582_1.jpg,6619,,,READY_FOR_UPLOAD,
P-2583,P-2583,P-2583.jpg,P-2583_1.jpg,6619,,,READY_FOR_UPLOAD,
P-2584,P-2584,P-2584.jpg,P-2584_1.jpg,6619,,,READY_FOR_UPLOAD,
P-2585,P-2585,P-2585.jpg,P-2585_1.jpg,6609,,,READY_FOR_UPLOAD,
P-2586,P-2586,P-2586.jpg,P-2586_1.jpg,6609,,,READY_FOR_UPLOAD,
P-2587,P-2587,P-2587.jpg,P-2587_1.jpg,6609,,,READY_FOR_UPLOAD,
P-2588,P-2588,P-2588.jpg,P-2588_1.jpg,6609,,,READY_FOR_UPLOAD,
P-2589,P-2589,P-2589.jpg,P-2589_1.jpg,6619,,,READY_FOR_UPLOAD,
P-2590,P-2590,P-2590.jpg,P-2590_1.jpg,6619,,,READY_FOR_UPLOAD,
P-2591,P-2591,P-2591.jpg,P-2591_1.jpg,6619,,,READY_FOR_UPLOAD,
P-2592,P-2592,P-2592.jpg,P-2592_1.jpg,6619,,,READY_FOR_UPLOAD,
P-2593,P-2593,P-2593.jpg,P-2593_1.jpg,6619,,,READY_FOR_UPLOAD,
P-2594,P-2594,P-2594.jpg,P-2594_1.jpg,6619,,,READY_FOR_UPLOAD,
P-2595,P-2595,P-2595.jpg,P-2595_1.jpg,6619,,,READY_FOR_UPLOAD,
P-2596,P-2596,P-2596.jpg,P-2596_1.jpg,6619,,,READY_FOR_UPLOAD,
P-2597,P-2597,P-2597.jpg,P-2597_1.jpg,6619,,,READY_FOR_UPLOAD,
P-2598,P-2598,P-2598.jpg,P-2598_1.jpg,6619,,,READY_FOR_UPLOAD,
P-2599,P-2599,P-2599.jpg,P-2599_1.jpg,6619,,,READY_FOR_UPLOAD,
P-2600,P-2600,P-2600.jpg,P-2600_1.jpg,6619,,,READY_FOR_UPLOAD,
P-2601,P-2601,P-2601.jpg,P-2601_1.jpg,6619,,,READY_FOR_UPLOAD,
P-2602,P-2602,P-2602.jpg,P-2602_1.jpg,6619,,,READY_FOR_UPLOAD,
P-2603,P-2603,P-2603.jpg,P-2603_1.jpg,6619,,,READY_FOR_UPLOAD,
P-2604,P-2604,P-2604.jpg,P-2604_1.jpg,6619,,,READY_FOR_UPLOAD,
P-2605,P-2605,P-2605.jpg,P-2605_1.jpg,6619,,,READY_FOR_UPLOAD,
P-2606,P-2606,P-2606.jpg,P-2606_1.jpg,6619,,,READY_FOR_UPLOAD,
P-2607,P-2607,P-2607.jpg,P-2607_1.jpg,6619,,,READY_FOR_UPLOAD,
P-2608,P-2608,P-2608.jpg,P-2608_1.jpg,6619,,,READY_FOR_UPLOAD,
P-2609,P-2609,P-2609.jpg,P-2609_1.jpg,6619,,,READY_FOR_UPLOAD,
P-2610,P-2610,P-2610.jpg,P-2610_1.jpg,6619,,,READY_FOR_UPLOAD,
P-2611,P-2611,P-2611.jpg,P-2611_1.jpg,6619,,,READY_FOR_UPLOAD,
P-2612,P-2612,P-2612.jpg,P-2612_1.jpg,6619,,,READY_FOR_UPLOAD,
P-2613,P-2613,P-2613.jpg,P-2613_1.jpg,6619,,,READY_FOR_UPLOAD,
P-2614,P-2614,P-2614.jpg,P-2614_1.jpg,6619,,,READY_FOR_UPLOAD,
P-2615,P-2615,P-2615.jpg,P-2615_1.jpg,6619,,,READY_FOR_UPLOAD,
P-2616,P-2616,P-2616.jpg,P-2616_1.jpg,6619,,,READY_FOR_UPLOAD,
P-2617,P-2617,P-2617.jpg,P-2617_1.jpg,6619,,,READY_FOR_UPLOAD,
P-2618,P-2618,P-2618.jpg,P-2618_1.jpg,6619,,,READY_FOR_UPLOAD,
P-2619,P-2619,P-2619.jpg,P-2619_1.jpg,6619,,,READY_FOR_UPLOAD,
P-2620,P-2620,P-2620.jpg,P-2620_1.jpg,6609,,,READY_FOR_UPLOAD,
P-2621,P-2621,P-2621.jpg,P-2621_1.jpg,6619,,,READY_FOR_UPLOAD,
P-2622,P-2622,P-2622.jpg,P-2622_1.jpg,6619,,,READY_FOR_UPLOAD,
P-2623,P-2623,P-2623.jpg,P-2623_1.jpg,6619,,,READY_FOR_UPLOAD,
P-2624,P-2624,P-2624.jpg,P-2624_1.jpg,6619,,,READY_FOR_UPLOAD,
P-2625,P-2625,P-2625.jpg,P-2625_1.jpg,6619,,,READY_FOR_UPLOAD,
P-2626,P-2626,P-2626.jpg,P-2626_1.jpg,6619,,,READY_FOR_UPLOAD,
P-2627,P-2627,P-2627.jpg,P-2627_1.jpg,6619,,,READY_FOR_UPLOAD,
P-2628,P-2628,P-2628.jpg,P-2628_1.jpg,6609,,,READY_FOR_UPLOAD,
P-2629,P-2629,P-2629.jpg,P-2629_1.jpg,6619,,,READY_FOR_UPLOAD,
P-2630,P-2630,P-2630.jpg,P-2630_1.jpg,6619,,,READY_FOR_UPLOAD,
P-2631,P-2631,P-2631.jpg,P-2631_1.jpg,6619,,,READY_FOR_UPLOAD,
P-2632,P-2632,P-2632.jpg,P-2632_1.jpg,6619,,,READY_FOR_UPLOAD,
P-2633,P-2633,P-2633.jpg,P-2633_1.jpg,6619,,,READY_FOR_UPLOAD,
P-2634,P-2634,P-2634.jpg,P-2634_1.jpg,6619,,,READY_FOR_UPLOAD,
P-2635,P-2635,P-2635.jpg,P-2635_1.jpg,6619,,,READY_FOR_UPLOAD,
P-2636,P-2636,P-2636.jpg,P-2636_1.jpg,6619,,,READY_FOR_UPLOAD,
P-2637,P-2637,P-2637.jpg,P-2637_1.jpg,6619,,,READY_FOR_UPLOAD,
P-2638,P-2638,P-2638.jpg,P-2638_1.jpg,6619,,,READY_FOR_UPLOAD,
P-2639,P-2639,P-2639.jpg,P-2639_1.jpg,6609,,,READY_FOR_UPLOAD,
P-2640,P-2640,P-2640.jpg,P-2640_1.jpg,6619,,,READY_FOR_UPLOAD,
P-2641,P-2641,P-2641.jpg,P-2641_1.jpg,6619,,,READY_FOR_UPLOAD,
P-2642,P-2642,P-2642.jpg,P-2642_1.jpg,6609,,,READY_FOR_UPLOAD,
P-2643,P-2643,P-2643.jpg,P-2643_1.jpg,6609,,,READY_FOR_UPLOAD,
P-2644,P-2644,P-2644.jpg,P-2644_1.jpg,6619,,,READY_FOR_UPLOAD,
P-2645,P-2645,P-2645.jpg,P-2645_1.jpg,6619,,,READY_FOR_UPLOAD,
P-2646,P-2646,P-2646.jpg,P-2646_1.jpg,6619,,,READY_FOR_UPLOAD,
P-2647,P-2647,P-2647.jpg,P-2647_1.jpg,6619,,,READY_FOR_UPLOAD,
P-2648,P-2648,P-2648.jpg,P-2648_1.jpg,6619,,,READY_FOR_UPLOAD,
P-2649,P-2649,P-2649.jpg,P-2649_1.jpg,6619,,,READY_FOR_UPLOAD,
P-2650,P-2650,P-2650.jpg,P-2650_1.jpg,6619,,,READY_FOR_UPLOAD,
P-2651,P-2651,P-2651.jpg,P-2651_1.jpg,6619,,,READY_FOR_UPLOAD,
P-2652,P-2652,P-2652.jpg,P-2652_1.jpg,6619,,,READY_FOR_UPLOAD,
P-2653,P-2653,P-2653.jpg,P-2653_1.jpg,6619,,,READY_FOR_UPLOAD,
P-2654,P-2654,P-2654.jpg,P-2654_1.jpg,6619,,,READY_FOR_UPLOAD,
P-2655,P-2655,P-2655.jpg,P-2655_1.jpg,6619,,,READY_FOR_UPLOAD,
P-2656,P-2656,P-2656.jpg,P-2656_1.jpg,6619,,,READY_FOR_UPLOAD,
P-2657,P-2657,P-2657.jpg,P-2657_1.jpg,6619,,,READY_FOR_UPLOAD,
P-2658,P-2658,P-2658.jpg,P-2658_1.jpg,6619,,,READY_FOR_UPLOAD,
P-2659,P-2659,P-2659.jpg,P-2659_1.jpg,6619,,,READY_FOR_UPLOAD,
P-2660,P-2660,P-2660.jpg,P-2660_1.jpg,6619,,,READY_FOR_UPLOAD,
P-2661,P-2661,P-2661.jpg,P-2661_1.jpg,6619,,,READY_FOR_UPLOAD,
P-2662,P-2662,P-2662.jpg,P-2662_1.jpg,6619,,,READY_FOR_UPLOAD,
P-2663,P-2663,P-2663.jpg,P-2663_1.jpg,6619,,,READY_FOR_UPLOAD,
P-2664,P-2664,P-2664.jpg,P-2664_1.jpg,6619,,,READY_FOR_UPLOAD,
P-2665,P-2665,P-2665.jpg,P-2665_1.jpg,6619,,,READY_FOR_UPLOAD,
P-2666,P-2666,P-2666.jpg,P-2666_1.jpg,6619,,,READY_FOR_UPLOAD,
P-2667,P-2667,P-2667.jpg,P-2667_1.jpg,6609,,,READY_FOR_UPLOAD,
P-2668,P-2668,P-2668.jpg,P-2668_1.jpg,6609,,,READY_FOR_UPLOAD,
P-2669,P-2669,P-2669.jpg,P-2669_1.jpg,6609,,,READY_FOR_UPLOAD,
P-2670,P-2670,P-2670.jpg,P-2670_1.jpg,6609,,,READY_FOR_UPLOAD,
P-2671,P-2671,P-2671.jpg,P-2671_1.jpg,6609,,,READY_FOR_UPLOAD,
P-2672,P-2672,P-2672.jpg,P-2672_1.jpg,6609,,,READY_FOR_UPLOAD,
P-2673,P-2673,P-2673.jpg,P-2673_1.jpg,6619,,,READY_FOR_UPLOAD,
P-2674,P-2674,P-2674.jpg,P-2674_1.jpg,6619,,,READY_FOR_UPLOAD,
P-2675,P-2675,P-2675.jpg,P-2675_1.jpg,6619,,,READY_FOR_UPLOAD,
P-2676,P-2676,P-2676.jpg,P-2676_1.jpg,6619,,,READY_FOR_UPLOAD,
P-2677,P-2677,P-2677.jpg,P-2677_1.jpg,6609,,,READY_FOR_UPLOAD,
P-2678,P-2678,P-2678.jpg,P-2678_1.jpg,6609,,,READY_FOR_UPLOAD,
P-2679,P-2679,P-2679.jpg,P-2679_1.jpg,6609,,,READY_FOR_UPLOAD,
P-2680,P-2680,P-2680.jpg,P-2680_1.jpg,6609,,,READY_FOR_UPLOAD,
P-2681,P-2681,P-2681.jpg,P-2681_1.jpg,6609,,,READY_FOR_UPLOAD,
P-2682,P-2682,P-2682.jpg,P-2682_1.jpg,6609,,,READY_FOR_UPLOAD,
P-2683,P-2683,P-2683.jpg,P-2683_1.jpg,6610,,,READY_FOR_UPLOAD,
P-2684,P-2684,P-2684.jpg,P-2684_1.jpg,6619,,,READY_FOR_UPLOAD,
P-2685,P-2685,P-2685.jpg,P-2685_1.jpg,6619,,,READY_FOR_UPLOAD,
P-2686,P-2686,P-2686.jpg,P-2686_1.jpg,6619,,,READY_FOR_UPLOAD,
P-2687,P-2687,P-2687.jpg,P-2687_1.jpg,6619,,,READY_FOR_UPLOAD,
P-2688,P-2688,P-2688.jpg,P-2688_1.jpg,6619,,,READY_FOR_UPLOAD,
P-2690,P-2690,P-2690.jpg,P-2690_1.jpg,6609,,,READY_FOR_UPLOAD,
P-2691,P-2691,P-2691.jpg,P-2691_1.jpg,6619,,,READY_FOR_UPLOAD,
P-2692,P-2692,P-2692.jpg,P-2692_1.jpg,6619,,,READY_FOR_UPLOAD,
P-2693,P-2693,P-2693.jpg,P-2693_1.jpg,6609,,,READY_FOR_UPLOAD,
P-2694,P-2694,P-2694.jpg,P-2694_1.jpg,6619,,,READY_FOR_UPLOAD,
P-2695,P-2695,P-2695.jpg,P-2695_1.jpg,6619,,,READY_FOR_UPLOAD,
P-2696,P-2696,P-2696.jpg,P-2696_1.jpg,6619,,,READY_FOR_UPLOAD,
P-2697,P-2697,P-2697.jpg,P-2697_1.jpg,6619,,,READY_FOR_UPLOAD,
P-2698,P-2698,P-2698.jpg,P-2698_1.jpg,6619,,,READY_FOR_UPLOAD,
P-2699,P-2699,P-2699.jpg,P-2699_1.jpg,6619,,,READY_FOR_UPLOAD,
P-2700,P-2700,P-2700.jpg,P-2700_1.jpg,6619,,,READY_FOR_UPLOAD,
P-2701,P-2701,P-2701.jpg,P-2701_1.jpg,6619,,,READY_FOR_UPLOAD,
P-2702,P-2702,P-2702.jpg,P-2702_1.jpg,6609,,,READY_FOR_UPLOAD,
P-2703,P-2703,P-2703.jpg,P-2703_1.jpg,6609,,,READY_FOR_UPLOAD,
P-2704,P-2704,P-2704.jpg,P-2704_1.jpg,6609,,,READY_FOR_UPLOAD,
P-2706,P-2706,P-2706.jpg,P-2706_1.jpg,6609,,,READY_FOR_UPLOAD,
P-2707,P-2707,P-2707.jpg,P-2707_1.jpg,6609,,,READY_FOR_UPLOAD,
P-2708,P-2708,P-2708.jpg,P-2708_1.jpg,6609,,,READY_FOR_UPLOAD,
P-2709,P-2709,P-2709.jpg,P-2709_1.jpg,6619,,,READY_FOR_UPLOAD,
P-2710,P-2710,P-2710.jpg,P-2710_1.jpg,6619,,,READY_FOR_UPLOAD,
P-2711,P-2711,P-2711.jpg,P-2711_1.jpg,6619,,,READY_FOR_UPLOAD,
P-2712,P-2712,P-2712.jpg,P-2712_1.jpg,6619,,,READY_FOR_UPLOAD,
P-2713,P-2713,P-2713.jpg,P-2713_1.jpg,6619,,,READY_FOR_UPLOAD,
P-2714,P-2714,P-2714.jpg,P-2714_1.jpg,6619,,,READY_FOR_UPLOAD,
P-2715,P-2715,P-2715.jpg,P-2715_1.jpg,6619,,,READY_FOR_UPLOAD,
P-2716,P-2716,P-2716.jpg,P-2716_1.jpg,6619,,,READY_FOR_UPLOAD,
P-2717,P-2717,P-2717.jpg,P-2717_1.jpg,6619,,,READY_FOR_UPLOAD,
P-2718,P-2718,P-2718.jpg,P-2718_1.jpg,6619,,,READY_FOR_UPLOAD,
P-2719,P-2719,P-2719.jpg,P-2719_1.jpg,6619,,,READY_FOR_UPLOAD,
P-2720,P-2720,P-2720.jpg,P-2720_1.jpg,6619,,,READY_FOR_UPLOAD,
P-2721,P-2721,P-2721.jpg,P-2721_1.jpg,6619,,,READY_FOR_UPLOAD,
P-2722,P-2722,P-2722.jpg,P-2722_1.jpg,6619,,,READY_FOR_UPLOAD,
P-2723,P-2723,P-2723.jpg,P-2723_1.jpg,6619,,,READY_FOR_UPLOAD,
P-2724,P-2724,P-2724.jpg,P-2724_1.jpg,6619,,,READY_FOR_UPLOAD,
P-2725,P-2725,P-2725.jpg,P-2725_1.jpg,6619,,,READY_FOR_UPLOAD,
P-2726,P-2726,P-2726.jpg,P-2726_1.jpg,6609,,,READY_FOR_UPLOAD,
P-2727,P-2727,P-2727.jpg,P-2727_1.jpg,6609,,,READY_FOR_UPLOAD,
P-2728,P-2728,P-2728.jpg,P-2728_1.jpg,6609,,,READY_FOR_UPLOAD,
P-2729,P-2729,P-2729.jpg,P-2729_1.jpg,6609,,,READY_FOR_UPLOAD,
P-2730,P-2730,P-2730.jpg,P-2730_1.jpg,6609,,,READY_FOR_UPLOAD,
P-2731,P-2731,P-2731.jpg,P-2731_1.jpg,6610,,,READY_FOR_UPLOAD,
P-2732,P-2732,P-2732.jpg,P-2732_1.jpg,6610,,,READY_FOR_UPLOAD,
P-2733,P-2733,P-2733.jpg,P-2733_1.jpg,6610,,,READY_FOR_UPLOAD,
P-2734,P-2734,P-2734.jpg,P-2734_1.jpg,6619,,,READY_FOR_UPLOAD,
P-2735,P-2735,P-2735.jpg,P-2735_1.jpg,6619,,,READY_FOR_UPLOAD,
P-2736,P-2736,P-2736.jpg,P-2736_1.jpg,6619,,,READY_FOR_UPLOAD,
P-2737,P-2737,P-2737.jpg,P-2737_1.jpg,6619,,,READY_FOR_UPLOAD,
P-2738,P-2738,P-2738.jpg,P-2738_1.jpg,6619,,,READY_FOR_UPLOAD,
P-2739,P-2739,P-2739.jpg,P-2739_1.jpg,6619,,,READY_FOR_UPLOAD,
P-2740,P-2740,P-2740.jpg,P-2740_1.jpg,6619,,,READY_FOR_UPLOAD,
P-2741,P-2741,P-2741.jpg,P-2741_1.jpg,6619,,,READY_FOR_UPLOAD,
P-2742,P-2742,P-2742.jpg,P-2742_1.jpg,6619,,,READY_FOR_UPLOAD,
P-2743,P-2743,P-2743.jpg,P-2743_1.jpg,6619,,,READY_FOR_UPLOAD,
P-2744,P-2744,P-2744.jpg,P-2744_1.jpg,6619,,,READY_FOR_UPLOAD,
P-2745,P-2745,P-2745.jpg,P-2745_1.jpg,6619,,,READY_FOR_UPLOAD,
P-2746,P-2746,P-2746.jpg,P-2746_1.jpg,6619,,,READY_FOR_UPLOAD,
P-2747,P-2747,P-2747.jpg,P-2747_1.jpg,6619,,,READY_FOR_UPLOAD,
P-2748,P-2748,P-2748.jpg,P-2748_1.jpg,6619,,,READY_FOR_UPLOAD,
P-2749,P-2749,P-2749.jpg,P-2749_1.jpg,6619,,,READY_FOR_UPLOAD,
P-2750,P-2750,P-2750.jpg,P-2750_1.jpg,6619,,,READY_FOR_UPLOAD,
P-2751,P-2751,P-2751.jpg,P-2751_1.jpg,6619,,,READY_FOR_UPLOAD,
P-2752,P-2752,P-2752.jpg,P-2752_1.jpg,6619,,,READY_FOR_UPLOAD,
P-2753,P-2753,P-2753.jpg,P-2753_1.jpg,6619,,,READY_FOR_UPLOAD,
P-2754,P-2754,P-2754.jpg,P-2754_1.jpg,6619,,,READY_FOR_UPLOAD,
P-2755,P-2755,P-2755.jpg,P-2755_1.jpg,6619,,,READY_FOR_UPLOAD,
P-2756,P-2756,P-2756.jpg,P-2756_1.jpg,6619,,,READY_FOR_UPLOAD,
P-2757,P-2757,P-2757.jpg,P-2757_1.jpg,6619,,,READY_FOR_UPLOAD,
P-2758,P-2758,P-2758.jpg,P-2758_1.jpg,6619,,,READY_FOR_UPLOAD,
P-2759,P-2759,P-2759.jpg,P-2759_1.jpg,6619,,,READY_FOR_UPLOAD,
P-2760,P-2760,P-2760.jpg,P-2760_1.jpg,6619,,,READY_FOR_UPLOAD,
P-2761,P-2761,P-2761.jpg,P-2761_1.jpg,6619,,,READY_FOR_UPLOAD,
P-2762,P-2762,P-2762.jpg,P-2762_1.jpg,6619,,,READY_FOR_UPLOAD,
P-2763,P-2763,P-2763.jpg,P-2763_1.jpg,6619,,,READY_FOR_UPLOAD,
P-2764,P-2764,P-2764.jpg,P-2764_1.jpg,6619,,,READY_FOR_UPLOAD,
P-2765,P-2765,P-2765.jpg,P-2765_1.jpg,6619,,,READY_FOR_UPLOAD,
P-2766,P-2766,P-2766.jpg,P-2766_1.jpg,6619,,,READY_FOR_UPLOAD,
P-2767,P-2767,P-2767.jpg,P-2767_1.jpg,6619,,,READY_FOR_UPLOAD,
P-2768,P-2768,P-2768.jpg,P-2768_1.jpg,6619,,,READY_FOR_UPLOAD,
P-2769,P-2769,P-2769.jpg,P-2769_1.jpg,6619,,,READY_FOR_UPLOAD,
P-2770,P-2770,P-2770.jpg,P-2770_1.jpg,6619,,,READY_FOR_UPLOAD,
P-2771,P-2771,P-2771.jpg,P-2771_1.jpg,6619,,,READY_FOR_UPLOAD,
P-2772,P-2772,P-2772.jpg,P-2772_1.jpg,6619,,,READY_FOR_UPLOAD,
P-2773,P-2773,P-2773.jpg,P-2773_1.jpg,6619,,,READY_FOR_UPLOAD,
P-2774,P-2774,P-2774.jpg,P-2774_1.jpg,6619,,,READY_FOR_UPLOAD,
P-2775,P-2775,P-2775.jpg,P-2775_1.jpg,6619,,,READY_FOR_UPLOAD,
P-2776,P-2776,P-2776.jpg,P-2776_1.jpg,6619,,,READY_FOR_UPLOAD,
P-2777,P-2777,P-2777.jpg,P-2777_1.jpg,6619,,,READY_FOR_UPLOAD,
P-2778,P-2778,P-2778.jpg,P-2778_1.jpg,6619,,,READY_FOR_UPLOAD,
P-2779,P-2779,P-2779.jpg,P-2779_1.jpg,6619,,,READY_FOR_UPLOAD,
P-2780,P-2780,P-2780.jpg,P-2780_1.jpg,6619,,,READY_FOR_UPLOAD,
P-2781,P-2781,P-2781.jpg,P-2781_1.jpg,6619,,,READY_FOR_UPLOAD,
P-2782,P-2782,P-2782.jpg,P-2782_1.jpg,6619,,,READY_FOR_UPLOAD,
P-2783,P-2783,P-2783.jpg,P-2783_1.jpg,6619,,,READY_FOR_UPLOAD,
P-2784,P-2784,P-2784.jpg,P-2784_1.jpg,6619,,,READY_FOR_UPLOAD,
P-2785,P-2785,P-2785.jpg,P-2785_1.jpg,6619,,,READY_FOR_UPLOAD,
P-2786,P-2786,P-2786.jpg,P-2786_1.jpg,6619,,,READY_FOR_UPLOAD,
P-2787,P-2787,P-2787.jpg,P-2787_1.jpg,6619,,,READY_FOR_UPLOAD,
P-2788,P-2788,P-2788.jpg,P-2788_1.jpg,6609,,,READY_FOR_UPLOAD,
P-2789,P-2789,P-2789.jpg,P-2789_1.jpg,6619,,,READY_FOR_UPLOAD,
P-2790,P-2790,P-2790.jpg,P-2790_1.jpg,6619,,,READY_FOR_UPLOAD,
P-2791,P-2791,P-2791.jpg,P-2791_1.jpg,6619,,,READY_FOR_UPLOAD,
P-2792,P-2792,P-2792.jpg,P-2792_1.jpg,6619,,,READY_FOR_UPLOAD,
P-2793,P-2793,P-2793.jpg,P-2793_1.jpg,6619,,,READY_FOR_UPLOAD,
P-2794,P-2794,P-2794.jpg,P-2794_1.jpg,6619,,,READY_FOR_UPLOAD,
P-2795,P-2795,P-2795.jpg,P-2795_1.jpg,6619,,,READY_FOR_UPLOAD,
P-2796,P-2796,P-2796.jpg,P-2796_1.jpg,6619,,,READY_FOR_UPLOAD,
P-2797,P-2797,P-2797.jpg,P-2797_1.jpg,6619,,,READY_FOR_UPLOAD,
P-2798,P-2798,P-2798.jpg,P-2798_1.jpg,6619,,,READY_FOR_UPLOAD,
P-2799,P-2799,P-2799.jpg,P-2799_1.jpg,6619,,,READY_FOR_UPLOAD,
P-2800,P-2800,P-2800.jpg,P-2800_1.jpg,6619,,,READY_FOR_UPLOAD,
P-2801,P-2801,P-2801.jpg,P-2801_1.jpg,6619,,,READY_FOR_UPLOAD,
P-2802,P-2802,P-2802.jpg,P-2802_1.jpg,6619,,,READY_FOR_UPLOAD,
P-2803,P-2803,P-2803.jpg,P-2803_1.jpg,6619,,,READY_FOR_UPLOAD,
P-2804,P-2804,P-2804.jpg,P-2804_1.jpg,6619,,,READY_FOR_UPLOAD,
P-2805,P-2805,P-2805.jpg,P-2805_1.jpg,6619,,,READY_FOR_UPLOAD,
P-2806,P-2806,P-2806.jpg,P-2806_1.jpg,6619,,,READY_FOR_UPLOAD,
P-2807,P-2807,P-2807.jpg,P-2807_1.jpg,6619,,,READY_FOR_UPLOAD,
P-2808,P-2808,P-2808.jpg,P-2808_1.jpg,6619,,,READY_FOR_UPLOAD,
P-2809,P-2809,P-2809.jpg,P-2809_1.jpg,6619,,,READY_FOR_UPLOAD,
P-2810,P-2810,P-2810.jpg,P-2810_1.jpg,6619,,,READY_FOR_UPLOAD,
P-2811,P-2811,P-2811.jpg,P-2811_1.jpg,6619,,,READY_FOR_UPLOAD,
P-2812,P-2812,P-2812.jpg,P-2812_1.jpg,6619,,,READY_FOR_UPLOAD,
P-2813,P-2813,P-2813.jpg,P-2813_1.jpg,6619,,,READY_FOR_UPLOAD,
P-2814,P-2814,P-2814.jpg,P-2814_1.jpg,6619,,,READY_FOR_UPLOAD,
P-2815,P-2815,P-2815.jpg,P-2815_1.jpg,6609,,,READY_FOR_UPLOAD,
P-2816,P-2816,P-2816.jpg,P-2816_1.jpg,6619,,,READY_FOR_UPLOAD,
P-2817,P-2817,P-2817.jpg,P-2817_1.jpg,6609,,,READY_FOR_UPLOAD,
P-2818,P-2818,P-2818.jpg,P-2818_1.jpg,6619,,,READY_FOR_UPLOAD,
P-2819,P-2819,P-2819.jpg,P-2819_1.jpg,6619,,,READY_FOR_UPLOAD,
P-2820,P-2820,P-2820.jpg,P-2820_1.jpg,6619,,,READY_FOR_UPLOAD,
P-2821,P-2821,P-2821.jpg,P-2821_1.jpg,6619,,,READY_FOR_UPLOAD,
P-2822,P-2822,P-2822.jpg,P-2822_1.jpg,6619,,,READY_FOR_UPLOAD,
P-2823,P-2823,P-2823.jpg,P-2823_1.jpg,6609,,,READY_FOR_UPLOAD,
P-2824,P-2824,P-2824.jpg,P-2824_1.jpg,6609,,,READY_FOR_UPLOAD,
P-2825,P-2825,P-2825.jpg,P-2825_1.jpg,6609,,,READY_FOR_UPLOAD,
P-2826,P-2826,P-2826.jpg,P-2826_1.jpg,6619,,,READY_FOR_UPLOAD,
P-2827,P-2827,P-2827.jpg,P-2827_1.jpg,6619,,,READY_FOR_UPLOAD,
P-2828,P-2828,P-2828.jpg,P-2828_1.jpg,6619,,,READY_FOR_UPLOAD,
P-2829,P-2829,P-2829.jpg,P-2829_1.jpg,6619,,,READY_FOR_UPLOAD,
P-2830,P-2830,P-2830.jpg,P-2830_1.jpg,6619,,,READY_FOR_UPLOAD,
P-2831,P-2831,P-2831.jpg,P-2831_1.jpg,6619,,,READY_FOR_UPLOAD,
P-2832,P-2832,P-2832.jpg,P-2832_1.jpg,6619,,,READY_FOR_UPLOAD,
P-2833,P-2833,P-2833.jpg,P-2833_1.jpg,6619,,,READY_FOR_UPLOAD,
P-2834,P-2834,P-2834.jpg,P-2834_1.jpg,6619,,,READY_FOR_UPLOAD,
P-2835,P-2835,P-2835.jpg,P-2835_1.jpg,6619,,,READY_FOR_UPLOAD,
P-2836,P-2836,P-2836.jpg,P-2836_1.jpg,6619,,,READY_FOR_UPLOAD,
P-2837,P-2837,P-2837.jpg,P-2837_1.jpg,6619,,,READY_FOR_UPLOAD,
P-2838,P-2838,P-2838.jpg,P-2838_1.jpg,6619,,,READY_FOR_UPLOAD,
P-2839,P-2839,P-2839.jpg,P-2839_1.jpg,6619,,,READY_FOR_UPLOAD,
P-2840,P-2840,P-2840.jpg,P-2840_1.jpg,6619,,,READY_FOR_UPLOAD,
P-2841,P-2841,P-2841.jpg,P-2841_1.jpg,6609,,,READY_FOR_UPLOAD,
P-2842,P-2842,P-2842.jpg,P-2842_1.jpg,6619,,,READY_FOR_UPLOAD,
P-2843,P-2843,P-2843.jpg,P-2843_1.jpg,6619,,,READY_FOR_UPLOAD,
P-2844,P-2844,P-2844.jpg,P-2844_1.jpg,6619,,,READY_FOR_UPLOAD,
P-2845,P-2845,P-2845.jpg,P-2845_1.jpg,6619,,,READY_FOR_UPLOAD,
P-2846,P-2846,P-2846.jpg,P-2846_1.jpg,6619,,,READY_FOR_UPLOAD,
P-2847,P-2847,P-2847.jpg,P-2847_1.jpg,6619,,,READY_FOR_UPLOAD,
P-2848,P-2848,P-2848.jpg,P-2848_1.jpg,6619,,,READY_FOR_UPLOAD,
P-2849,P-2849,P-2849.jpg,P-2849_1.jpg,6619,,,READY_FOR_UPLOAD,
P-2850,P-2850,P-2850.jpg,P-2850_1.jpg,6619,,,READY_FOR_UPLOAD,
P-2851,P-2851,P-2851.jpg,P-2851_1.jpg,6619,,,READY_FOR_UPLOAD,
P-2852,P-2852,P-2852.jpg,P-2852_1.jpg,6619,,,READY_FOR_UPLOAD,
P-2853,P-2853,P-2853.jpg,P-2853_1.jpg,6619,,,READY_FOR_UPLOAD,
P-2854,P-2854,P-2854.jpg,P-2854_1.jpg,6619,,,READY_FOR_UPLOAD,
P-2855,P-2855,P-2855.jpg,P-2855_1.jpg,6619,,,READY_FOR_UPLOAD,
P-2856,P-2856,P-2856.jpg,P-2856_1.jpg,6619,,,READY_FOR_UPLOAD,
P-2857,P-2857,P-2857.jpg,P-2857_1.jpg,6619,,,READY_FOR_UPLOAD,
P-2858,P-2858,P-2858.jpg,P-2858_1.jpg,6619,,,READY_FOR_UPLOAD,
P-2859,P-2859,P-2859.jpg,P-2859_1.jpg,6619,,,READY_FOR_UPLOAD,
P-2860,P-2860,P-2860.jpg,P-2860_1.jpg,6619,,,READY_FOR_UPLOAD,
P-2861,P-2861,P-2861.jpg,P-2861_1.jpg,6619,,,READY_FOR_UPLOAD,
P-2862,P-2862,P-2862.jpg,P-2862_1.jpg,6619,,,READY_FOR_UPLOAD,
P-2863,P-2863,P-2863.jpg,P-2863_1.jpg,6619,,,READY_FOR_UPLOAD,
P-2864,P-2864,P-2864.jpg,P-2864_1.jpg,6619,,,READY_FOR_UPLOAD,
P-2865,P-2865,P-2865.jpg,P-2865_1.jpg,6619,,,READY_FOR_UPLOAD,
P-2866,P-2866,P-2866.jpg,P-2866_1.jpg,6619,,,READY_FOR_UPLOAD,
P-2867,P-2867,P-2867.jpg,P-2867_1.jpg,6619,,,READY_FOR_UPLOAD,
P-2868,P-2868,P-2868.jpg,P-2868_1.jpg,6609,,,READY_FOR_UPLOAD,
P-2869,P-2869,P-2869.jpg,P-2869_1.jpg,6610,,,READY_FOR_UPLOAD,
P-2870,P-2870,P-2870.jpg,P-2870_1.jpg,6619,,,READY_FOR_UPLOAD,
P-2871,P-2871,P-2871.jpg,P-2871_1.jpg,6619,,,READY_FOR_UPLOAD,
P-2872,P-2872,P-2872.jpg,P-2872_1.jpg,6619,,,READY_FOR_UPLOAD,
P-2873,P-2873,P-2873.jpg,P-2873_1.jpg,6619,,,READY_FOR_UPLOAD,
P-2874,P-2874,P-2874.jpg,P-2874_1.jpg,6619,,,READY_FOR_UPLOAD,
P-2875,P-2875,P-2875.jpg,P-2875_1.jpg,6619,,,READY_FOR_UPLOAD,
P-2876,P-2876,P-2876.jpg,P-2876_1.jpg,6619,,,READY_FOR_UPLOAD,
P-2877,P-2877,P-2877.jpg,P-2877_1.jpg,6619,,,READY_FOR_UPLOAD,
P-2878,P-2878,P-2878.jpg,P-2878_1.jpg,6619,,,READY_FOR_UPLOAD,
P-2879,P-2879,P-2879.jpg,P-2879_1.jpg,6619,,,READY_FOR_UPLOAD,
P-2880,P-2880,P-2880.jpg,P-2880_1.jpg,6619,,,READY_FOR_UPLOAD,
P-2881,P-2881,P-2881.jpg,P-2881_1.jpg,6619,,,READY_FOR_UPLOAD,
P-2882,P-2882,P-2882.jpg,P-2882_1.jpg,6619,,,READY_FOR_UPLOAD,
P-2883,P-2883,P-2883.jpg,P-2883_1.jpg,6619,,,READY_FOR_UPLOAD,
P-2884,P-2884,P-2884.jpg,P-2884_1.jpg,6619,,,READY_FOR_UPLOAD,
P-2885,P-2885,P-2885.jpg,P-2885_1.jpg,6619,,,READY_FOR_UPLOAD,
P-2886,P-2886,P-2886.jpg,P-2886_1.jpg,6619,,,READY_FOR_UPLOAD,
P-2887,P-2887,P-2887.jpg,P-2887_1.jpg,6609,,,READY_FOR_UPLOAD,
P-2888,P-2888,P-2888.jpg,P-2888_1.jpg,6619,,,READY_FOR_UPLOAD,
P-2889,P-2889,P-2889.jpg,P-2889_1.jpg,6619,,,READY_FOR_UPLOAD,
P-2890,P-2890,P-2890.jpg,P-2890_1.jpg,6619,,,READY_FOR_UPLOAD,
P-2891,P-2891,P-2891.jpg,P-2891_1.jpg,6619,,,READY_FOR_UPLOAD,
P-2892,P-2892,P-2892.jpg,P-2892_1.jpg,6619,,,READY_FOR_UPLOAD,
P-2893,P-2893,P-2893.jpg,P-2893_1.jpg,6619,,,READY_FOR_UPLOAD,
P-2894,P-2894,P-2894.jpg,P-2894_1.jpg,6619,,,READY_FOR_UPLOAD,
P-2895,P-2895,P-2895.jpg,P-2895_1.jpg,6619,,,READY_FOR_UPLOAD,
P-2896,P-2896,P-2896.jpg,P-2896_1.jpg,6619,,,READY_FOR_UPLOAD,
P-2897,P-2897,P-2897.jpg,P-2897_1.jpg,6619,,,READY_FOR_UPLOAD,
P-2898,P-2898,P-2898.jpg,P-2898_1.jpg,6619,,,READY_FOR_UPLOAD,
P-2899,P-2899,P-2899.jpg,P-2899_1.jpg,6619,,,READY_FOR_UPLOAD,
P-2900,P-2900,P-2900.jpg,P-2900_1.jpg,6619,,,READY_FOR_UPLOAD,
P-2901,P-2901,P-2901.jpg,P-2901_1.jpg,6619,,,READY_FOR_UPLOAD,
P-2902,P-2902,P-2902.jpg,P-2902_1.jpg,6619,,,READY_FOR_UPLOAD,
P-2903,P-2903,P-2903.jpg,P-2903_1.jpg,6619,,,READY_FOR_UPLOAD,
P-2904,P-2904,P-2904.jpg,P-2904_1.jpg,6619,,,READY_FOR_UPLOAD,
P-2905,P-2905,P-2905.jpg,P-2905_1.jpg,6619,,,READY_FOR_UPLOAD,
P-2906,P-2906,P-2906.jpg,P-2906_1.jpg,6609,,,READY_FOR_UPLOAD,
P-2907,P-2907,P-2907.jpg,P-2907_1.jpg,6609,,,READY_FOR_UPLOAD,
P-2908,P-2908,P-2908.jpg,P-2908_1.jpg,6619,,,READY_FOR_UPLOAD,
P-2909,P-2909,P-2909.jpg,P-2909_1.jpg,6619,,,READY_FOR_UPLOAD,
P-2910,P-2910,P-2910.jpg,P-2910_1.jpg,6619,,,READY_FOR_UPLOAD,
P-2911,P-2911,P-2911.jpg,P-2911_1.jpg,6619,,,READY_FOR_UPLOAD,
P-2912,P-2912,P-2912.jpg,P-2912_1.jpg,6619,,,READY_FOR_UPLOAD,
P-2913,P-2913,P-2913.jpg,P-2913_1.jpg,6619,,,READY_FOR_UPLOAD,
P-2914,P-2914,P-2914.jpg,P-2914_1.jpg,6619,,,READY_FOR_UPLOAD,
P-2915,P-2915,P-2915.jpg,P-2915_1.jpg,6619,,,READY_FOR_UPLOAD,
P-2916,P-2916,P-2916.jpg,P-2916_1.jpg,6619,,,READY_FOR_UPLOAD,
P-2917,P-2917,P-2917.jpg,P-2917_1.jpg,6619,,,READY_FOR_UPLOAD,
P-2918,P-2918,P-2918.jpg,P-2918_1.jpg,6619,,,READY_FOR_UPLOAD,
P-2919,P-2919,P-2919.jpg,P-2919_1.jpg,6619,,,READY_FOR_UPLOAD,
P-2920,P-2920,P-2920.jpg,P-2920_1.jpg,6609,,,READY_FOR_UPLOAD,
P-2921,P-2921,P-2921.jpg,P-2921_1.jpg,6609,,,READY_FOR_UPLOAD,
P-2922,P-2922,P-2922.jpg,P-2922_1.jpg,6619,,,READY_FOR_UPLOAD,
P-2923,P-2923,P-2923.jpg,P-2923_1.jpg,6619,,,READY_FOR_UPLOAD,
P-2924,P-2924,P-2924.jpg,P-2924_1.jpg,6619,,,READY_FOR_UPLOAD,
P-2925,P-2925,P-2925.jpg,P-2925_1.jpg,6619,,,READY_FOR_UPLOAD,
P-2926,P-2926,P-2926.jpg,P-2926_1.jpg,6619,,,READY_FOR_UPLOAD,
P-2927,P-2927,P-2927.jpg,P-2927_1.jpg,6619,,,READY_FOR_UPLOAD,
P-2928,P-2928,P-2928.jpg,P-2928_1.jpg,6619,,,READY_FOR_UPLOAD,
P-2929,P-2929,P-2929.jpg,P-2929_1.jpg,6619,,,READY_FOR_UPLOAD,
P-2930,P-2930,P-2930.jpg,P-2930_1.jpg,6619,,,READY_FOR_UPLOAD,
P-2931,P-2931,P-2931.jpg,P-2931_1.jpg,6619,,,READY_FOR_UPLOAD,
P-2932,P-2932,P-2932.jpg,P-2932_1.jpg,6619,,,READY_FOR_UPLOAD,
P-2933,P-2933,P-2933.jpg,P-2933_1.jpg,6619,,,READY_FOR_UPLOAD,
P-2934,P-2934,P-2934.jpg,P-2934_1.jpg,6619,,,READY_FOR_UPLOAD,
P-2935,P-2935,P-2935.jpg,P-2935_1.jpg,6619,,,READY_FOR_UPLOAD,
P-2936,P-2936,P-2936.jpg,P-2936_1.jpg,6619,,,READY_FOR_UPLOAD,
P-2937,P-2937,P-2937.jpg,P-2937_1.jpg,6619,,,READY_FOR_UPLOAD,
P-2938,P-2938,P-2938.jpg,P-2938_1.jpg,6619,,,READY_FOR_UPLOAD,
P-2939,P-2939,P-2939.jpg,P-2939_1.jpg,6619,,,READY_FOR_UPLOAD,
P-2940,P-2940,P-2940.jpg,P-2940_1.jpg,6619,,,READY_FOR_UPLOAD,
P-2941,P-2941,P-2941.jpg,P-2941_1.jpg,6619,,,READY_FOR_UPLOAD,
P-2942,P-2942,P-2942.jpg,P-2942_1.jpg,6619,,,READY_FOR_UPLOAD,
P-2943,P-2943,P-2943.jpg,P-2943_1.jpg,6609,,,READY_FOR_UPLOAD,
P-2944,P-2944,P-2944.jpg,P-2944_1.jpg,6619,,,READY_FOR_UPLOAD,
P-2945,P-2945,P-2945.jpg,P-2945_1.jpg,6619,,,READY_FOR_UPLOAD,
P-2946,P-2946,P-2946.jpg,P-2946_1.jpg,6619,,,READY_FOR_UPLOAD,
P-2947,P-2947,P-2947.jpg,P-2947_1.jpg,6619,,,READY_FOR_UPLOAD,
P-2948,P-2948,P-2948.jpg,P-2948_1.jpg,6619,,,READY_FOR_UPLOAD,
P-2949,P-2949,P-2949.jpg,P-2949_1.jpg,6619,,,READY_FOR_UPLOAD,
P-2950,P-2950,P-2950.jpg,P-2950_1.jpg,6619,,,READY_FOR_UPLOAD,
P-2951,P-2951,P-2951.jpg,P-2951_1.jpg,6619,,,READY_FOR_UPLOAD,
P-2952,P-2952,P-2952.jpg,P-2952_1.jpg,6619,,,READY_FOR_UPLOAD,
P-2953,P-2953,P-2953.jpg,P-2953_1.jpg,6609,,,READY_FOR_UPLOAD,
P-2954,P-2954,P-2954.jpg,P-2954_1.jpg,6619,,,READY_FOR_UPLOAD,
P-2955,P-2955,P-2955.jpg,P-2955_1.jpg,6619,,,READY_FOR_UPLOAD,
P-2956,P-2956,P-2956.jpg,P-2956_1.jpg,6619,,,READY_FOR_UPLOAD,
P-2957,P-2957,P-2957.jpg,P-2957_1.jpg,6609,,,READY_FOR_UPLOAD,
P-2958,P-2958,P-2958.jpg,P-2958_1.jpg,6619,,,READY_FOR_UPLOAD,
P-2959,P-2959,P-2959.jpg,P-2959_1.jpg,6619,,,READY_FOR_UPLOAD,
P-2960,P-2960,P-2960.jpg,P-2960_1.jpg,6619,,,READY_FOR_UPLOAD,
P-2961,P-2961,P-2961.jpg,P-2961_1.jpg,6609,,,READY_FOR_UPLOAD,
P-2962,P-2962,P-2962.jpg,P-2962_1.jpg,6619,,,READY_FOR_UPLOAD,
P-2963,P-2963,P-2963.jpg,P-2963_1.jpg,6619,,,READY_FOR_UPLOAD,
P-2964,P-2964,P-2964.jpg,P-2964_1.jpg,6609,,,READY_FOR_UPLOAD,
P-2965,P-2965,P-2965.jpg,P-2965_1.jpg,6609,,,READY_FOR_UPLOAD,
P-2966,P-2966,P-2966.jpg,P-2966_1.jpg,6609,,,READY_FOR_UPLOAD,
P-2967,P-2967,P-2967.jpg,P-2967_1.jpg,6609,,,READY_FOR_UPLOAD,
P-2968,P-2968,P-2968.jpg,P-2968_1.jpg,6609,,,READY_FOR_UPLOAD,
P-2969,P-2969,P-2969.jpg,P-2969_1.jpg,6609,,,READY_FOR_UPLOAD,
P-2970,P-2970,P-2970.jpg,P-2970_1.jpg,6609,,,READY_FOR_UPLOAD,
P-2971,P-2971,P-2971.jpg,P-2971_1.jpg,6610,,,READY_FOR_UPLOAD,
P-2972,P-2972,P-2972.jpg,P-2972_1.jpg,6610,,,READY_FOR_UPLOAD,
P-2973,P-2973,P-2973.jpg,P-2973_1.jpg,6608,,,READY_FOR_UPLOAD,
P-2974,P-2974,P-2974.jpg,P-2974_1.jpg,6619,,,READY_FOR_UPLOAD,
P-2975,P-2975,P-2975.jpg,P-2975_1.jpg,6619,,,READY_FOR_UPLOAD,
P-2976,P-2976,P-2976.jpg,P-2976_1.jpg,6619,,,READY_FOR_UPLOAD,
P-2977,P-2977,P-2977.jpg,P-2977_1.jpg,6619,,,READY_FOR_UPLOAD,
P-2978,P-2978,P-2978.jpg,P-2978_1.jpg,6619,,,READY_FOR_UPLOAD,
P-2979,P-2979,P-2979.jpg,P-2979_1.jpg,6619,,,READY_FOR_UPLOAD,
P-2980,P-2980,P-2980.jpg,P-2980_1.jpg,6619,,,READY_FOR_UPLOAD,
P-2981,P-2981,P-2981.jpg,P-2981_1.jpg,6619,,,READY_FOR_UPLOAD,
P-2982,P-2982,P-2982.jpg,P-2982_1.jpg,6619,,,READY_FOR_UPLOAD,
P-2983,P-2983,P-2983.jpg,P-2983_1.jpg,6619,,,READY_FOR_UPLOAD,
P-2984,P-2984,P-2984.jpg,P-2984_1.jpg,6619,,,READY_FOR_UPLOAD,
P-2985,P-2985,P-2985.jpg,P-2985_1.jpg,6619,,,READY_FOR_UPLOAD,
P-2986,P-2986,P-2986.jpg,P-2986_1.jpg,6619,,,READY_FOR_UPLOAD,
P-2987,P-2987,P-2987.jpg,P-2987_1.jpg,6609,,,READY_FOR_UPLOAD,
P-2988,P-2988,P-2988.jpg,P-2988_1.jpg,6609,,,READY_FOR_UPLOAD,
P-2989,P-2989,P-2989.jpg,P-2989_1.jpg,6609,,,READY_FOR_UPLOAD,
P-2990,P-2990,P-2990.jpg,P-2990_1.jpg,6609,,,READY_FOR_UPLOAD,
P-2991,P-2991,P-2991.jpg,P-2991_1.jpg,6609,,,READY_FOR_UPLOAD,
P-2992,P-2992,P-2992.jpg,P-2992_1.jpg,6610,,,READY_FOR_UPLOAD,
P-2993,P-2993,P-2993.jpg,P-2993_1.jpg,6609,,,READY_FOR_UPLOAD,
P-2995,P-2995,P-2995.jpg,P-2995_1.jpg,6609,,,READY_FOR_UPLOAD,
P-2996,P-2996,P-2996.jpg,P-2996_1.jpg,6609,,,READY_FOR_UPLOAD,
P-2997,P-2997,P-2997.jpg,P-2997_1.jpg,6609,,,READY_FOR_UPLOAD,
P-2998,P-2998,P-2998.jpg,P-2998_1.jpg,6609,,,READY_FOR_UPLOAD,
P-2999,P-2999,P-2999.jpg,P-2999_1.jpg,6609,,,READY_FOR_UPLOAD,
P-3000,P-3000,P-3000.jpg,P-3000_1.jpg,6609,,,READY_FOR_UPLOAD,
P-3001,P-3001,P-3001.jpg,P-3001_1.jpg,6609,,,READY_FOR_UPLOAD,
P-3002,P-3002,P-3002.jpg,P-3002_1.jpg,6619,,,READY_FOR_UPLOAD,
P-3003,P-3003,P-3003.jpg,P-3003_1.jpg,6619,,,READY_FOR_UPLOAD,
P-3004,P-3004,P-3004.jpg,P-3004_1.jpg,6619,,,READY_FOR_UPLOAD,
P-3005,P-3005,P-3005.jpg,P-3005_1.jpg,6619,,,READY_FOR_UPLOAD,
P-3006,P-3006,P-3006.jpg,P-3006_1.jpg,6619,,,READY_FOR_UPLOAD,
P-3007,P-3007,P-3007.jpg,P-3007_1.jpg,6619,,,READY_FOR_UPLOAD,
P-3008,P-3008,P-3008.jpg,P-3008_1.jpg,6609,,,READY_FOR_UPLOAD,
P-3009,P-3009,P-3009.jpg,P-3009_1.jpg,6609,,,READY_FOR_UPLOAD,
P-3010,P-3010,P-3010.jpg,P-3010_1.jpg,6609,,,READY_FOR_UPLOAD,
P-3011,P-3011,P-3011.jpg,P-3011_1.jpg,6609,,,READY_FOR_UPLOAD,
P-3012,P-3012,P-3012.jpg,P-3012_1.jpg,6619,,,READY_FOR_UPLOAD,
P-3013,P-3013,P-3013.jpg,P-3013_1.jpg,6619,,,READY_FOR_UPLOAD,
P-3014,P-3014,P-3014.jpg,P-3014_1.jpg,6619,,,READY_FOR_UPLOAD,
P-3015,P-3015,P-3015.jpg,P-3015_1.jpg,6619,,,READY_FOR_UPLOAD,
P-3016,P-3016,P-3016.jpg,P-3016_1.jpg,6619,,,READY_FOR_UPLOAD,
P-3017,P-3017,P-3017.jpg,P-3017_1.jpg,6619,,,READY_FOR_UPLOAD,
P-3018,P-3018,P-3018.jpg,P-3018_1.jpg,6619,,,READY_FOR_UPLOAD,
P-3019,P-3019,P-3019.jpg,P-3019_1.jpg,6619,,,READY_FOR_UPLOAD,
P-3020,P-3020,P-3020.jpg,P-3020_1.jpg,6619,,,READY_FOR_UPLOAD,
P-3021,P-3021,P-3021.jpg,P-3021_1.jpg,6619,,,READY_FOR_UPLOAD,
P-3022,P-3022,P-3022.jpg,P-3022_1.jpg,6619,,,READY_FOR_UPLOAD,
P-3023,P-3023,P-3023.jpg,P-3023_1.jpg,6619,,,READY_FOR_UPLOAD,
P-3024,P-3024,P-3024.jpg,P-3024_1.jpg,6619,,,READY_FOR_UPLOAD,
P-3025,P-3025,P-3025.jpg,P-3025_1.jpg,6619,,,READY_FOR_UPLOAD,
P-3026,P-3026,P-3026.jpg,P-3026_1.jpg,6619,,,READY_FOR_UPLOAD,
P-3027,P-3027,P-3027.jpg,P-3027_1.jpg,6619,,,READY_FOR_UPLOAD,
P-3028,P-3028,P-3028.jpg,P-3028_1.jpg,6619,,,READY_FOR_UPLOAD,
P-3029,P-3029,P-3029.jpg,P-3029_1.jpg,6619,,,READY_FOR_UPLOAD,
P-3030,P-3030,P-3030.jpg,P-3030_1.jpg,6619,,,READY_FOR_UPLOAD,
P-3031,P-3031,P-3031.jpg,P-3031_1.jpg,6619,,,READY_FOR_UPLOAD,
P-3033,P-3033,P-3033.jpg,P-3033_1.jpg,6609,,,READY_FOR_UPLOAD,
P-3034,P-3034,P-3034.jpg,P-3034_1.jpg,6609,,,READY_FOR_UPLOAD,
P-3035,P-3035,P-3035.jpg,P-3035_1.jpg,6619,,,READY_FOR_UPLOAD,
P-3036,P-3036,P-3036.jpg,P-3036_1.jpg,6619,,,READY_FOR_UPLOAD,
P-3037,P-3037,P-3037.jpg,P-3037_1.jpg,6619,,,READY_FOR_UPLOAD,
P-3038,P-3038,P-3038.jpg,P-3038_1.jpg,6619,,,READY_FOR_UPLOAD,
P-3039,P-3039,P-3039.jpg,P-3039_1.jpg,6619,,,READY_FOR_UPLOAD,
P-3040,P-3040,P-3040.jpg,P-3040_1.jpg,6619,,,READY_FOR_UPLOAD,
P-3041,P-3041,P-3041.jpg,P-3041_1.jpg,6619,,,READY_FOR_UPLOAD,
P-3042,P-3042,P-3042.jpg,P-3042_1.jpg,6619,,,READY_FOR_UPLOAD,
P-3043,P-3043,P-3043.jpg,P-3043_1.jpg,6619,,,READY_FOR_UPLOAD,
P-3044,P-3044,P-3044.jpg,P-3044_1.jpg,6619,,,READY_FOR_UPLOAD,
P-3045,P-3045,P-3045.jpg,P-3045_1.jpg,6609,,,READY_FOR_UPLOAD,
P-3046,P-3046,P-3046.jpg,P-3046_1.jpg,6619,,,READY_FOR_UPLOAD,
P-3047,P-3047,P-3047.jpg,P-3047_1.jpg,6619,,,READY_FOR_UPLOAD,
P-3048,P-3048,P-3048.jpg,P-3048_1.jpg,6619,,,READY_FOR_UPLOAD,
P-3049,P-3049,P-3049.jpg,P-3049_1.jpg,6619,,,READY_FOR_UPLOAD,
P-3050,P-3050,P-3050.jpg,P-3050_1.jpg,6619,,,READY_FOR_UPLOAD,
P-3051,P-3051,P-3051.jpg,P-3051_1.jpg,6619,,,READY_FOR_UPLOAD,
P-3052,P-3052,P-3052.jpg,P-3052_1.jpg,6619,,,READY_FOR_UPLOAD,
P-3053,P-3053,P-3053.jpg,P-3053_1.jpg,6619,,,READY_FOR_UPLOAD,
P-3054,P-3054,P-3054.jpg,P-3054_1.jpg,6619,,,READY_FOR_UPLOAD,
P-3055,P-3055,P-3055.jpg,P-3055_1.jpg,6619,,,READY_FOR_UPLOAD,
P-3056,P-3056,P-3056.jpg,P-3056_1.jpg,6619,,,READY_FOR_UPLOAD,
P-3057,P-3057,P-3057.jpg,P-3057_1.jpg,6619,,,READY_FOR_UPLOAD,
P-3058,P-3058,P-3058.jpg,P-3058_1.jpg,6619,,,READY_FOR_UPLOAD,
P-3059,P-3059,P-3059.jpg,P-3059_1.jpg,6619,,,READY_FOR_UPLOAD,
P-3060,P-3060,P-3060.jpg,P-3060_1.jpg,6619,,,READY_FOR_UPLOAD,
P-3061,P-3061,P-3061.jpg,P-3061_1.jpg,6619,,,READY_FOR_UPLOAD,
P-3062,P-3062,P-3062.jpg,P-3062_1.jpg,6619,,,READY_FOR_UPLOAD,
P-3063,P-3063,P-3063.jpg,P-3063_1.jpg,6619,,,READY_FOR_UPLOAD,
P-3064,P-3064,P-3064.jpg,P-3064_1.jpg,6619,,,READY_FOR_UPLOAD,
P-3065,P-3065,P-3065.jpg,P-3065_1.jpg,6619,,,READY_FOR_UPLOAD,
P-3066,P-3066,P-3066.jpg,P-3066_1.jpg,6619,,,READY_FOR_UPLOAD,
P-3067,P-3067,P-3067.jpg,P-3067_1.jpg,6619,,,READY_FOR_UPLOAD,
P-3068,P-3068,P-3068.jpg,P-3068_1.jpg,6619,,,READY_FOR_UPLOAD,
P-3069,P-3069,P-3069.jpg,P-3069_1.jpg,6619,,,READY_FOR_UPLOAD,
P-3070,P-3070,P-3070.jpg,P-3070_1.jpg,6619,,,READY_FOR_UPLOAD,
P-3071,P-3071,P-3071.jpg,P-3071_1.jpg,6619,,,READY_FOR_UPLOAD,
P-3072,P-3072,P-3072.jpg,P-3072_1.jpg,6619,,,READY_FOR_UPLOAD,
P-3073,P-3073,P-3073.jpg,P-3073_1.jpg,6619,,,READY_FOR_UPLOAD,
P-3074,P-3074,P-3074.jpg,P-3074_1.jpg,6619,,,READY_FOR_UPLOAD,
P-3075,P-3075,P-3075.jpg,P-3075_1.jpg,6619,,,READY_FOR_UPLOAD,
P-3076,P-3076,P-3076.jpg,P-3076_1.jpg,6619,,,READY_FOR_UPLOAD,
P-3077,P-3077,P-3077.jpg,P-3077_1.jpg,6619,,,READY_FOR_UPLOAD,
P-3078,P-3078,P-3078.jpg,P-3078_1.jpg,6619,,,READY_FOR_UPLOAD,
P-3079,P-3079,P-3079.jpg,P-3079_1.jpg,6619,,,READY_FOR_UPLOAD,
P-3080,P-3080,P-3080.jpg,P-3080_1.jpg,6619,,,READY_FOR_UPLOAD,
P-3081,P-3081,P-3081.jpg,P-3081_1.jpg,6619,,,READY_FOR_UPLOAD,
P-3082,P-3082,P-3082.jpg,P-3082_1.jpg,6619,,,READY_FOR_UPLOAD,
P-3083,P-3083,P-3083.jpg,P-3083_1.jpg,6619,,,READY_FOR_UPLOAD,
P-3084,P-3084,P-3084.jpg,P-3084_1.jpg,6619,,,READY_FOR_UPLOAD,
P-3085,P-3085,P-3085.jpg,P-3085_1.jpg,6619,,,READY_FOR_UPLOAD,
P-3086,P-3086,P-3086.jpg,P-3086_1.jpg,6619,,,READY_FOR_UPLOAD,
P-3087,P-3087,P-3087.jpg,P-3087_1.jpg,6619,,,READY_FOR_UPLOAD,
P-3088,P-3088,P-3088.jpg,P-3088_1.jpg,6619,,,READY_FOR_UPLOAD,
P-3089,P-3089,P-3089.jpg,P-3089_1.jpg,6619,,,READY_FOR_UPLOAD,
P-3090,P-3090,P-3090.jpg,P-3090_1.jpg,6619,,,READY_FOR_UPLOAD,
P-3091,P-3091,P-3091.jpg,P-3091_1.jpg,6609,,,READY_FOR_UPLOAD,
P-3092,P-3092,P-3092.jpg,P-3092_1.jpg,6619,,,READY_FOR_UPLOAD,
P-3093,P-3093,P-3093.jpg,P-3093_1.jpg,6609,,,READY_FOR_UPLOAD,
P-3094,P-3094,P-3094.jpg,P-3094_1.jpg,6619,,,READY_FOR_UPLOAD,
P-3095,P-3095,P-3095.jpg,P-3095_1.jpg,6619,,,READY_FOR_UPLOAD,
P-3096,P-3096,P-3096.jpg,P-3096_1.jpg,6619,,,READY_FOR_UPLOAD,
P-3097,P-3097,P-3097.jpg,P-3097_1.jpg,6619,,,READY_FOR_UPLOAD,
P-3098,P-3098,P-3098.jpg,P-3098_1.jpg,6619,,,READY_FOR_UPLOAD,
P-3099,P-3099,P-3099.jpg,P-3099_1.jpg,6619,,,READY_FOR_UPLOAD,
P-3100,P-3100,P-3100.jpg,P-3100_1.jpg,6619,,,READY_FOR_UPLOAD,
P-3101,P-3101,P-3101.jpg,P-3101_1.jpg,6619,,,READY_FOR_UPLOAD,
P-3102,P-3102,P-3102.jpg,P-3102_1.jpg,6619,,,READY_FOR_UPLOAD,
P-3103,P-3103,P-3103.jpg,P-3103_1.jpg,6619,,,READY_FOR_UPLOAD,
P-3104,P-3104,P-3104.jpg,P-3104_1.jpg,6619,,,READY_FOR_UPLOAD,
P-3105,P-3105,P-3105.jpg,P-3105_1.jpg,6619,,,READY_FOR_UPLOAD,
P-3106,P-3106,P-3106.jpg,P-3106_1.jpg,6619,,,READY_FOR_UPLOAD,
P-3107,P-3107,P-3107.jpg,P-3107_1.jpg,6619,,,READY_FOR_UPLOAD,
P-3108,P-3108,P-3108.jpg,P-3108_1.jpg,6619,,,READY_FOR_UPLOAD,
P-3109,P-3109,P-3109.jpg,P-3109_1.jpg,6619,,,READY_FOR_UPLOAD,
P-3110,P-3110,P-3110.jpg,P-3110_1.jpg,6619,,,READY_FOR_UPLOAD,
P-3111,P-3111,P-3111.jpg,P-3111_1.jpg,6619,,,READY_FOR_UPLOAD,
P-3112,P-3112,P-3112.jpg,P-3112_1.jpg,6619,,,READY_FOR_UPLOAD,
P-3113,P-3113,P-3113.jpg,P-3113_1.jpg,6619,,,READY_FOR_UPLOAD,
P-3114,P-3114,P-3114.jpg,P-3114_1.jpg,6619,,,READY_FOR_UPLOAD,
P-3115,P-3115,P-3115.jpg,P-3115_1.jpg,6619,,,READY_FOR_UPLOAD,
P-3116,P-3116,P-3116.jpg,P-3116_1.jpg,6619,,,READY_FOR_UPLOAD,
P-3117,P-3117,P-3117.jpg,P-3117_1.jpg,6619,,,READY_FOR_UPLOAD,
P-3118,P-3118,P-3118.jpg,P-3118_1.jpg,6619,,,READY_FOR_UPLOAD,
P-3119,P-3119,P-3119.jpg,P-3119_1.jpg,6619,,,READY_FOR_UPLOAD,
P-3120,P-3120,P-3120.jpg,P-3120_1.jpg,6619,,,READY_FOR_UPLOAD,
P-3121,P-3121,P-3121.jpg,P-3121_1.jpg,6619,,,READY_FOR_UPLOAD,
P-3122,P-3122,P-3122.jpg,P-3122_1.jpg,6619,,,READY_FOR_UPLOAD,
P-3123,P-3123,P-3123.jpg,P-3123_1.jpg,6619,,,READY_FOR_UPLOAD,
P-3124,P-3124,P-3124.jpg,P-3124_1.jpg,6619,,,READY_FOR_UPLOAD,
P-3125,P-3125,P-3125.jpg,P-3125_1.jpg,6619,,,READY_FOR_UPLOAD,
P-3126,P-3126,P-3126.jpg,P-3126_1.jpg,6619,,,READY_FOR_UPLOAD,
P-3127,P-3127,P-3127.jpg,P-3127_1.jpg,6619,,,READY_FOR_UPLOAD,
P-3128,P-3128,P-3128.jpg,P-3128_1.jpg,6619,,,READY_FOR_UPLOAD,
P-3129,P-3129,P-3129.jpg,P-3129_1.jpg,6619,,,READY_FOR_UPLOAD,
P-3130,P-3130,P-3130.jpg,P-3130_1.jpg,6619,,,READY_FOR_UPLOAD,
P-3131,P-3131,P-3131.jpg,P-3131_1.jpg,6619,,,READY_FOR_UPLOAD,
P-3132,P-3132,P-3132.jpg,P-3132_1.jpg,6619,,,READY_FOR_UPLOAD,
P-3133,P-3133,P-3133.jpg,P-3133_1.jpg,6619,,,READY_FOR_UPLOAD,
P-3134,P-3134,P-3134.jpg,P-3134_1.jpg,6619,,,READY_FOR_UPLOAD,
P-3135,P-3135,P-3135.jpg,P-3135_1.jpg,6619,,,READY_FOR_UPLOAD,
P-3136,P-3136,P-3136.jpg,P-3136_1.jpg,6619,,,READY_FOR_UPLOAD,
P-3137,P-3137,P-3137.jpg,P-3137_1.jpg,6619,,,READY_FOR_UPLOAD,
P-3138,P-3138,P-3138.jpg,P-3138_1.jpg,6619,,,READY_FOR_UPLOAD,
P-3139,P-3139,P-3139.jpg,P-3139_1.jpg,6619,,,READY_FOR_UPLOAD,
P-3140,P-3140,P-3140.jpg,P-3140_1.jpg,6619,,,READY_FOR_UPLOAD,
P-3141,P-3141,P-3141.jpg,P-3141_1.jpg,6619,,,READY_FOR_UPLOAD,
P-3142,P-3142,P-3142.jpg,P-3142_1.jpg,6619,,,READY_FOR_UPLOAD,
P-3143,P-3143,P-3143.jpg,P-3143_1.jpg,6619,,,READY_FOR_UPLOAD,
P-3144,P-3144,P-3144.jpg,P-3144_1.jpg,6619,,,READY_FOR_UPLOAD,
P-3145,P-3145,P-3145.jpg,P-3145_1.jpg,6619,,,READY_FOR_UPLOAD,
P-3146,P-3146,P-3146.jpg,P-3146_1.jpg,6619,,,READY_FOR_UPLOAD,
P-3147,P-3147,P-3147.jpg,P-3147_1.jpg,6619,,,READY_FOR_UPLOAD,
P-3148,P-3148,P-3148.jpg,P-3148_1.jpg,6609,,,READY_FOR_UPLOAD,
P-3149,P-3149,P-3149.jpg,P-3149_1.jpg,6619,,,READY_FOR_UPLOAD,
P-3150,P-3150,P-3150.jpg,P-3150_1.jpg,6619,,,READY_FOR_UPLOAD,
P-3151,P-3151,P-3151.jpg,P-3151_1.jpg,6609,,,READY_FOR_UPLOAD,
P-3152,P-3152,P-3152.jpg,P-3152_1.jpg,6609,,,READY_FOR_UPLOAD,
P-3153,P-3153,P-3153.jpg,P-3153_1.jpg,6619,,,READY_FOR_UPLOAD,
P-3154,P-3154,P-3154.jpg,P-3154_1.jpg,6619,,,READY_FOR_UPLOAD,
P-3155,P-3155,P-3155.jpg,P-3155_1.jpg,6619,,,READY_FOR_UPLOAD,
P-3156,P-3156,P-3156.jpg,P-3156_1.jpg,6619,,,READY_FOR_UPLOAD,
P-3157,P-3157,P-3157.jpg,P-3157_1.jpg,6619,,,READY_FOR_UPLOAD,
P-3158,P-3158,P-3158.jpg,P-3158_1.jpg,6619,,,READY_FOR_UPLOAD,
P-3159,P-3159,P-3159.jpg,P-3159_1.jpg,6619,,,READY_FOR_UPLOAD,
P-3160,P-3160,P-3160.jpg,P-3160_1.jpg,6619,,,READY_FOR_UPLOAD,
P-3161,P-3161,P-3161.jpg,P-3161_1.jpg,6619,,,READY_FOR_UPLOAD,
P-3162,P-3162,P-3162.jpg,P-3162_1.jpg,6619,,,READY_FOR_UPLOAD,
P-3163,P-3163,P-3163.jpg,P-3163_1.jpg,6619,,,READY_FOR_UPLOAD,
P-3164,P-3164,P-3164.jpg,P-3164_1.jpg,6619,,,READY_FOR_UPLOAD,
P-3165,P-3165,P-3165.jpg,P-3165_1.jpg,6619,,,READY_FOR_UPLOAD,
P-3166,P-3166,P-3166.jpg,P-3166_1.jpg,6619,,,READY_FOR_UPLOAD,
P-3167,P-3167,P-3167.jpg,P-3167_1.jpg,6619,,,READY_FOR_UPLOAD,
P-3168,P-3168,P-3168.jpg,P-3168_1.jpg,6619,,,READY_FOR_UPLOAD,
P-3169,P-3169,P-3169.jpg,P-3169_1.jpg,6619,,,READY_FOR_UPLOAD,
P-3170,P-3170,P-3170.jpg,P-3170_1.jpg,6619,,,READY_FOR_UPLOAD,
P-3171,P-3171,P-3171.jpg,P-3171_1.jpg,6619,,,READY_FOR_UPLOAD,
P-3172,P-3172,P-3172.jpg,P-3172_1.jpg,6619,,,READY_FOR_UPLOAD,
P-3173,P-3173,P-3173.jpg,P-3173_1.jpg,6619,,,READY_FOR_UPLOAD,
P-3174,P-3174,P-3174.jpg,P-3174_1.jpg,6619,,,READY_FOR_UPLOAD,
P-3175,P-3175,P-3175.jpg,P-3175_1.jpg,6619,,,READY_FOR_UPLOAD,
P-3176,P-3176,P-3176.jpg,P-3176_1.jpg,6619,,,READY_FOR_UPLOAD,
P-3177,P-3177,P-3177.jpg,P-3177_1.jpg,6619,,,READY_FOR_UPLOAD,
P-3178,P-3178,P-3178.jpg,P-3178_1.jpg,6619,,,READY_FOR_UPLOAD,
P-3179,P-3179,P-3179.jpg,P-3179_1.jpg,6619,,,READY_FOR_UPLOAD,
P-3180,P-3180,P-3180.jpg,P-3180_1.jpg,6619,,,READY_FOR_UPLOAD,
P-3181,P-3181,P-3181.jpg,P-3181_1.jpg,6619,,,READY_FOR_UPLOAD,
P-3182,P-3182,P-3182.jpg,P-3182_1.jpg,6619,,,READY_FOR_UPLOAD,
P-3183,P-3183,P-3183.jpg,P-3183_1.jpg,6619,,,READY_FOR_UPLOAD,
P-3184,P-3184,P-3184.jpg,P-3184_1.jpg,6619,,,READY_FOR_UPLOAD,
P-3185,P-3185,P-3185.jpg,P-3185_1.jpg,6619,,,READY_FOR_UPLOAD,
P-3186,P-3186,P-3186.jpg,P-3186_1.jpg,6619,,,READY_FOR_UPLOAD,
P-3187,P-3187,P-3187.jpg,P-3187_1.jpg,6619,,,READY_FOR_UPLOAD,
P-3188,P-3188,P-3188.jpg,P-3188_1.jpg,6619,,,READY_FOR_UPLOAD,
P-3189,P-3189,P-3189.jpg,P-3189_1.jpg,6619,,,READY_FOR_UPLOAD,
P-3190,P-3190,P-3190.jpg,P-3190_1.jpg,6619,,,READY_FOR_UPLOAD,
P-3191,P-3191,P-3191.jpg,P-3191_1.jpg,6610,,,READY_FOR_UPLOAD,
P-3193,P-3193,P-3193.jpg,P-3193_1.jpg,6609,,,READY_FOR_UPLOAD,
P-3194,P-3194,P-3194.jpg,P-3194_1.jpg,6610,,,READY_FOR_UPLOAD,
P-3195,P-3195,P-3195.jpg,P-3195_1.jpg,6609,,,READY_FOR_UPLOAD,
P-3196,P-3196,P-3196.jpg,P-3196_1.jpg,6609,,,READY_FOR_UPLOAD,
P-3197,P-3197,P-3197.jpg,P-3197_1.jpg,6609,,,READY_FOR_UPLOAD,
P-3198,P-3198,P-3198.jpg,P-3198_1.jpg,6609,,,READY_FOR_UPLOAD,
P-3199,P-3199,P-3199.jpg,P-3199_1.jpg,6609,,,READY_FOR_UPLOAD,
P-3200,P-3200,P-3200.jpg,P-3200_1.jpg,6619,,,READY_FOR_UPLOAD,
P-3201,P-3201,P-3201.jpg,P-3201_1.jpg,6619,,,READY_FOR_UPLOAD,
P-3202,P-3202,P-3202.jpg,P-3202_1.jpg,6619,,,READY_FOR_UPLOAD,
P-3203,P-3203,P-3203.jpg,P-3203_1.jpg,6619,,,READY_FOR_UPLOAD,
P-3204,P-3204,P-3204.jpg,P-3204_1.jpg,6619,,,READY_FOR_UPLOAD,
P-3205,P-3205,P-3205.jpg,P-3205_1.jpg,6619,,,READY_FOR_UPLOAD,
P-3206,P-3206,P-3206.jpg,P-3206_1.jpg,6619,,,READY_FOR_UPLOAD,
P-3207,P-3207,P-3207.jpg,P-3207_1.jpg,6619,,,READY_FOR_UPLOAD,
P-3208,P-3208,P-3208.jpg,P-3208_1.jpg,6619,,,READY_FOR_UPLOAD,
P-3209,P-3209,P-3209.jpg,P-3209_1.jpg,6619,,,READY_FOR_UPLOAD,
P-3210,P-3210,P-3210.jpg,P-3210_1.jpg,6619,,,READY_FOR_UPLOAD,
P-3211,P-3211,P-3211.jpg,P-3211_1.jpg,6619,,,READY_FOR_UPLOAD,
P-3212,P-3212,P-3212.jpg,P-3212_1.jpg,6619,,,READY_FOR_UPLOAD,
P-3213,P-3213,P-3213.jpg,P-3213_1.jpg,6619,,,READY_FOR_UPLOAD,
P-3214,P-3214,P-3214.jpg,P-3214_1.jpg,6619,,,READY_FOR_UPLOAD,
P-3215,P-3215,P-3215.jpg,P-3215_1.jpg,6619,,,READY_FOR_UPLOAD,
P-3216,P-3216,P-3216.jpg,P-3216_1.jpg,6619,,,READY_FOR_UPLOAD,
P-3217,P-3217,P-3217.jpg,P-3217_1.jpg,6619,,,READY_FOR_UPLOAD,
P-3218,P-3218,P-3218.jpg,P-3218_1.jpg,6619,,,READY_FOR_UPLOAD,
P-3219,P-3219,P-3219.jpg,P-3219_1.jpg,6619,,,READY_FOR_UPLOAD,
P-3220,P-3220,P-3220.jpg,P-3220_1.jpg,6619,,,READY_FOR_UPLOAD,
P-3221,P-3221,P-3221.jpg,P-3221_1.jpg,6619,,,READY_FOR_UPLOAD,
P-3222,P-3222,P-3222.jpg,P-3222_1.jpg,6609,,,READY_FOR_UPLOAD,
P-3223,P-3223,P-3223.jpg,P-3223_1.jpg,6619,,,READY_FOR_UPLOAD,
P-3224,P-3224,P-3224.jpg,P-3224_1.jpg,6619,,,READY_FOR_UPLOAD,
P-3225,P-3225,P-3225.jpg,P-3225_1.jpg,6619,,,READY_FOR_UPLOAD,
P-3226,P-3226,P-3226.jpg,P-3226_1.jpg,6619,,,READY_FOR_UPLOAD,
P-3227,P-3227,P-3227.jpg,P-3227_1.jpg,6619,,,READY_FOR_UPLOAD,
P-3228,P-3228,P-3228.jpg,P-3228_1.jpg,6619,,,READY_FOR_UPLOAD,
P-3229,P-3229,P-3229.jpg,P-3229_1.jpg,6609,,,READY_FOR_UPLOAD,
P-3230,P-3230,P-3230.jpg,P-3230_1.jpg,6619,,,READY_FOR_UPLOAD,
P-3231,P-3231,P-3231.jpg,P-3231_1.jpg,6619,,,READY_FOR_UPLOAD,
P-3232,P-3232,P-3232.jpg,P-3232_1.jpg,6619,,,READY_FOR_UPLOAD,
P-3233,P-3233,P-3233.jpg,P-3233_1.jpg,6619,,,READY_FOR_UPLOAD,
P-3234,P-3234,P-3234.jpg,P-3234_1.jpg,6619,,,READY_FOR_UPLOAD,
P-3235,P-3235,P-3235.jpg,P-3235_1.jpg,6619,,,READY_FOR_UPLOAD,
P-3236,P-3236,P-3236.jpg,P-3236_1.jpg,6619,,,READY_FOR_UPLOAD,
P-3237,P-3237,P-3237.jpg,P-3237_1.jpg,6619,,,READY_FOR_UPLOAD,
P-3238,P-3238,P-3238.jpg,P-3238_1.jpg,6619,,,READY_FOR_UPLOAD,
P-3239,P-3239,P-3239.jpg,P-3239_1.jpg,6619,,,READY_FOR_UPLOAD,
P-3240,P-3240,P-3240.jpg,P-3240_1.jpg,6619,,,READY_FOR_UPLOAD,
P-3241,P-3241,P-3241.jpg,P-3241_1.jpg,6619,,,READY_FOR_UPLOAD,
P-3242,P-3242,P-3242.jpg,P-3242_1.jpg,6619,,,READY_FOR_UPLOAD,
P-3243,P-3243,P-3243.jpg,P-3243_1.jpg,6619,,,READY_FOR_UPLOAD,
P-3244,P-3244,P-3244.jpg,P-3244_1.jpg,6619,,,READY_FOR_UPLOAD,
P-3245,P-3245,P-3245.jpg,P-3245_1.jpg,6619,,,READY_FOR_UPLOAD,
P-3246,P-3246,P-3246.jpg,P-3246_1.jpg,6619,,,READY_FOR_UPLOAD,
P-3247,P-3247,P-3247.jpg,P-3247_1.jpg,6619,,,READY_FOR_UPLOAD,
P-3248,P-3248,P-3248.jpg,P-3248_1.jpg,6609,,,READY_FOR_UPLOAD,
P-3249,P-3249,P-3249.jpg,P-3249_1.jpg,6619,,,READY_FOR_UPLOAD,
P-3250,P-3250,P-3250.jpg,P-3250_1.jpg,6619,,,READY_FOR_UPLOAD,
P-3251,P-3251,P-3251.jpg,P-3251_1.jpg,6619,,,READY_FOR_UPLOAD,
P-3252,P-3252,P-3252.jpg,P-3252_1.jpg,6619,,,READY_FOR_UPLOAD,
P-3253,P-3253,P-3253.jpg,P-3253_1.jpg,6619,,,READY_FOR_UPLOAD,
P-3254,P-3254,P-3254.jpg,P-3254_1.jpg,6619,,,READY_FOR_UPLOAD,
P-3255,P-3255,P-3255.jpg,P-3255_1.jpg,6619,,,READY_FOR_UPLOAD,
P-3256,P-3256,P-3256.jpg,P-3256_1.jpg,6619,,,READY_FOR_UPLOAD,
P-3257,P-3257,P-3257.jpg,P-3257_1.jpg,6619,,,READY_FOR_UPLOAD,
P-3258,P-3258,P-3258.jpg,P-3258_1.jpg,6619,,,READY_FOR_UPLOAD,
P-3259,P-3259,P-3259.jpg,P-3259_1.jpg,6619,,,READY_FOR_UPLOAD,
P-3260,P-3260,P-3260.jpg,P-3260_1.jpg,6619,,,READY_FOR_UPLOAD,
P-3261,P-3261,P-3261.jpg,P-3261_1.jpg,6619,,,READY_FOR_UPLOAD,
P-3262,P-3262,P-3262.jpg,P-3262_1.jpg,6619,,,READY_FOR_UPLOAD,
P-3263,P-3263,P-3263.jpg,P-3263_1.jpg,6619,,,READY_FOR_UPLOAD,
P-3264,P-3264,P-3264.jpg,P-3264_1.jpg,6619,,,READY_FOR_UPLOAD,
P-3265,P-3265,P-3265.jpg,P-3265_1.jpg,6619,,,READY_FOR_UPLOAD,
P-3266,P-3266,P-3266.jpg,P-3266_1.jpg,6619,,,READY_FOR_UPLOAD,
P-3267,P-3267,P-3267.jpg,P-3267_1.jpg,6619,,,READY_FOR_UPLOAD,
P-3268,P-3268,P-3268.jpg,P-3268_1.jpg,6619,,,READY_FOR_UPLOAD,
P-3269,P-3269,P-3269.jpg,P-3269_1.jpg,6619,,,READY_FOR_UPLOAD,
P-3270,P-3270,P-3270.jpg,P-3270_1.jpg,6619,,,READY_FOR_UPLOAD,
P-3271,P-3271,P-3271.jpg,P-3271_1.jpg,6619,,,READY_FOR_UPLOAD,
P-3272,P-3272,P-3272.jpg,P-3272_1.jpg,6619,,,READY_FOR_UPLOAD,
P-3273,P-3273,P-3273.jpg,P-3273_1.jpg,6619,,,READY_FOR_UPLOAD,
P-3274,P-3274,P-3274.jpg,P-3274_1.jpg,6619,,,READY_FOR_UPLOAD,
P-3275,P-3275,P-3275.jpg,P-3275_1.jpg,6619,,,READY_FOR_UPLOAD,
P-3276,P-3276,P-3276.jpg,P-3276_1.jpg,6619,,,READY_FOR_UPLOAD,
P-3277,P-3277,P-3277.jpg,P-3277_1.jpg,6619,,,READY_FOR_UPLOAD,
P-3278,P-3278,P-3278.jpg,P-3278_1.jpg,6619,,,READY_FOR_UPLOAD,
P-3279,P-3279,P-3279.jpg,P-3279_1.jpg,6609,,,READY_FOR_UPLOAD,
P-3280,P-3280,P-3280.jpg,P-3280_1.jpg,6619,,,READY_FOR_UPLOAD,
P-3281,P-3281,P-3281.jpg,P-3281_1.jpg,6610,,,READY_FOR_UPLOAD,
P-3282,P-3282,P-3282.jpg,P-3282_1.jpg,6619,,,READY_FOR_UPLOAD,
P-3283,P-3283,P-3283.jpg,P-3283_1.jpg,6619,,,READY_FOR_UPLOAD,
P-3284,P-3284,P-3284.jpg,P-3284_1.jpg,6619,,,READY_FOR_UPLOAD,
P-3285,P-3285,P-3285.jpg,P-3285_1.jpg,6619,,,READY_FOR_UPLOAD,
P-3286,P-3286,P-3286.jpg,P-3286_1.jpg,6619,,,READY_FOR_UPLOAD,
P-3287,P-3287,P-3287.jpg,P-3287_1.jpg,6619,,,READY_FOR_UPLOAD,
P-3288,P-3288,P-3288.jpg,P-3288_1.jpg,6619,,,READY_FOR_UPLOAD,
P-3289,P-3289,P-3289.jpg,P-3289_1.jpg,6619,,,READY_FOR_UPLOAD,
P-3290,P-3290,P-3290.jpg,P-3290_1.jpg,6619,,,READY_FOR_UPLOAD,
P-3291,P-3291,P-3291.jpg,P-3291_1.jpg,6619,,,READY_FOR_UPLOAD,
P-3292,P-3292,P-3292.jpg,P-3292_1.jpg,6619,,,READY_FOR_UPLOAD,
P-3293,P-3293,P-3293.jpg,P-3293_1.jpg,6619,,,READY_FOR_UPLOAD,
P-3294,P-3294,P-3294.jpg,P-3294_1.jpg,6619,,,READY_FOR_UPLOAD,
P-3295,P-3295,P-3295.jpg,P-3295_1.jpg,6619,,,READY_FOR_UPLOAD,
P-3296,P-3296,P-3296.jpg,P-3296_1.jpg,6619,,,READY_FOR_UPLOAD,
P-3297,P-3297,P-3297.jpg,P-3297_1.jpg,6619,,,READY_FOR_UPLOAD,
P-3298,P-3298,P-3298.jpg,P-3298_1.jpg,6619,,,READY_FOR_UPLOAD,
P-3299,P-3299,P-3299.jpg,P-3299_1.jpg,6619,,,READY_FOR_UPLOAD,
P-3300,P-3300,P-3300.jpg,P-3300_1.jpg,6619,,,READY_FOR_UPLOAD,
P-3301,P-3301,P-3301.jpg,P-3301_1.jpg,6619,,,READY_FOR_UPLOAD,
P-3302,P-3302,P-3302.jpg,P-3302_1.jpg,6619,,,READY_FOR_UPLOAD,
P-3303,P-3303,P-3303.jpg,P-3303_1.jpg,6619,,,READY_FOR_UPLOAD,
P-3304,P-3304,P-3304.jpg,P-3304_1.jpg,6619,,,READY_FOR_UPLOAD,
P-3305,P-3305,P-3305.jpg,P-3305_1.jpg,6619,,,READY_FOR_UPLOAD,
P-3306,P-3306,P-3306.jpg,P-3306_1.jpg,6619,,,READY_FOR_UPLOAD,
P-3307,P-3307,P-3307.jpg,P-3307_1.jpg,6619,,,READY_FOR_UPLOAD,
P-3308,P-3308,P-3308.jpg,P-3308_1.jpg,6619,,,READY_FOR_UPLOAD,
P-3309,P-3309,P-3309.jpg,P-3309_1.jpg,6619,,,READY_FOR_UPLOAD,
P-3310,P-3310,P-3310.jpg,P-3310_1.jpg,6619,,,READY_FOR_UPLOAD,
P-3311,P-3311,P-3311.jpg,P-3311_1.jpg,6619,,,READY_FOR_UPLOAD,
P-3312,P-3312,P-3312.jpg,P-3312_1.jpg,6619,,,READY_FOR_UPLOAD,
P-3313,P-3313,P-3313.jpg,P-3313_1.jpg,6609,,,READY_FOR_UPLOAD,
P-3314,P-3314,P-3314.jpg,P-3314_1.jpg,6619,,,READY_FOR_UPLOAD,
P-3315,P-3315,P-3315.jpg,P-3315_1.jpg,6619,,,READY_FOR_UPLOAD,
P-3316,P-3316,P-3316.jpg,P-3316_1.jpg,6619,,,READY_FOR_UPLOAD,
P-3317,P-3317,P-3317.jpg,P-3317_1.jpg,6619,,,READY_FOR_UPLOAD,
P-3318,P-3318,P-3318.jpg,P-3318_1.jpg,6619,,,READY_FOR_UPLOAD,
P-3319,P-3319,P-3319.jpg,P-3319_1.jpg,6619,,,READY_FOR_UPLOAD,
P-3320,P-3320,P-3320.jpg,P-3320_1.jpg,6619,,,READY_FOR_UPLOAD,
P-3321,P-3321,P-3321.jpg,P-3321_1.jpg,6619,,,READY_FOR_UPLOAD,
P-3322,P-3322,P-3322.jpg,P-3322_1.jpg,6619,,,READY_FOR_UPLOAD,
P-3323,P-3323,P-3323.jpg,P-3323_1.jpg,6619,,,READY_FOR_UPLOAD,
P-3324,P-3324,P-3324.jpg,P-3324_1.jpg,6619,,,READY_FOR_UPLOAD,
P-3325,P-3325,P-3325.jpg,P-3325_1.jpg,6619,,,READY_FOR_UPLOAD,
P-3326,P-3326,P-3326.jpg,P-3326_1.jpg,6619,,,READY_FOR_UPLOAD,
P-3327,P-3327,P-3327.jpg,P-3327_1.jpg,6619,,,READY_FOR_UPLOAD,
P-3328,P-3328,P-3328.jpg,P-3328_1.jpg,6619,,,READY_FOR_UPLOAD,
P-3329,P-3329,P-3329.jpg,P-3329_1.jpg,6619,,,READY_FOR_UPLOAD,
P-3330,P-3330,P-3330.jpg,P-3330_1.jpg,6619,,,READY_FOR_UPLOAD,
P-3331,P-3331,P-3331.jpg,P-3331_1.jpg,6619,,,READY_FOR_UPLOAD,
P-3332,P-3332,P-3332.jpg,P-3332_1.jpg,6619,,,READY_FOR_UPLOAD,
P-3333,P-3333,P-3333.jpg,P-3333_1.jpg,6619,,,READY_FOR_UPLOAD,
P-3334,P-3334,P-3334.jpg,P-3334_1.jpg,6619,,,READY_FOR_UPLOAD,
P-3335,P-3335,P-3335.jpg,P-3335_1.jpg,6619,,,READY_FOR_UPLOAD,
P-3336,P-3336,P-3336.jpg,P-3336_1.jpg,6619,,,READY_FOR_UPLOAD,
P-3337,P-3337,P-3337.jpg,P-3337_1.jpg,6619,,,READY_FOR_UPLOAD,
P-3338,P-3338,P-3338.jpg,P-3338_1.jpg,6619,,,READY_FOR_UPLOAD,
P-3339,P-3339,P-3339.jpg,P-3339_1.jpg,6619,,,READY_FOR_UPLOAD,
P-3340,P-3340,P-3340.jpg,P-3340_1.jpg,6619,,,READY_FOR_UPLOAD,
P-3341,P-3341,P-3341.jpg,P-3341_1.jpg,6619,,,READY_FOR_UPLOAD,
P-3342,P-3342,P-3342.jpg,P-3342_1.jpg,6619,,,READY_FOR_UPLOAD,
P-3343,P-3343,P-3343.jpg,P-3343_1.jpg,6619,,,READY_FOR_UPLOAD,
P-3344,P-3344,P-3344.jpg,P-3344_1.jpg,6619,,,READY_FOR_UPLOAD,
P-3345,P-3345,P-3345.jpg,P-3345_1.jpg,6619,,,READY_FOR_UPLOAD,
P-3346,P-3346,P-3346.jpg,P-3346_1.jpg,6619,,,READY_FOR_UPLOAD,
P-3347,P-3347,P-3347.jpg,P-3347_1.jpg,6619,,,READY_FOR_UPLOAD,
P-3348,P-3348,P-3348.jpg,P-3348_1.jpg,6619,,,READY_FOR_UPLOAD,
P-3349,P-3349,P-3349.jpg,P-3349_1.jpg,6619,,,READY_FOR_UPLOAD,
P-3350,P-3350,P-3350.jpg,P-3350_1.jpg,6619,,,READY_FOR_UPLOAD,
P-3351,P-3351,P-3351.jpg,P-3351_1.jpg,6619,,,READY_FOR_UPLOAD,
P-3352,P-3352,P-3352.jpg,P-3352_1.jpg,6619,,,READY_FOR_UPLOAD,
P-3353,P-3353,P-3353.jpg,P-3353_1.jpg,6619,,,READY_FOR_UPLOAD,
P-3354,P-3354,P-3354.jpg,P-3354_1.jpg,6619,,,READY_FOR_UPLOAD,
P-3355,P-3355,P-3355.jpg,P-3355_1.jpg,6619,,,READY_FOR_UPLOAD,
P-3356,P-3356,P-3356.jpg,P-3356_1.jpg,6619,,,READY_FOR_UPLOAD,
P-3357,P-3357,P-3357.jpg,P-3357_1.jpg,6619,,,READY_FOR_UPLOAD,
P-3358,P-3358,P-3358.jpg,P-3358_1.jpg,6619,,,READY_FOR_UPLOAD,
P-3359,P-3359,P-3359.jpg,P-3359_1.jpg,6619,,,READY_FOR_UPLOAD,
P-3360,P-3360,P-3360.jpg,P-3360_1.jpg,6619,,,READY_FOR_UPLOAD,
P-3361,P-3361,P-3361.jpg,P-3361_1.jpg,6619,,,READY_FOR_UPLOAD,
P-3362,P-3362,P-3362.jpg,P-3362_1.jpg,6619,,,READY_FOR_UPLOAD,
P-3363,P-3363,P-3363.jpg,P-3363_1.jpg,6619,,,READY_FOR_UPLOAD,
P-3364,P-3364,P-3364.jpg,P-3364_1.jpg,6619,,,READY_FOR_UPLOAD,
P-3365,P-3365,P-3365.jpg,P-3365_1.jpg,6619,,,READY_FOR_UPLOAD,
P-3366,P-3366,P-3366.jpg,P-3366_1.jpg,6619,,,READY_FOR_UPLOAD,
P-3367,P-3367,P-3367.jpg,P-3367_1.jpg,6619,,,READY_FOR_UPLOAD,
P-3368,P-3368,P-3368.jpg,P-3368_1.jpg,6619,,,READY_FOR_UPLOAD,
P-3369,P-3369,P-3369.jpg,P-3369_1.jpg,6619,,,READY_FOR_UPLOAD,
P-3370,P-3370,P-3370.jpg,P-3370_1.jpg,6619,,,READY_FOR_UPLOAD,
P-3371,P-3371,P-3371.jpg,P-3371_1.jpg,6619,,,READY_FOR_UPLOAD,
P-3372,P-3372,P-3372.jpg,P-3372_1.jpg,6619,,,READY_FOR_UPLOAD,
P-3373,P-3373,P-3373.jpg,P-3373_1.jpg,6619,,,READY_FOR_UPLOAD,
P-3374,P-3374,P-3374.jpg,P-3374_1.jpg,6619,,,READY_FOR_UPLOAD,
P-3375,P-3375,P-3375.jpg,P-3375_1.jpg,6619,,,READY_FOR_UPLOAD,
P-3376,P-3376,P-3376.jpg,P-3376_1.jpg,6619,,,READY_FOR_UPLOAD,
P-3377,P-3377,P-3377.jpg,P-3377_1.jpg,6619,,,READY_FOR_UPLOAD,
P-3378,P-3378,P-3378.jpg,P-3378_1.jpg,6619,,,READY_FOR_UPLOAD,
P-3379,P-3379,P-3379.jpg,P-3379_1.jpg,6619,,,READY_FOR_UPLOAD,
P-3380,P-3380,P-3380.jpg,P-3380_1.jpg,6619,,,READY_FOR_UPLOAD,
P-3381,P-3381,P-3381.jpg,P-3381_1.jpg,6619,,,READY_FOR_UPLOAD,
P-3382,P-3382,P-3382.jpg,P-3382_1.jpg,6619,,,READY_FOR_UPLOAD,
P-3383,P-3383,P-3383.jpg,P-3383_1.jpg,6619,,,READY_FOR_UPLOAD,
P-3384,P-3384,P-3384.jpg,P-3384_1.jpg,6619,,,READY_FOR_UPLOAD,
P-3385,P-3385,P-3385.jpg,P-3385_1.jpg,6619,,,READY_FOR_UPLOAD,
P-3386,P-3386,P-3386.jpg,P-3386_1.jpg,6619,,,READY_FOR_UPLOAD,
P-3387,P-3387,P-3387.jpg,P-3387_1.jpg,6619,,,READY_FOR_UPLOAD,
P-3388,P-3388,P-3388.jpg,P-3388_1.jpg,6619,,,READY_FOR_UPLOAD,
P-3389,P-3389,P-3389.jpg,P-3389_1.jpg,6619,,,READY_FOR_UPLOAD,
P-3390,P-3390,P-3390.jpg,P-3390_1.jpg,6619,,,READY_FOR_UPLOAD,
P-3391,P-3391,P-3391.jpg,P-3391_1.jpg,6619,,,READY_FOR_UPLOAD,
P-3392,P-3392,P-3392.jpg,P-3392_1.jpg,6619,,,READY_FOR_UPLOAD,
P-3393,P-3393,P-3393.jpg,P-3393_1.jpg,6619,,,READY_FOR_UPLOAD,
P-3394,P-3394,P-3394.jpg,P-3394_1.jpg,6619,,,READY_FOR_UPLOAD,
P-3395,P-3395,P-3395.jpg,P-3395_1.jpg,6619,,,READY_FOR_UPLOAD,
P-3396,P-3396,P-3396.jpg,P-3396_1.jpg,6619,,,READY_FOR_UPLOAD,
P-3397,P-3397,P-3397.jpg,P-3397_1.jpg,6619,,,READY_FOR_UPLOAD,
P-3398,P-3398,P-3398.jpg,P-3398_1.jpg,6619,,,READY_FOR_UPLOAD,
P-3399,P-3399,P-3399.jpg,P-3399_1.jpg,6619,,,READY_FOR_UPLOAD,
P-3400,P-3400,P-3400.jpg,P-3400_1.jpg,6619,,,READY_FOR_UPLOAD,
P-3401,P-3401,P-3401.jpg,P-3401_1.jpg,6619,,,READY_FOR_UPLOAD,
P-3402,P-3402,P-3402.jpg,P-3402_1.jpg,6619,,,READY_FOR_UPLOAD,
P-3403,P-3403,P-3403.jpg,P-3403_1.jpg,6619,,,READY_FOR_UPLOAD,
P-3404,P-3404,P-3404.jpg,P-3404_1.jpg,6619,,,READY_FOR_UPLOAD,
P-3405,P-3405,P-3405.jpg,P-3405_1.jpg,6619,,,READY_FOR_UPLOAD,
P-3406,P-3406,P-3406.jpg,P-3406_1.jpg,6619,,,READY_FOR_UPLOAD,
P-3407,P-3407,P-3407.jpg,P-3407_1.jpg,6619,,,READY_FOR_UPLOAD,
P-3408,P-3408,P-3408.jpg,P-3408_1.jpg,6609,,,READY_FOR_UPLOAD,
P-3409,P-3409,P-3409.jpg,P-3409_1.jpg,6619,,,READY_FOR_UPLOAD,
P-3410,P-3410,P-3410.jpg,P-3410_1.jpg,6619,,,READY_FOR_UPLOAD,
P-3411,P-3411,P-3411.jpg,P-3411_1.jpg,6619,,,READY_FOR_UPLOAD,
P-3412,P-3412,P-3412.jpg,P-3412_1.jpg,6619,,,READY_FOR_UPLOAD,
P-3413,P-3413,P-3413.jpg,P-3413_1.jpg,6619,,,READY_FOR_UPLOAD,
P-3414,P-3414,P-3414.jpg,P-3414_1.jpg,6619,,,READY_FOR_UPLOAD,
P-3415,P-3415,P-3415.jpg,P-3415_1.jpg,6619,,,READY_FOR_UPLOAD,
P-3416,P-3416,P-3416.jpg,P-3416_1.jpg,6619,,,READY_FOR_UPLOAD,
P-3417,P-3417,P-3417.jpg,P-3417_1.jpg,6619,,,READY_FOR_UPLOAD,
P-3418,P-3418,P-3418.jpg,P-3418_1.jpg,6619,,,READY_FOR_UPLOAD,
P-3419,P-3419,P-3419.jpg,P-3419_1.jpg,6619,,,READY_FOR_UPLOAD,
P-3420,P-3420,P-3420.jpg,P-3420_1.jpg,6619,,,READY_FOR_UPLOAD,
P-3421,P-3421,P-3421.jpg,P-3421_1.jpg,6619,,,READY_FOR_UPLOAD,
P-3422,P-3422,P-3422.jpg,P-3422_1.jpg,6619,,,READY_FOR_UPLOAD,
P-3423,P-3423,P-3423.jpg,P-3423_1.jpg,6619,,,READY_FOR_UPLOAD,
P-3424,P-3424,P-3424.jpg,P-3424_1.jpg,6619,,,READY_FOR_UPLOAD,
P-3425,P-3425,P-3425.jpg,P-3425_1.jpg,6619,,,READY_FOR_UPLOAD,
P-3426,P-3426,P-3426.jpg,P-3426_1.jpg,6619,,,READY_FOR_UPLOAD,
P-3427,P-3427,P-3427.jpg,P-3427_1.jpg,6619,,,READY_FOR_UPLOAD,
P-3428,P-3428,P-3428.jpg,P-3428_1.jpg,6619,,,READY_FOR_UPLOAD,
P-3429,P-3429,P-3429.jpg,P-3429_1.jpg,6619,,,READY_FOR_UPLOAD,
P-3430,P-3430,P-3430.jpg,P-3430_1.jpg,6619,,,READY_FOR_UPLOAD,
P-3431,P-3431,P-3431.jpg,P-3431_1.jpg,6610,,,READY_FOR_UPLOAD,
P-3432,P-3432,P-3432.jpg,P-3432_1.jpg,6609,,,READY_FOR_UPLOAD,
P-3433,P-3433,P-3433.jpg,P-3433_1.jpg,6619,,,READY_FOR_UPLOAD,
P-3434,P-3434,P-3434.jpg,P-3434_1.jpg,6619,,,READY_FOR_UPLOAD,
P-3435,P-3435,P-3435.jpg,P-3435_1.jpg,6619,,,READY_FOR_UPLOAD,
P-3436,P-3436,P-3436.jpg,P-3436_1.jpg,6619,,,READY_FOR_UPLOAD,
P-3437,P-3437,P-3437.jpg,P-3437_1.jpg,6619,,,READY_FOR_UPLOAD,
P-3438,P-3438,P-3438.jpg,P-3438_1.jpg,6619,,,READY_FOR_UPLOAD,
P-3439,P-3439,P-3439.jpg,P-3439_1.jpg,6619,,,READY_FOR_UPLOAD,
P-3440,P-3440,P-3440.jpg,P-3440_1.jpg,6619,,,READY_FOR_UPLOAD,
P-3441,P-3441,P-3441.jpg,P-3441_1.jpg,6619,,,READY_FOR_UPLOAD,
P-3442,P-3442,P-3442.jpg,P-3442_1.jpg,6619,,,READY_FOR_UPLOAD,
P-3443,P-3443,P-3443.jpg,P-3443_1.jpg,6619,,,READY_FOR_UPLOAD,
P-3444,P-3444,P-3444.jpg,P-3444_1.jpg,6619,,,READY_FOR_UPLOAD,
P-3445,P-3445,P-3445.jpg,P-3445_1.jpg,6619,,,READY_FOR_UPLOAD,
P-3446,P-3446,P-3446.jpg,P-3446_1.jpg,6619,,,READY_FOR_UPLOAD,
P-3447,P-3447,P-3447.jpg,P-3447_1.jpg,6619,,,READY_FOR_UPLOAD,
P-3448,P-3448,P-3448.jpg,P-3448_1.jpg,6619,,,READY_FOR_UPLOAD,
P-3449,P-3449,P-3449.jpg,P-3449_1.jpg,6619,,,READY_FOR_UPLOAD,
P-3450,P-3450,P-3450.jpg,P-3450_1.jpg,6619,,,READY_FOR_UPLOAD,
P-3451,P-3451,P-3451.jpg,P-3451_1.jpg,6619,,,READY_FOR_UPLOAD,
P-3452,P-3452,P-3452.jpg,P-3452_1.jpg,6619,,,READY_FOR_UPLOAD,
P-3453,P-3453,P-3453.jpg,P-3453_1.jpg,6619,,,READY_FOR_UPLOAD,
P-3454,P-3454,P-3454.jpg,P-3454_1.jpg,6619,,,READY_FOR_UPLOAD,
P-3455,P-3455,P-3455.jpg,P-3455_1.jpg,6619,,,READY_FOR_UPLOAD,
P-3456,P-3456,P-3456.jpg,P-3456_1.jpg,6619,,,READY_FOR_UPLOAD,
P-3457,P-3457,P-3457.jpg,P-3457_1.jpg,6619,,,READY_FOR_UPLOAD,
P-3458,P-3458,P-3458.jpg,P-3458_1.jpg,6619,,,READY_FOR_UPLOAD,
P-3459,P-3459,P-3459.jpg,P-3459_1.jpg,6619,,,READY_FOR_UPLOAD,
P-3460,P-3460,P-3460.jpg,P-3460_1.jpg,6619,,,READY_FOR_UPLOAD,
P-3461,P-3461,P-3461.jpg,P-3461_1.jpg,6619,,,READY_FOR_UPLOAD,
P-3462,P-3462,P-3462.jpg,P-3462_1.jpg,6619,,,READY_FOR_UPLOAD,
P-3463,P-3463,P-3463.jpg,P-3463_1.jpg,6619,,,READY_FOR_UPLOAD,
P-3464,P-3464,P-3464.jpg,P-3464_1.jpg,6619,,,READY_FOR_UPLOAD,
P-3465,P-3465,P-3465.jpg,P-3465_1.jpg,6619,,,READY_FOR_UPLOAD,
P-3466,P-3466,P-3466.jpg,P-3466_1.jpg,6619,,,READY_FOR_UPLOAD,
P-3467,P-3467,P-3467.jpg,P-3467_1.jpg,6619,,,READY_FOR_UPLOAD,
P-3468,P-3468,P-3468.jpg,P-3468_1.jpg,6609,,,READY_FOR_UPLOAD,
P-3469,P-3469,P-3469.jpg,P-3469_1.jpg,6619,,,READY_FOR_UPLOAD,
P-3470,P-3470,P-3470.jpg,P-3470_1.jpg,6619,,,READY_FOR_UPLOAD,
P-3471,P-3471,P-3471.jpg,P-3471_1.jpg,6619,,,READY_FOR_UPLOAD,
P-3472,P-3472,P-3472.jpg,P-3472_1.jpg,6619,,,READY_FOR_UPLOAD,
P-3473,P-3473,P-3473.jpg,P-3473_1.jpg,6619,,,READY_FOR_UPLOAD,
P-3474,P-3474,P-3474.jpg,P-3474_1.jpg,6619,,,READY_FOR_UPLOAD,
P-3475,P-3475,P-3475.jpg,P-3475_1.jpg,6619,,,READY_FOR_UPLOAD,
P-3476,P-3476,P-3476.jpg,P-3476_1.jpg,6619,,,READY_FOR_UPLOAD,
P-3477,P-3477,P-3477.jpg,P-3477_1.jpg,6619,,,READY_FOR_UPLOAD,
P-3478,P-3478,P-3478.jpg,P-3478_1.jpg,6619,,,READY_FOR_UPLOAD,
P-3479,P-3479,P-3479.jpg,P-3479_1.jpg,6619,,,READY_FOR_UPLOAD,
P-3480,P-3480,P-3480.jpg,P-3480_1.jpg,6619,,,READY_FOR_UPLOAD,
P-3481,P-3481,P-3481.jpg,P-3481_1.jpg,6619,,,READY_FOR_UPLOAD,
P-3482,P-3482,P-3482.jpg,P-3482_1.jpg,6619,,,READY_FOR_UPLOAD,
P-3483,P-3483,P-3483.jpg,P-3483_1.jpg,6619,,,READY_FOR_UPLOAD,
P-3484,P-3484,P-3484.jpg,P-3484_1.jpg,6619,,,READY_FOR_UPLOAD,
P-3485,P-3485,P-3485.jpg,P-3485_1.jpg,6619,,,READY_FOR_UPLOAD,
P-3486,P-3486,P-3486.jpg,P-3486_1.jpg,6619,,,READY_FOR_UPLOAD,
P-3487,P-3487,P-3487.jpg,P-3487_1.jpg,6619,,,READY_FOR_UPLOAD,
P-3488,P-3488,P-3488.jpg,P-3488_1.jpg,6609,,,READY_FOR_UPLOAD,
P-3489,P-3489,P-3489.jpg,P-3489_1.jpg,6619,,,READY_FOR_UPLOAD,
P-3490,P-3490,P-3490.jpg,P-3490_1.jpg,6619,,,READY_FOR_UPLOAD,
P-3491,P-3491,P-3491.jpg,P-3491_1.jpg,6619,,,READY_FOR_UPLOAD,
P-3492,P-3492,P-3492.jpg,P-3492_1.jpg,6619,,,READY_FOR_UPLOAD,
P-3493,P-3493,P-3493.jpg,P-3493_1.jpg,6619,,,READY_FOR_UPLOAD,
P-3494,P-3494,P-3494.jpg,P-3494_1.jpg,6619,,,READY_FOR_UPLOAD,
P-3495,P-3495,P-3495.jpg,P-3495_1.jpg,6619,,,READY_FOR_UPLOAD,
P-3496,P-3496,P-3496.jpg,P-3496_1.jpg,6619,,,READY_FOR_UPLOAD,
P-3497,P-3497,P-3497.jpg,P-3497_1.jpg,6619,,,READY_FOR_UPLOAD,
P-3498,P-3498,P-3498.jpg,P-3498_1.jpg,6619,,,READY_FOR_UPLOAD,
P-3499,P-3499,P-3499.jpg,P-3499_1.jpg,6619,,,READY_FOR_UPLOAD,
P-3500,P-3500,P-3500.jpg,P-3500_1.jpg,6619,,,READY_FOR_UPLOAD,
P-3501,P-3501,P-3501.jpg,P-3501_1.jpg,6619,,,READY_FOR_UPLOAD,
P-3502,P-3502,P-3502.jpg,P-3502_1.jpg,6619,,,READY_FOR_UPLOAD,
P-3503,P-3503,P-3503.jpg,P-3503_1.jpg,6619,,,READY_FOR_UPLOAD,
P-3504,P-3504,P-3504.jpg,P-3504_1.jpg,6619,,,READY_FOR_UPLOAD,
P-3505,P-3505,P-3505.jpg,P-3505_1.jpg,6619,,,READY_FOR_UPLOAD,
P-3506,P-3506,P-3506.jpg,P-3506_1.jpg,6619,,,READY_FOR_UPLOAD,
P-3507,P-3507,P-3507.jpg,P-3507_1.jpg,6619,,,READY_FOR_UPLOAD,
P-3508,P-3508,P-3508.jpg,P-3508_1.jpg,6619,,,READY_FOR_UPLOAD,
P-3509,P-3509,P-3509.jpg,P-3509_1.jpg,6619,,,READY_FOR_UPLOAD,
P-3510,P-3510,P-3510.jpg,P-3510_1.jpg,6619,,,READY_FOR_UPLOAD,
P-3511,P-3511,P-3511.jpg,P-3511_1.jpg,6619,,,READY_FOR_UPLOAD,
P-3512,P-3512,P-3512.jpg,P-3512_1.jpg,6619,,,READY_FOR_UPLOAD,
P-3513,P-3513,P-3513.jpg,P-3513_1.jpg,6619,,,READY_FOR_UPLOAD,
P-3514,P-3514,P-3514.jpg,P-3514_1.jpg,6619,,,READY_FOR_UPLOAD,
P-3515,P-3515,P-3515.jpg,P-3515_1.jpg,6619,,,READY_FOR_UPLOAD,
P-3516,P-3516,P-3516.jpg,P-3516_1.jpg,6619,,,READY_FOR_UPLOAD,
P-3517,P-3517,P-3517.jpg,P-3517_1.jpg,6619,,,READY_FOR_UPLOAD,
P-3518,P-3518,P-3518.jpg,P-3518_1.jpg,6619,,,READY_FOR_UPLOAD,
P-3519,P-3519,P-3519.jpg,P-3519_1.jpg,6619,,,READY_FOR_UPLOAD,
P-3520,P-3520,P-3520.jpg,P-3520_1.jpg,6619,,,READY_FOR_UPLOAD,
P-3521,P-3521,P-3521.jpg,P-3521_1.jpg,6619,,,READY_FOR_UPLOAD,
P-3522,P-3522,P-3522.jpg,P-3522_1.jpg,6619,,,READY_FOR_UPLOAD,
P-3523,P-3523,P-3523.jpg,P-3523_1.jpg,6619,,,READY_FOR_UPLOAD,
P-3524,P-3524,P-3524.jpg,P-3524_1.jpg,6609,,,READY_FOR_UPLOAD,
P-3525,P-3525,P-3525.jpg,P-3525_1.jpg,6619,,,READY_FOR_UPLOAD,
P-3526,P-3526,P-3526.jpg,P-3526_1.jpg,6619,,,READY_FOR_UPLOAD,
P-3527,P-3527,P-3527.jpg,P-3527_1.jpg,6619,,,READY_FOR_UPLOAD,
P-3528,P-3528,P-3528.jpg,P-3528_1.jpg,6619,,,READY_FOR_UPLOAD,
P-3529,P-3529,P-3529.jpg,P-3529_1.jpg,6619,,,READY_FOR_UPLOAD,
P-3530,P-3530,P-3530.jpg,P-3530_1.jpg,6619,,,READY_FOR_UPLOAD,
P-3531,P-3531,P-3531.jpg,P-3531_1.jpg,6619,,,READY_FOR_UPLOAD,
P-3532,P-3532,P-3532.jpg,P-3532_1.jpg,6619,,,READY_FOR_UPLOAD,
P-3533,P-3533,P-3533.jpg,P-3533_1.jpg,6619,,,READY_FOR_UPLOAD,
P-3534,P-3534,P-3534.jpg,P-3534_1.jpg,6619,,,READY_FOR_UPLOAD,
P-3535,P-3535,P-3535.jpg,P-3535_1.jpg,6619,,,READY_FOR_UPLOAD,
P-3536,P-3536,P-3536.jpg,P-3536_1.jpg,6619,,,READY_FOR_UPLOAD,
P-3537,P-3537,P-3537.jpg,P-3537_1.jpg,6619,,,READY_FOR_UPLOAD,
P-3538,P-3538,P-3538.jpg,P-3538_1.jpg,6619,,,READY_FOR_UPLOAD,
P-3539,P-3539,P-3539.jpg,P-3539_1.jpg,6619,,,READY_FOR_UPLOAD,
P-3540,P-3540,P-3540.jpg,P-3540_1.jpg,6619,,,READY_FOR_UPLOAD,
P-3541,P-3541,P-3541.jpg,P-3541_1.jpg,6619,,,READY_FOR_UPLOAD,
P-3542,P-3542,P-3542.jpg,P-3542_1.jpg,6619,,,READY_FOR_UPLOAD,
P-3543,P-3543,P-3543.jpg,P-3543_1.jpg,6619,,,READY_FOR_UPLOAD,
P-3544,P-3544,P-3544.jpg,P-3544_1.jpg,6619,,,READY_FOR_UPLOAD,
P-3545,P-3545,P-3545.jpg,P-3545_1.jpg,6609,,,READY_FOR_UPLOAD,
P-3546,P-3546,P-3546.jpg,P-3546_1.jpg,6619,,,READY_FOR_UPLOAD,
P-3547,P-3547,P-3547.jpg,P-3547_1.jpg,6619,,,READY_FOR_UPLOAD,
P-3548,P-3548,P-3548.jpg,P-3548_1.jpg,6619,,,READY_FOR_UPLOAD,
P-3549,P-3549,P-3549.jpg,P-3549_1.jpg,6619,,,READY_FOR_UPLOAD,
P-3550,P-3550,P-3550.jpg,P-3550_1.jpg,6619,,,READY_FOR_UPLOAD,
P-3551,P-3551,P-3551.jpg,P-3551_1.jpg,6609,,,READY_FOR_UPLOAD,
P-3552,P-3552,P-3552.jpg,P-3552_1.jpg,6609,,,READY_FOR_UPLOAD,
P-3553,P-3553,P-3553.jpg,P-3553_1.jpg,6619,,,READY_FOR_UPLOAD,
P-3554,P-3554,P-3554.jpg,P-3554_1.jpg,6619,,,READY_FOR_UPLOAD,
P-3555,P-3555,P-3555.jpg,P-3555_1.jpg,6619,,,READY_FOR_UPLOAD,
P-3556,P-3556,P-3556.jpg,P-3556_1.jpg,6619,,,READY_FOR_UPLOAD,
P-3557,P-3557,P-3557.jpg,P-3557_1.jpg,6619,,,READY_FOR_UPLOAD,
P-3558,P-3558,P-3558.jpg,P-3558_1.jpg,6619,,,READY_FOR_UPLOAD,
P-3559,P-3559,P-3559.jpg,P-3559_1.jpg,6619,,,READY_FOR_UPLOAD,
P-3560,P-3560,P-3560.jpg,P-3560_1.jpg,6619,,,READY_FOR_UPLOAD,
P-3561,P-3561,P-3561.jpg,P-3561_1.jpg,6619,,,READY_FOR_UPLOAD,
P-3562,P-3562,P-3562.jpg,P-3562_1.jpg,6619,,,READY_FOR_UPLOAD,
P-3563,P-3563,P-3563.jpg,P-3563_1.jpg,6619,,,READY_FOR_UPLOAD,
P-3564,P-3564,P-3564.jpg,P-3564_1.jpg,6619,,,READY_FOR_UPLOAD,
P-3565,P-3565,P-3565.jpg,P-3565_1.jpg,6619,,,READY_FOR_UPLOAD,
P-3566,P-3566,P-3566.jpg,P-3566_1.jpg,6619,,,READY_FOR_UPLOAD,
P-3567,P-3567,P-3567.jpg,P-3567_1.jpg,6619,,,READY_FOR_UPLOAD,
P-3568,P-3568,P-3568.jpg,P-3568_1.jpg,6619,,,READY_FOR_UPLOAD,
P-3569,P-3569,P-3569.jpg,P-3569_1.jpg,6609,,,READY_FOR_UPLOAD,
P-3570,P-3570,P-3570.jpg,P-3570_1.jpg,6619,,,READY_FOR_UPLOAD,
P-3571,P-3571,P-3571.jpg,P-3571_1.jpg,6619,,,READY_FOR_UPLOAD,
P-3572,P-3572,P-3572.jpg,P-3572_1.jpg,6619,,,READY_FOR_UPLOAD,
P-3573,P-3573,P-3573.jpg,P-3573_1.jpg,6619,,,READY_FOR_UPLOAD,
P-3574,P-3574,P-3574.jpg,P-3574_1.jpg,6619,,,READY_FOR_UPLOAD,
P-3575,P-3575,P-3575.jpg,P-3575_1.jpg,6619,,,READY_FOR_UPLOAD,
P-3576,P-3576,P-3576.jpg,P-3576_1.jpg,6619,,,READY_FOR_UPLOAD,
P-3577,P-3577,P-3577.jpg,P-3577_1.jpg,6619,,,READY_FOR_UPLOAD,
P-3578,P-3578,P-3578.jpg,P-3578_1.jpg,6619,,,READY_FOR_UPLOAD,
P-3579,P-3579,P-3579.jpg,P-3579_1.jpg,6619,,,READY_FOR_UPLOAD,
P-3580,P-3580,P-3580.jpg,P-3580_1.jpg,6619,,,READY_FOR_UPLOAD,
P-3581,P-3581,P-3581.jpg,P-3581_1.jpg,6619,,,READY_FOR_UPLOAD,
P-3582,P-3582,P-3582.jpg,P-3582_1.jpg,6619,,,READY_FOR_UPLOAD,
P-3583,P-3583,P-3583.jpg,P-3583_1.jpg,6619,,,READY_FOR_UPLOAD,
P-3584,P-3584,P-3584.jpg,P-3584_1.jpg,6619,,,READY_FOR_UPLOAD,
P-3585,P-3585,P-3585.jpg,P-3585_1.jpg,6619,,,READY_FOR_UPLOAD,
P-3586,P-3586,P-3586.jpg,P-3586_1.jpg,6619,,,READY_FOR_UPLOAD,
P-3587,P-3587,P-3587.jpg,P-3587_1.jpg,6619,,,READY_FOR_UPLOAD,
P-3588,P-3588,P-3588.jpg,P-3588_1.jpg,6619,,,READY_FOR_UPLOAD,
P-3589,P-3589,P-3589.jpg,P-3589_1.jpg,6619,,,READY_FOR_UPLOAD,
P-3590,P-3590,P-3590.jpg,P-3590_1.jpg,6619,,,READY_FOR_UPLOAD,
P-3591,P-3591,P-3591.jpg,P-3591_1.jpg,6619,,,READY_FOR_UPLOAD,
P-3592,P-3592,P-3592.jpg,P-3592_1.jpg,6619,,,READY_FOR_UPLOAD,
P-3593,P-3593,P-3593.jpg,P-3593_1.jpg,6619,,,READY_FOR_UPLOAD,
P-3594,P-3594,P-3594.jpg,P-3594_1.jpg,6619,,,READY_FOR_UPLOAD,
P-3595,P-3595,P-3595.jpg,P-3595_1.jpg,6619,,,READY_FOR_UPLOAD,
P-3596,P-3596,P-3596.jpg,P-3596_1.jpg,6619,,,READY_FOR_UPLOAD,
P-3597,P-3597,P-3597.jpg,P-3597_1.jpg,6619,,,READY_FOR_UPLOAD,
P-3598,P-3598,P-3598.jpg,P-3598_1.jpg,6619,,,READY_FOR_UPLOAD,
P-3599,P-3599,P-3599.jpg,P-3599_1.jpg,6619,,,READY_FOR_UPLOAD,
P-3600,P-3600,P-3600.jpg,P-3600_1.jpg,6619,,,READY_FOR_UPLOAD,
P-3601,P-3601,P-3601.jpg,P-3601_1.jpg,6619,,,READY_FOR_UPLOAD,
P-3602,P-3602,P-3602.jpg,P-3602_1.jpg,6619,,,READY_FOR_UPLOAD,
P-3603,P-3603,P-3603.jpg,P-3603_1.jpg,6619,,,READY_FOR_UPLOAD,
P-3604,P-3604,P-3604.jpg,P-3604_1.jpg,6619,,,READY_FOR_UPLOAD,
P-3605,P-3605,P-3605.jpg,P-3605_1.jpg,6619,,,READY_FOR_UPLOAD,
P-3606,P-3606,P-3606.jpg,P-3606_1.jpg,6619,,,READY_FOR_UPLOAD,
P-3607,P-3607,P-3607.jpg,P-3607_1.jpg,6619,,,READY_FOR_UPLOAD,
P-3608,P-3608,P-3608.jpg,P-3608_1.jpg,6619,,,READY_FOR_UPLOAD,
P-3609,P-3609,P-3609.jpg,P-3609_1.jpg,6619,,,READY_FOR_UPLOAD,
P-3610,P-3610,P-3610.jpg,P-3610_1.jpg,6619,,,READY_FOR_UPLOAD,
P-3611,P-3611,P-3611.jpg,P-3611_1.jpg,6619,,,READY_FOR_UPLOAD,
P-3612,P-3612,P-3612.jpg,P-3612_1.jpg,6619,,,READY_FOR_UPLOAD,
P-3613,P-3613,P-3613.jpg,P-3613_1.jpg,6619,,,READY_FOR_UPLOAD,
P-3614,P-3614,P-3614.jpg,P-3614_1.jpg,6619,,,READY_FOR_UPLOAD,
P-3615,P-3615,P-3615.jpg,P-3615_1.jpg,6619,,,READY_FOR_UPLOAD,
P-3616,P-3616,P-3616.jpg,P-3616_1.jpg,262144,,,READY_FOR_UPLOAD,
P-3617,P-3617,P-3617.jpg,P-3617_1.jpg,6619,,,READY_FOR_UPLOAD,
P-3618,P-3618,P-3618.jpg,P-3618_1.jpg,6619,,,READY_FOR_UPLOAD,
P-3619,P-3619,P-3619.jpg,P-3619_1.jpg,6619,,,READY_FOR_UPLOAD,
P-3620,P-3620,P-3620.jpg,P-3620_1.jpg,6619,,,READY_FOR_UPLOAD,
P-3621,P-3621,P-3621.jpg,P-3621_1.jpg,6619,,,READY_FOR_UPLOAD,
P-3622,P-3622,P-3622.jpg,P-3622_1.jpg,6619,,,READY_FOR_UPLOAD,
P-3623,P-3623,P-3623.jpg,P-3623_1.jpg,6619,,,READY_FOR_UPLOAD,
P-3624,P-3624,P-3624.jpg,P-3624_1.jpg,6609,,,READY_FOR_UPLOAD,
P-3625,P-3625,P-3625.jpg,P-3625_1.jpg,6619,,,READY_FOR_UPLOAD,
P-3626,P-3626,P-3626.jpg,P-3626_1.jpg,6619,,,READY_FOR_UPLOAD,
P-3627,P-3627,P-3627.jpg,P-3627_1.jpg,6619,,,READY_FOR_UPLOAD,
P-3628,P-3628,P-3628.jpg,P-3628_1.jpg,6619,,,READY_FOR_UPLOAD,
P-3629,P-3629,P-3629.jpg,P-3629_1.jpg,262144,,,READY_FOR_UPLOAD,
P-3630,P-3630,P-3630.jpg,P-3630_1.jpg,262144,,,READY_FOR_UPLOAD,
P-3631,P-3631,P-3631.jpg,P-3631_1.jpg,262144,,,READY_FOR_UPLOAD,
P-3632,P-3632,P-3632.jpg,P-3632_1.jpg,262144,,,READY_FOR_UPLOAD,
P-3633,P-3633,P-3633.jpg,P-3633_1.jpg,262144,,,READY_FOR_UPLOAD,
P-3634,P-3634,P-3634.jpg,P-3634_1.jpg,262144,,,READY_FOR_UPLOAD,
P-3635,P-3635,P-3635.jpg,P-3635_1.jpg,6619,,,READY_FOR_UPLOAD,
P-3636,P-3636,P-3636.jpg,P-3636_1.jpg,6619,,,READY_FOR_UPLOAD,
P-3637,P-3637,P-3637.jpg,P-3637_1.jpg,6619,,,READY_FOR_UPLOAD,
P-3638,P-3638,P-3638.jpg,P-3638_1.jpg,6619,,,READY_FOR_UPLOAD,
P-3639,P-3639,P-3639.jpg,P-3639_1.jpg,6619,,,READY_FOR_UPLOAD,
P-3640,P-3640,P-3640.jpg,P-3640_1.jpg,6619,,,READY_FOR_UPLOAD,
P-3641,P-3641,P-3641.jpg,P-3641_1.jpg,6619,,,READY_FOR_UPLOAD,
P-3642,P-3642,P-3642.jpg,P-3642_1.jpg,6619,,,READY_FOR_UPLOAD,
P-3643,P-3643,P-3643.jpg,P-3643_1.jpg,6619,,,READY_FOR_UPLOAD,
P-3644,P-3644,P-3644.jpg,P-3644_1.jpg,6619,,,READY_FOR_UPLOAD,
P-3645,P-3645,P-3645.jpg,P-3645_1.jpg,6619,,,READY_FOR_UPLOAD,
P-3646,P-3646,P-3646.jpg,P-3646_1.jpg,6609,,,READY_FOR_UPLOAD,
P-3647,P-3647,P-3647.jpg,P-3647_1.jpg,6619,,,READY_FOR_UPLOAD,
P-3648,P-3648,P-3648.jpg,P-3648_1.jpg,6619,,,READY_FOR_UPLOAD,
P-3649,P-3649,P-3649.jpg,P-3649_1.jpg,6619,,,READY_FOR_UPLOAD,
P-3650,P-3650,P-3650.jpg,P-3650_1.jpg,6619,,,READY_FOR_UPLOAD,
P-3651,P-3651,P-3651.jpg,P-3651_1.jpg,6619,,,READY_FOR_UPLOAD,
P-3652,P-3652,P-3652.jpg,P-3652_1.jpg,6609,,,READY_FOR_UPLOAD,
